"Kernel Name","void kernel_streaming_live_fp4pv<config_fp4pv_3wg_dual_score_direct_pscale_scorepack_prescaled_floor_x1sc_fusedmax_qkscfix_diagzero_prepub_earlyreuse_arrivereuse_pscreusefold_skippscarrive_dualaccum_directrescale_decoupled_pstage2_pregs_force_persistent<(int)128, (int)128, (int)192, (int)128, (int)200, (int)56, (int)112, (int)1>, (bool)1, (int)-1, (bool)0, (bool)1>(std::conditional<T5, globals_fp4pv_mxfp4_dv<T1, T2>, globals_fp4pv<T1, T2||!(bool)1>>::type, int, int, int)",
"Address","Source","Instructions Executed"
"0xfff934205280","      LDC R1, c[0x0][0x37c]","6144"
"0xfff934205290","      LDCU UR4, c[0x0][0x718]","6144"
"0xfff9342052a0","      UMOV UR6, 0x1","6144"
"0xfff9342052b0","      UISETP.GT.AND UP0, UPT, UR4, 0x14000, UPT","6144"
"0xfff9342052c0","      BRA.U UP0, 0xfff9342054d0","6144"
"0xfff9342052d0","      UIMAD UR6, UR4, 0x280, URZ","6144"
"0xfff9342052e0","      UMOV UR4, URZ","6144"
"0xfff9342052f0","      IMAD.U32 R3, RZ, RZ, UR6","6144"
"0xfff934205300","      IABS R0, R3","6144"
"0xfff934205310","      IABS R3, R3","6144"
"0xfff934205320","      R2UR UR8, R0","6144"
"0xfff934205330","      IMAD.MOV R3, RZ, RZ, -R3","6144"
"0xfff934205340","      I2F.RP R0, UR8","6144"
"0xfff934205350","      MUFU.RCP R0, R0","6144"
"0xfff934205360","      VIADD R2, R0, 0xffffffe","6144"
"0xfff934205370","      F2I.FTZ.U32.TRUNC.NTZ R2, R2","6144"
"0xfff934205380","      R2UR UR5, R2","6144"
"0xfff934205390","      UIADD3 UR7, UPT, UPT, URZ, -UR5, URZ","6144"
"0xfff9342053a0","      UIMAD UR7, UR7, UR8, URZ","6144"
"0xfff9342053b0","      UIMAD.WIDE.U32 UR4, UR5, UR7, UR4","6144"
"0xfff9342053c0","      R2UR UR7, R3","6144"
"0xfff9342053d0","      UIMAD.WIDE.U32 UR4, UR5, 0x3200000, URZ","6144"
"0xfff9342053e0","      UIMAD UR4, UR5, UR7, 0x3200000","6144"
"0xfff9342053f0","      UISETP.GT.U32.AND UP1, UPT, UR8, UR4, UPT","6144"
"0xfff934205400","@!UP1 UIADD3 UR4, UPT, UPT, UR4, -UR8, URZ","6144"
"0xfff934205410","@!UP1 UIADD3 UR5, UPT, UPT, UR5, 0x1, URZ","6144"
"0xfff934205420","      UISETP.GE.U32.AND UP0, UPT, UR4, UR8, UPT","6144"
"0xfff934205430","      ULOP3.LUT UR4, UR6, 0x3200000, URZ, 0x3c, !UPT","6144"
"0xfff934205440","      UISETP.GE.AND UP1, UPT, UR4, URZ, UPT","6144"
"0xfff934205450","@UP0  UIADD3 UR5, UPT, UPT, UR5, 0x1, URZ","6144"
"0xfff934205460","      UISETP.NE.AND UP0, UPT, UR6, URZ, UPT","6144"
"0xfff934205470","@!UP1 UIADD3 UR5, UPT, UPT, -UR5, URZ, URZ","6144"
"0xfff934205480","@!UP0 ULOP3.LUT UR5, URZ, UR6, URZ, 0x33, !UPT","6144"
"0xfff934205490","      UMOV UR6, 0x80000000","6144"
"0xfff9342054a0","      UFLO.U32 UR5, UR5","6144"
"0xfff9342054b0","      UIADD3 UR5, UPT, UPT, -UR5, 0x1f, URZ","6144"
"0xfff9342054c0","      USHF.R.U32.HI UR6, URZ, UR5, UR6","6144"
"0xfff9342054d0","      IABS R0, UR6","6144"
"0xfff9342054e0","      LDCU UR44, c[0x0][0x390]","6144"
"0xfff9342054f0","      R2UR UR9, R0","6144"
"0xfff934205500","      LDCU UR4, c[0x0][0x388]","6144"
"0xfff934205510","      LDCU.64 UR40, c[0x0][0x358]","6144"
"0xfff934205520","      I2F.RP R0, UR9","6144"
"0xfff934205530","      UIMAD UR44, UR44, UR4, URZ","6144"
"0xfff934205540","      UMOV UR4, URZ","6144"
"0xfff934205550","      IMAD.U32 R3, RZ, RZ, UR44","6144"
"0xfff934205560","      MUFU.RCP R0, R0","6144"
"0xfff934205570","      IABS R3, R3","6144"
"0xfff934205580","      R2UR UR8, R3","6144"
"0xfff934205590","      VIADD R2, R0, 0xffffffe","6144"
"0xfff9342055a0","      IABS R0, UR6","6144"
"0xfff9342055b0","      F2I.FTZ.U32.TRUNC.NTZ R2, R2","6144"
"0xfff9342055c0","      IMAD.MOV R0, RZ, RZ, -R0","6144"
"0xfff9342055d0","      R2UR UR5, R2","6144"
"0xfff9342055e0","      UIADD3 UR7, UPT, UPT, URZ, -UR5, URZ","6144"
"0xfff9342055f0","      UIMAD UR7, UR7, UR9, URZ","6144"
"0xfff934205600","      UIMAD.WIDE.U32 UR4, UR5, UR7, UR4","6144"
"0xfff934205610","      R2UR UR7, R0","6144"
"0xfff934205620","      UIMAD.WIDE.U32 UR4, UR5, UR8, URZ","6144"
"0xfff934205630","      S2R R0, SR_TID.X","6144"
"0xfff934205640","      UIMAD UR4, UR5, UR7, UR8","6144"
"0xfff934205650","      LDCU UR8, c[0x0][0x398]","6144"
"0xfff934205660","      UISETP.GT.U32.AND UP1, UPT, UR9, UR4, UPT","6144"
"0xfff934205670","@!UP1 UIADD3 UR4, UPT, UPT, UR4, -UR9, URZ","6144"
"0xfff934205680","@!UP1 UIADD3 UR5, UPT, UPT, UR5, 0x1, URZ","6144"
"0xfff934205690","      UISETP.GE.U32.AND UP0, UPT, UR4, UR9, UPT","6144"
"0xfff9342056a0","      ISETP.GT.U32.AND P0, PT, R0, 0x1f, PT","6144"
"0xfff9342056b0","      ULOP3.LUT UR4, UR44, UR6, URZ, 0x3c, !UPT","6144"
"0xfff9342056c0","      UISETP.GE.AND UP1, UPT, UR4, URZ, UPT","6144"
"0xfff9342056d0","      USHF.R.S32.HI UR4, URZ, 0x1f, UR8","6144"
"0xfff9342056e0","@UP0  UIADD3 UR5, UPT, UPT, UR5, 0x1, URZ","6144"
"0xfff9342056f0","      UISETP.NE.AND UP0, UPT, UR6, URZ, UPT","6144"
"0xfff934205700","      ULEA.HI UR4, UR4, UR8, URZ, 0x7","6144"
"0xfff934205710","      UMOV UR7, UR5","6144"
"0xfff934205720","      USHF.R.S32.HI UR15, URZ, 0x7, UR4","6144"
"0xfff934205730","@!UP1 UIADD3 UR7, UPT, UPT, -UR7, URZ, URZ","6144"
"0xfff934205740","      UIMAD UR22, UR15, UR6, URZ","6144"
"0xfff934205750","@!UP0 ULOP3.LUT UR7, URZ, UR6, URZ, 0x33, !UPT","6144"
"0xfff934205760","      UIADD3 UR23, UPT, UPT, -UR7, URZ, URZ","6144"
"0xfff934205770","      UIMAD UR23, UR6, UR23, UR44","6144"
"0xfff934205780","@P0   BRA 0xfff934205a80","6144"
"0xfff934205790","      S2R R3, SR_CgaCtaId","512"
"0xfff9342057a0","      MOV R2, 0x40","512"
"0xfff9342057b0","      WARPSYNC.ALL","512"
"0xfff9342057c0","      S2R R5, SR_SWINHI","512"
"0xfff9342057d0","      LEA R4, R3, R2, 0x18","512"
"0xfff9342057e0","      MOV R2, 0x400","512"
"0xfff9342057f0","      LDS.U8 R6, [R4+0x1c]","512"
"0xfff934205800","      VIADD R2, R2, 0x760","512"
"0xfff934205810","      LEA R2, R3, R2, 0x18","512"
"0xfff934205820","      MOV R2, R2","512"
"0xfff934205830","      MOV R3, R5","512"
"0xfff934205840","      ISETP.NE.AND P0, PT, R6, RZ, PT","512"
"0xfff934205850","@P0   BRA 0xfff9342059c0","512"
"0xfff934205860","      ELECT P0, URZ, PT","512"
"0xfff934205870","@!P0  BRA 0xfff934205a00","512"
"0xfff934205880","      UMOV UR4, 0x10","512"
"0xfff934205890","      IMAD.MOV.U32 R6, RZ, RZ, 0xffff","512"
"0xfff9342058a0","      IMAD.MOV.U32 R8, RZ, RZ, 0x1","512"
"0xfff9342058b0","      DEPBAR.LE SB1, 0x36","512"
"0xfff9342058c0","      UTCATOMSWS.FIND_AND_SET.ALIGN UP0, UR4, UR4","512"
"0xfff9342058d0","      IMAD.U32 R3, RZ, RZ, UR4","512"
"0xfff9342058e0","      BRA.U UP0, 0xfff934205950","512"
"0xfff9342058f0","      NANOSLEEP 0x64","0"
"0xfff934205900","      UMOV UR4, 0x10","0"
"0xfff934205910","      DEPBAR.LE SB1, 0x36","0"
"0xfff934205920","      UTCATOMSWS.FIND_AND_SET.ALIGN UP0, UR4, UR4","0"
"0xfff934205930","      IMAD.U32 R3, RZ, RZ, UR4","0"
"0xfff934205940","      BRA.U !UP0, 0xfff9342058f0","0"
"0xfff934205950","      SHF.L.U32 R5, R6, R3, RZ","512"
"0xfff934205960","      SHF.L.U32 R7, R8, R3, RZ","512"
"0xfff934205970","      IMAD.SHL.U32 R3, R3, 0x20, RZ","512"
"0xfff934205980","      ATOMS.OR RZ, [R4+0x14], R5","512"
"0xfff934205990","      ATOMS.OR RZ, [R4+0x18], R7","512"
"0xfff9342059a0","      STS [R2], R3","512"
"0xfff9342059b0","      BRA 0xfff934205a00","512"
"0xfff9342059c0","      IMAD.MOV.U32 R3, RZ, RZ, -0x1","0"
"0xfff9342059d0","      MOV R4, 0x780","0"
"0xfff9342059e0","      STS [R2], R3","0"
"0xfff9342059f0","      CALL.REL.NOINC 0xfff934216670","0"
"0xfff934205a00","      WARPSYNC.ALL","1024"
"0xfff934205a10","      S2UR UR5, SR_CgaCtaId","512"
"0xfff934205a20","      ELECT P0, URZ, PT","512"
"0xfff934205a30","      IMAD.MOV.U32 R2, RZ, RZ, 0x1","512"
"0xfff934205a40","      UMOV UR4, 0x40","512"
"0xfff934205a50","      UVIRTCOUNT.DEALLOC.SMPOOL 0x80","512"
"0xfff934205a60","      ULEA UR4, UR5, UR4, 0x18","512"
"0xfff934205a70","@P0   STS.U8 [UR4+0x1c], R2","512"
"0xfff934205a80","      NOP","6144"
"0xfff934205a90","      WARPSYNC.ALL","6144"
"0xfff934205aa0","      S2UR UR4, SR_CgaCtaId","6144"
"0xfff934205ab0","      UMOV UR24, 0x400","6144"
"0xfff934205ac0","      BAR.SYNC.DEFER_BLOCKING 0x0","6144"
"0xfff934205ad0","      ISETP.NE.AND P0, PT, R0, RZ, PT","6144"
"0xfff934205ae0","      S2UR UR8, SR_SWINHI","6144"
"0xfff934205af0","      BSSY.RECONVERGENT B0, 0xfff934206740","6144"
"0xfff934205b00","      IMAD.U32 R2, RZ, RZ, UR4","6144"
"0xfff934205b10","      UIADD3 UR4, UPT, UPT, UR24, 0x770, URZ","6144"
"0xfff934205b20","      NOP","6144"
"0xfff934205b30","      R2UR UR33, R2","6144"
"0xfff934205b40","      ULEA UR4, UR33, UR4, 0x18","6144"
"0xfff934205b50","      ULEA UR33, UR33, UR24, 0x18","6144"
"0xfff934205b60","      UMOV UR4, UR4","6144"
"0xfff934205b70","      UMOV UR5, UR8","6144"
"0xfff934205b80","      ULOP3.LUT UP0, URZ, UR4, 0x3ff, URZ, 0xc0, !UPT","6144"
"0xfff934205b90","      UMOV UR26, UR4","6144"
"0xfff934205ba0","      UMOV UR27, UR5","6144"
"0xfff934205bb0","      LDS R4, [UR33+0x760]","6144"
"0xfff934205bc0","@UP0  ULOP3.LUT UR8, UR4, 0xfffffc00, URZ, 0xc0, !UPT","6144"
"0xfff934205bd0","@UP0  UIADD3 UR26, UP1, UPT, UR8, 0x400, URZ","6144"
"0xfff934205be0","      UIADD3 UR25, UP6, UPT, UR26, 0x3000, URZ","6144"
"0xfff934205bf0","@UP0  UIADD3.X UR27, UPT, UPT, URZ, UR5, URZ, UP1, !UPT","6144"
"0xfff934205c00","      ULOP3.LUT UP5, URZ, UR25, 0x3ff, URZ, 0xc0, !UPT","6144"
"0xfff934205c10","      UIADD3.X UR29, UPT, UPT, URZ, UR27, URZ, UP6, !UPT","6144"
"0xfff934205c20","@UP5  ULOP3.LUT UR4, UR25, 0xfffffc00, URZ, 0xc0, !UPT","6144"
"0xfff934205c30","@UP5  UIADD3 UR25, UP4, UPT, UR4, 0x400, URZ","6144"
"0xfff934205c40","      UIADD3 UR28, UP3, UPT, UR25, 0x800, URZ","6144"
"0xfff934205c50","@UP5  UIADD3.X UR29, UPT, UPT, URZ, UR29, URZ, UP4, !UPT","6144"
"0xfff934205c60","      ULOP3.LUT UP2, URZ, UR28, 0x3ff, URZ, 0xc0, !UPT","6144"
"0xfff934205c70","      UIADD3.X UR31, UPT, UPT, URZ, UR29, URZ, UP3, !UPT","6144"
"0xfff934205c80","@UP2  ULOP3.LUT UR4, UR28, 0xfffffc00, URZ, 0xc0, !UPT","6144"
"0xfff934205c90","@UP2  UIADD3 UR28, UP1, UPT, UR4, 0x400, URZ","6144"
"0xfff934205ca0","      UIADD3 UR38, UP0, UPT, UR28, 0x3000, URZ","6144"
"0xfff934205cb0","@UP2  UIADD3.X UR31, UPT, UPT, URZ, UR31, URZ, UP1, !UPT","6144"
"0xfff934205cc0","      ULOP3.LUT UP6, URZ, UR38, 0x3ff, URZ, 0xc0, !UPT","6144"
"0xfff934205cd0","      UIADD3.X UR39, UPT, UPT, URZ, UR31, URZ, UP0, !UPT","6144"
"0xfff934205ce0","@UP6  ULOP3.LUT UR4, UR38, 0xfffffc00, URZ, 0xc0, !UPT","6144"
"0xfff934205cf0","@UP6  UIADD3 UR38, UP0, UPT, UR4, 0x400, URZ","6144"
"0xfff934205d00","      UIADD3 UR36, UP2, UPT, UR38, 0x1000, URZ","6144"
"0xfff934205d10","@UP6  UIADD3.X UR39, UPT, UPT, URZ, UR39, URZ, UP0, !UPT","6144"
"0xfff934205d20","      ULOP3.LUT UP0, URZ, UR36, 0x3ff, URZ, 0xc0, !UPT","6144"
"0xfff934205d30","      UIADD3.X UR37, UPT, UPT, URZ, UR39, URZ, UP2, !UPT","6144"
"0xfff934205d40","@UP0  ULOP3.LUT UR4, UR36, 0xfffffc00, URZ, 0xc0, !UPT","6144"
"0xfff934205d50","@UP0  UIADD3 UR36, UP3, UPT, UR4, 0x400, URZ","6144"
"0xfff934205d60","      UIADD3 UR36, UP4, UPT, UR36, 0x400, URZ","6144"
"0xfff934205d70","@UP0  UIADD3.X UR37, UPT, UPT, URZ, UR37, URZ, UP3, !UPT","6144"
"0xfff934205d80","      ULOP3.LUT UP1, URZ, UR36, 0x3ff, URZ, 0xc0, !UPT","6144"
"0xfff934205d90","      UIADD3.X UR37, UPT, UPT, URZ, UR37, URZ, UP4, !UPT","6144"
"0xfff934205da0","@UP1  ULOP3.LUT UR4, UR36, 0xfffffc00, URZ, 0xc0, !UPT","6144"
"0xfff934205db0","@UP1  UIADD3 UR36, UP0, UPT, UR4, 0x400, URZ","6144"
"0xfff934205dc0","      UIADD3 UR30, UP6, UPT, UR36, 0x4000, URZ","6144"
"0xfff934205dd0","@UP1  UIADD3.X UR37, UPT, UPT, URZ, UR37, URZ, UP0, !UPT","6144"
"0xfff934205de0","      ULOP3.LUT UP0, URZ, UR30, 0x3ff, URZ, 0xc0, !UPT","6144"
"0xfff934205df0","      UIADD3.X UR35, UPT, UPT, URZ, UR37, URZ, UP6, !UPT","6144"
"0xfff934205e00","@UP0  ULOP3.LUT UR4, UR30, 0xfffffc00, URZ, 0xc0, !UPT","6144"
"0xfff934205e10","@UP0  UIADD3 UR30, UP1, UPT, UR4, 0x400, URZ","6144"
"0xfff934205e20","      UIADD3 UR32, UP2, UPT, UR30, 0x400, URZ","6144"
"0xfff934205e30","@UP0  UIADD3.X UR35, UPT, UPT, URZ, UR35, URZ, UP1, !UPT","6144"
"0xfff934205e40","      ULOP3.LUT UP3, URZ, UR32, 0x3ff, URZ, 0xc0, !UPT","6144"
"0xfff934205e50","      UIADD3.X UR43, UPT, UPT, URZ, UR35, URZ, UP2, !UPT","6144"
"0xfff934205e60","@UP3  ULOP3.LUT UR4, UR32, 0xfffffc00, URZ, 0xc0, !UPT","6144"
"0xfff934205e70","@UP3  UIADD3 UR32, UP4, UPT, UR4, 0x400, URZ","6144"
"0xfff934205e80","      UIADD3 UR34, UP5, UPT, UR32, 0x8000, URZ","6144"
"0xfff934205e90","@UP3  UIADD3.X UR43, UPT, UPT, URZ, UR43, URZ, UP4, !UPT","6144"
"0xfff934205ea0","      ULOP3.LUT UP6, URZ, UR34, 0x3ff, URZ, 0xc0, !UPT","6144"
"0xfff934205eb0","      UIADD3.X UR45, UPT, UPT, URZ, UR43, URZ, UP5, !UPT","6144"
"0xfff934205ec0","@UP6  ULOP3.LUT UR4, UR34, 0xfffffc00, URZ, 0xc0, !UPT","6144"
"0xfff934205ed0","@UP6  UIADD3 UR34, UP0, UPT, UR4, 0x400, URZ","6144"
"0xfff934205ee0","@UP6  UIADD3.X UR45, UPT, UPT, URZ, UR45, URZ, UP0, !UPT","6144"
"0xfff934205ef0","@P0   BRA 0xfff934206730","6144"
"0xfff934205f00","      LDCU.64 UR10, c[0x0][0x348]","512"
"0xfff934205f10","      R2UR UR21, R2","512"
"0xfff934205f20","      UIADD3 UR12, UPT, UPT, UR24, 0x600, URZ","512"
"0xfff934205f30","      UIADD3 UR47, UPT, UPT, UR24, 0x758, URZ","512"
"0xfff934205f40","      UIADD3 UR13, UPT, UPT, UR24, 0x608, URZ","512"
"0xfff934205f50","      UIADD3 UR14, UPT, UPT, UR24, 0x610, URZ","512"
"0xfff934205f60","      UIADD3 UR16, UPT, UPT, UR24, 0x658, URZ","512"
"0xfff934205f70","      UIADD3 UR17, UPT, UPT, UR24, 0x668, URZ","512"
"0xfff934205f80","      UIADD3 UR18, UPT, UPT, UR24, 0x678, URZ","512"
"0xfff934205f90","      UIADD3 UR52, UP0, UPT, UR10, 0x80, URZ","512"
"0xfff934205fa0","      UIADD3 UR50, UP1, UPT, UR10, 0x200, URZ","512"
"0xfff934205fb0","      UIADD3 UR48, UP2, UPT, UR10, 0x400, URZ","512"
"0xfff934205fc0","      UIADD3 UR19, UPT, UPT, UR24, 0x670, URZ","512"
"0xfff934205fd0","      UIADD3 UR42, UPT, UPT, UR24, 0x680, URZ","512"
"0xfff934205fe0","      UIADD3 UR54, UPT, UPT, UR24, 0x688, URZ","512"
"0xfff934205ff0","      UIADD3 UR55, UPT, UPT, UR24, 0x690, URZ","512"
"0xfff934206000","      UIADD3 UR56, UPT, UPT, UR24, 0x698, URZ","512"
"0xfff934206010","      UIADD3 UR57, UPT, UPT, UR24, 0x6a8, URZ","512"
"0xfff934206020","      UIADD3 UR58, UPT, UPT, UR24, 0x6b0, URZ","512"
"0xfff934206030","      UIADD3 UR59, UPT, UPT, UR24, 0x6b8, URZ","512"
"0xfff934206040","      UIADD3 UR60, UPT, UPT, UR24, 0x6c8, URZ","512"
"0xfff934206050","      UIADD3 UR61, UPT, UPT, UR24, 0x6d8, URZ","512"
"0xfff934206060","      UIADD3 UR62, UPT, UPT, UR24, 0x6e8, URZ","512"
"0xfff934206070","      UIADD3 UR63, UPT, UPT, UR24, 0x6f8, URZ","512"
"0xfff934206080","      UIADD3 UR64, UPT, UPT, UR24, 0x708, URZ","512"
"0xfff934206090","      UIADD3 UR65, UPT, UPT, UR24, 0x718, URZ","512"
"0xfff9342060a0","      UIADD3 UR66, UPT, UPT, UR24, 0x728, URZ","512"
"0xfff9342060b0","      UIADD3 UR67, UPT, UPT, UR24, 0x738, URZ","512"
"0xfff9342060c0","      UIADD3 UR68, UPT, UPT, UR24, 0x748, URZ","512"
"0xfff9342060d0","      UIADD3 UR69, UPT, UPT, UR24, 0x618, URZ","512"
"0xfff9342060e0","      UIADD3 UR70, UPT, UPT, UR24, 0x638, URZ","512"
"0xfff9342060f0","      UIADD3 UR71, UPT, UPT, UR24, 0x628, URZ","512"
"0xfff934206100","      UIADD3 UR72, UPT, UPT, UR24, 0x648, URZ","512"
"0xfff934206110","      UIADD3 UR46, UP3, UPT, UR10, 0x580, URZ","512"
"0xfff934206120","      UMOV UR4, 0x1","512"
"0xfff934206130","      UIADD3 UR20, UP4, UPT, UR10, 0x780, URZ","512"
"0xfff934206140","      UIADD3.X UR53, UPT, UPT, URZ, UR11, URZ, UP0, !UPT","512"
"0xfff934206150","      UIADD3.X UR51, UPT, UPT, URZ, UR11, URZ, UP1, !UPT","512"
"0xfff934206160","      ULEA UR12, UR21, UR12, 0x18","512"
"0xfff934206170","      UIADD3 UR4, UPT, UPT, -UR4, 0x100000, URZ","512"
"0xfff934206180","      USHF.L.U32 UR5, UR4, 0xb, URZ","512"
"0xfff934206190","      USHF.L.U32 UR4, UR4, 0x1, URZ","512"
"0xfff9342061a0","      ULEA UR74, UR21, UR47, 0x18","512"
"0xfff9342061b0","      UTMACCTL.PF [UR52]","512"
"0xfff9342061c0","      UIADD3.X UR49, UPT, UPT, URZ, UR11, URZ, UP2, !UPT","512"
"0xfff9342061d0","      UTMACCTL.PF [UR50]","512"
"0xfff9342061e0","      ULEA UR13, UR21, UR13, 0x18","512"
"0xfff9342061f0","      ULEA UR14, UR21, UR14, 0x18","512"
"0xfff934206200","      UTMACCTL.PF [UR48]","512"
"0xfff934206210","      ULEA UR16, UR21, UR16, 0x18","512"
"0xfff934206220","      ULEA UR17, UR21, UR17, 0x18","512"
"0xfff934206230","      ULEA UR18, UR21, UR18, 0x18","512"
"0xfff934206240","      ULEA UR19, UR21, UR19, 0x18","512"
"0xfff934206250","      ULEA UR42, UR21, UR42, 0x18","512"
"0xfff934206260","      ULEA UR54, UR21, UR54, 0x18","512"
"0xfff934206270","      ULEA UR55, UR21, UR55, 0x18","512"
"0xfff934206280","      ULEA UR56, UR21, UR56, 0x18","512"
"0xfff934206290","      ULEA UR57, UR21, UR57, 0x18","512"
"0xfff9342062a0","      ULEA UR58, UR21, UR58, 0x18","512"
"0xfff9342062b0","      ULEA UR59, UR21, UR59, 0x18","512"
"0xfff9342062c0","      ULEA UR60, UR21, UR60, 0x18","512"
"0xfff9342062d0","      ULEA UR61, UR21, UR61, 0x18","512"
"0xfff9342062e0","      ULEA UR62, UR21, UR62, 0x18","512"
"0xfff9342062f0","      ULEA UR63, UR21, UR63, 0x18","512"
"0xfff934206300","      ULEA UR64, UR21, UR64, 0x18","512"
"0xfff934206310","      ULEA UR65, UR21, UR65, 0x18","512"
"0xfff934206320","      ULEA UR66, UR21, UR66, 0x18","512"
"0xfff934206330","      ULEA UR67, UR21, UR67, 0x18","512"
"0xfff934206340","      ULEA UR68, UR21, UR68, 0x18","512"
"0xfff934206350","      ULEA UR69, UR21, UR69, 0x18","512"
"0xfff934206360","      ULEA UR70, UR21, UR70, 0x18","512"
"0xfff934206370","      ULEA UR71, UR21, UR71, 0x18","512"
"0xfff934206380","      ULEA UR72, UR21, UR72, 0x18","512"
"0xfff934206390","      UIADD3.X UR47, UPT, UPT, URZ, UR11, URZ, UP3, !UPT","512"
"0xfff9342063a0","      UIADD3.X UR21, UPT, UPT, URZ, UR11, URZ, UP4, !UPT","512"
"0xfff9342063b0","      UMOV UR8, 0x4","512"
"0xfff9342063c0","      UMOV UR73, 0x2","512"
"0xfff9342063d0","      UIADD3 UR8, UPT, UPT, -UR8, 0x100000, URZ","512"
"0xfff9342063e0","      USHF.L.U32 UR9, UR8, 0xb, URZ","512"
"0xfff9342063f0","      USHF.L.U32 UR8, UR8, 0x1, URZ","512"
"0xfff934206400","      UIADD3 UR10, UPT, UPT, -UR73, 0x100000, URZ","512"
"0xfff934206410","      USHF.L.U32 UR11, UR10, 0xb, URZ","512"
"0xfff934206420","      USHF.L.U32 UR10, UR10, 0x1, URZ","512"
"0xfff934206430","      UTMACCTL.PF [UR46]","512"
"0xfff934206440","      UTMACCTL.PF [UR20]","512"
"0xfff934206450","      FENCE.VIEW.ASYNC.S","512"
"0xfff934206460","      SYNCS.EXCH.64 URZ, [UR12], UR4","512"
"0xfff934206470","      SYNCS.EXCH.64 URZ, [UR13], UR4","512"
"0xfff934206480","      SYNCS.EXCH.64 URZ, [UR14], UR4","512"
"0xfff934206490","      SYNCS.EXCH.64 URZ, [UR16], UR4","512"
"0xfff9342064a0","      SYNCS.EXCH.64 URZ, [UR16+0x8], UR4","512"
"0xfff9342064b0","      SYNCS.EXCH.64 URZ, [UR17], UR8","512"
"0xfff9342064c0","      SYNCS.EXCH.64 URZ, [UR18], UR4","512"
"0xfff9342064d0","      SYNCS.EXCH.64 URZ, [UR19], UR4","512"
"0xfff9342064e0","      SYNCS.EXCH.64 URZ, [UR42], UR4","512"
"0xfff9342064f0","      SYNCS.EXCH.64 URZ, [UR54], UR4","512"
"0xfff934206500","      SYNCS.EXCH.64 URZ, [UR55], UR4","512"
"0xfff934206510","      SYNCS.EXCH.64 URZ, [UR56], UR4","512"
"0xfff934206520","      SYNCS.EXCH.64 URZ, [UR56+0x8], UR4","512"
"0xfff934206530","      SYNCS.EXCH.64 URZ, [UR57], UR4","512"
"0xfff934206540","      SYNCS.EXCH.64 URZ, [UR58], UR4","512"
"0xfff934206550","      SYNCS.EXCH.64 URZ, [UR59], UR4","512"
"0xfff934206560","      SYNCS.EXCH.64 URZ, [UR59+0x8], UR4","512"
"0xfff934206570","      SYNCS.EXCH.64 URZ, [UR60], UR4","512"
"0xfff934206580","      SYNCS.EXCH.64 URZ, [UR60+0x8], UR4","512"
"0xfff934206590","      SYNCS.EXCH.64 URZ, [UR61], UR4","512"
"0xfff9342065a0","      SYNCS.EXCH.64 URZ, [UR61+0x8], UR4","512"
"0xfff9342065b0","      SYNCS.EXCH.64 URZ, [UR62], UR4","512"
"0xfff9342065c0","      SYNCS.EXCH.64 URZ, [UR62+0x8], UR4","512"
"0xfff9342065d0","      SYNCS.EXCH.64 URZ, [UR63], UR4","512"
"0xfff9342065e0","      SYNCS.EXCH.64 URZ, [UR64], UR4","512"
"0xfff9342065f0","      SYNCS.EXCH.64 URZ, [UR65], UR4","512"
"0xfff934206600","      SYNCS.EXCH.64 URZ, [UR66], UR4","512"
"0xfff934206610","      SYNCS.EXCH.64 URZ, [UR63+0x8], UR4","512"
"0xfff934206620","      SYNCS.EXCH.64 URZ, [UR64+0x8], UR4","512"
"0xfff934206630","      SYNCS.EXCH.64 URZ, [UR65+0x8], UR4","512"
"0xfff934206640","      SYNCS.EXCH.64 URZ, [UR66+0x8], UR4","512"
"0xfff934206650","      SYNCS.EXCH.64 URZ, [UR67], UR4","512"
"0xfff934206660","      SYNCS.EXCH.64 URZ, [UR68], UR4","512"
"0xfff934206670","      SYNCS.EXCH.64 URZ, [UR67+0x8], UR4","512"
"0xfff934206680","      SYNCS.EXCH.64 URZ, [UR68+0x8], UR4","512"
"0xfff934206690","      SYNCS.EXCH.64 URZ, [UR69], UR4","512"
"0xfff9342066a0","      SYNCS.EXCH.64 URZ, [UR70], UR4","512"
"0xfff9342066b0","      SYNCS.EXCH.64 URZ, [UR71], UR4","512"
"0xfff9342066c0","      SYNCS.EXCH.64 URZ, [UR72], UR4","512"
"0xfff9342066d0","      SYNCS.EXCH.64 URZ, [UR69+0x8], UR4","512"
"0xfff9342066e0","      SYNCS.EXCH.64 URZ, [UR70+0x8], UR4","512"
"0xfff9342066f0","      SYNCS.EXCH.64 URZ, [UR71+0x8], UR4","512"
"0xfff934206700","      SYNCS.EXCH.64 URZ, [UR72+0x8], UR4","512"
"0xfff934206710","      SYNCS.EXCH.64 URZ, [UR74], UR10","512"
"0xfff934206720","      NOP","512"
"0xfff934206730","      BSYNC.RECONVERGENT B0","6656"
"0xfff934206740","      BAR.SYNC.DEFER_BLOCKING 0x0","6144"
"0xfff934206750","      SHF.R.U32.HI R3, RZ, 0x7, R0","6144"
"0xfff934206760","      UIMAD UR44, UR15, UR44, URZ","6144"
"0xfff934206770","      R2UR UR42, R4","6144"
"0xfff934206780","      BAR.SYNC.DEFER_BLOCKING 0x0","6144"
"0xfff934206790","      ISETP.NE.AND P0, PT, R3, RZ, PT","6144"
"0xfff9342067a0","      BSSY B1, 0xfff934215780","6144"
"0xfff9342067b0","@!P0  BRA 0xfff9342137d0","6144"
"0xfff9342067c0","      ISETP.NE.AND P0, PT, R3, 0x1, PT","4096"
"0xfff9342067d0","@!P0  BRA 0xfff93420c5d0","4096"
"0xfff9342067e0","      ISETP.NE.AND P0, PT, R3, 0x2, PT","2048"
"0xfff9342067f0","@P0   BRA 0xfff934215770","2048"
"0xfff934206800","      WARPSYNC.ALL","2048"
"0xfff934206810","      USETMAXREG.DEALLOC.CTAPOOL 0x70","2048"
"0xfff934206820","      SHF.R.U32.HI R30, RZ, 0x5, R0","2048"
"0xfff934206830","      LOP3.LUT R30, R30, 0x3, RZ, 0xc0, !PT","2048"
"0xfff934206840","      VIADD R4, R30, 0xfffffffe","2048"
"0xfff934206850","      ISETP.GT.U32.AND P0, PT, R4, 0x1, PT","2048"
"0xfff934206860","@P0   BRA 0xfff9342086b0","2048"
"0xfff934206870","      UMOV UR4, 0xffffffff","1024"
"0xfff934206880","      BRA.DIV UR4, 0xfff934215a40","1024"
"0xfff934206890","      ELECT P0, URZ, PT","1024"
"0xfff9342068a0","      S2R R3, SR_CTAID.X","1024"
"0xfff9342068b0","      LOP3.LUT R11, R0, 0x1f, RZ, 0xc0, !PT","1024"
"0xfff9342068c0","      IMAD R4, R4, 0x20, R11","1024"
"0xfff9342068d0","      ISETP.GE.AND P1, PT, R3, UR44, PT","1024"
"0xfff9342068e0","@P1   BRA 0xfff934215770","1024"
"0xfff9342068f0","      LDC R13, c[0x0][0x718]","1024"
"0xfff934206900","      IMAD.U32 R18, RZ, RZ, UR36","1024"
"0xfff934206910","      UIADD3 UR4, UPT, UPT, -UR15, 0x1, URZ","1024"
"0xfff934206920","      IMAD.U32 R19, RZ, RZ, UR37","1024"
"0xfff934206930","      SHF.R.U32.HI R26, RZ, 0x2, R4","1024"
"0xfff934206940","      IMAD.U32 R6, RZ, RZ, UR26","1024"
"0xfff934206950","      BSSY B0, 0xfff9342086a0","1024"
"0xfff934206960","      IMAD.U32 R7, RZ, RZ, UR27","1024"
"0xfff934206970","      MOV R18, R18","1024"
"0xfff934206980","      IMAD.U32 R8, RZ, RZ, UR38","1024"
"0xfff934206990","      LDC R25, c[0x0][0x370]","1024"
"0xfff9342069a0","      IMAD.U32 R9, RZ, RZ, UR39","1024"
"0xfff9342069b0","      MOV R19, R6","1024"
"0xfff9342069c0","      IMAD.U32 R20, RZ, RZ, UR25","1024"
"0xfff9342069d0","      ISETP.EQ.AND P1, PT, R30, 0x3, P0","1024"
"0xfff9342069e0","      IMAD.U32 R21, RZ, RZ, UR29","1024"
"0xfff9342069f0","      MOV R5, R8","1024"
"0xfff934206a00","      IMAD.U32 R22, RZ, RZ, UR30","1024"
"0xfff934206a10","      CS2R R70, SRZ","1024"
"0xfff934206a20","      IMAD.U32 R23, RZ, RZ, UR35","1024"
"0xfff934206a30","      MOV R20, R20","1024"
"0xfff934206a40","      IMAD.U32 R6, RZ, RZ, UR28","1024"
"0xfff934206a50","      IMAD.U32 R7, RZ, RZ, UR31","1024"
"0xfff934206a60","      SHF.R.S32.HI R8, RZ, 0x1f, R13","1024"
"0xfff934206a70","      VIADD R9, R4, 0xc0","1024"
"0xfff934206a80","      MOV R22, R22","1024"
"0xfff934206a90","      IMAD.SHL.U32 R23, R11, 0x10, RZ","1024"
"0xfff934206aa0","      MOV R21, R6","1024"
"0xfff934206ab0","      VIADD R7, R4, 0x80","1024"
"0xfff934206ac0","      LEA.HI R8, R8, R13, RZ, 0x7","1024"
"0xfff934206ad0","      VIADD R10, R4, 0x100","1024"
"0xfff934206ae0","      SHF.R.U32.HI R74, RZ, 0x2, R9","1024"
"0xfff934206af0","      VIADD R11, R4, 0x140","1024"
"0xfff934206b00","      SHF.R.U32.HI R73, RZ, 0x2, R7","1024"
"0xfff934206b10","      VIADD R12, R4, 0x180","1024"
"0xfff934206b20","      SHF.R.U32.HI R75, RZ, 0x2, R10","1024"
"0xfff934206b30","      VIADD R13, R4, 0x1c0","1024"
"0xfff934206b40","      SHF.R.U32.HI R76, RZ, 0x2, R11","1024"
"0xfff934206b50","      VIADD R6, R4, 0x40","1024"
"0xfff934206b60","      SHF.R.U32.HI R77, RZ, 0x2, R12","1024"
"0xfff934206b70","      IMAD.SHL.U32 R81, R4, 0x10, RZ","1024"
"0xfff934206b80","      SHF.R.U32.HI R78, RZ, 0x2, R13","1024"
"0xfff934206b90","      IMAD.SHL.U32 R83, R6, 0x10, RZ","1024"
"0xfff934206ba0","      SHF.R.U32.HI R72, RZ, 0x2, R6","1024"
"0xfff934206bb0","      IMAD.SHL.U32 R7, R7, 0x10, RZ","1024"
"0xfff934206bc0","      LOP3.LUT R81, R81, 0x30, RZ, 0xc0, !PT","1024"
"0xfff934206bd0","      IMAD.SHL.U32 R9, R9, 0x10, RZ","1024"
"0xfff934206be0","      LOP3.LUT R83, R83, 0x30, RZ, 0xc0, !PT","1024"
"0xfff934206bf0","      IMAD.SHL.U32 R10, R10, 0x10, RZ","1024"
"0xfff934206c00","      LOP3.LUT R84, R7, 0x30, RZ, 0xc0, !PT","1024"
"0xfff934206c10","      IMAD.SHL.U32 R11, R11, 0x10, RZ","1024"
"0xfff934206c20","      LOP3.LUT R9, R9, 0x30, RZ, 0xc0, !PT","1024"
"0xfff934206c30","      IMAD.SHL.U32 R12, R12, 0x10, RZ","1024"
"0xfff934206c40","      LOP3.LUT R10, R10, 0x30, RZ, 0xc0, !PT","1024"
"0xfff934206c50","      IMAD.SHL.U32 R13, R13, 0x10, RZ","1024"
"0xfff934206c60","      LOP3.LUT R11, R11, 0x30, RZ, 0xc0, !PT","1024"
"0xfff934206c70","      IMAD.U32 R79, RZ, RZ, UR23","1024"
"0xfff934206c80","      LOP3.LUT R12, R12, 0x30, RZ, 0xc0, !PT","1024"
"0xfff934206c90","      IMAD.U32 R80, RZ, RZ, UR15","1024"
"0xfff934206ca0","      LOP3.LUT R13, R13, 0x30, RZ, 0xc0, !PT","1024"
"0xfff934206cb0","      IMAD.U32 R85, RZ, RZ, UR4","1024"
"0xfff934206cc0","      VIMNMX R79, PT, PT, R79, 0x1, !PT","1024"
"0xfff934206cd0","      VIADD R24, R2, UR15","1024"
"0xfff934206ce0","      LEA.HI.SX32 R92, R8, 0xffffffff, 0x19","1024"
"0xfff934206cf0","      IMAD.MOV.U32 R27, RZ, RZ, RZ","1024"
"0xfff934206d00","      IMAD.MOV.U32 R28, RZ, RZ, 0x1","1024"
"0xfff934206d10","      IMAD.MOV.U32 R30, RZ, RZ, R3","1024"
"0xfff934206d20","      IMAD.MOV.U32 R29, RZ, RZ, 0x1","1024"
"0xfff934206d30","      IMAD.MOV.U32 R31, RZ, RZ, RZ","1024"
"0xfff934206d40","      IMAD.MOV.U32 R68, RZ, RZ, RZ","1024"
"0xfff934206d50","      IMAD.MOV.U32 R69, RZ, RZ, 0x1","1024"
"0xfff934206d60","      VIADD R80, R80, 0xffffffff","1024"
"0xfff934206d70","      IMAD R85, R85, UR6, RZ","1024"
"0xfff934206d80","      IMAD R82, R26, 0x40, R81","1024"
"0xfff934206d90","      IMAD R84, R73, 0x40, R84","1024"
"0xfff934206da0","      IMAD R86, R74, 0x40, R9","1024"
"0xfff934206db0","      IMAD R87, R75, 0x40, R10","1024"
"0xfff934206dc0","      IMAD R88, R76, 0x40, R11","1024"
"0xfff934206dd0","      IMAD R89, R77, 0x40, R12","1024"
"0xfff934206de0","      IMAD R90, R78, 0x40, R13","1024"
"0xfff934206df0","      IMAD R91, R72, 0x40, R83","1024"
"0xfff934206e00","      IABS R9, UR22","1024"
"0xfff934206e10","      LDC R33, c[0x0][0x390]","1024"
"0xfff934206e20","      IABS R12, R30","1024"
"0xfff934206e30","      YIELD","1024"
"0xfff934206e40","      I2F.RP R8, R9","1024"
"0xfff934206e50","      IABS R13, UR22","1024"
"0xfff934206e60","      BSSY B2, 0xfff934207670","1024"
"0xfff934206e70","      MUFU.RCP R8, R8","1024"
"0xfff934206e80","      VIADD R6, R8, 0xffffffe","1024"
"0xfff934206e90","      IMAD.MOV R8, RZ, RZ, -R13","1024"
"0xfff934206ea0","      F2I.FTZ.U32.TRUNC.NTZ R7, R6","1024"
"0xfff934206eb0","      IMAD.MOV.U32 R6, RZ, RZ, RZ","1024"
"0xfff934206ec0","      IMAD.MOV R10, RZ, RZ, -R7","1024"
"0xfff934206ed0","      IMAD R11, R10, R9, RZ","1024"
"0xfff934206ee0","      IMAD.MOV.U32 R10, RZ, RZ, R12","1024"
"0xfff934206ef0","      IMAD.HI.U32 R7, R7, R11, R6","1024"
"0xfff934206f00","      IMAD.HI.U32 R7, R7, R10, RZ","1024"
"0xfff934206f10","      IMAD R6, R7, R8, R10","1024"
"0xfff934206f20","      ISETP.GT.U32.AND P3, PT, R9, R6, PT","1024"
"0xfff934206f30","@!P3  IMAD.IADD R6, R6, 0x1, -R9","1024"
"0xfff934206f40","@!P3  VIADD R7, R7, 0x1","1024"
"0xfff934206f50","      ISETP.NE.AND P3, PT, RZ, UR22, PT","1024"
"0xfff934206f60","      ISETP.GE.U32.AND P2, PT, R6, R9, PT","1024"
"0xfff934206f70","      LOP3.LUT R6, R30, UR22, RZ, 0x3c, !PT","1024"
"0xfff934206f80","      ISETP.GE.AND P4, PT, R6, RZ, PT","1024"
"0xfff934206f90","@P2   VIADD R7, R7, 0x1","1024"
"0xfff934206fa0","      IMAD.MOV.U32 R15, RZ, RZ, R7","1024"
"0xfff934206fb0","@!P4  IMAD.MOV R15, RZ, RZ, -R15","1024"
"0xfff934206fc0","@!P3  LOP3.LUT R15, RZ, UR22, RZ, 0x33, !PT","1024"
"0xfff934206fd0","      ISETP.GE.AND P2, PT, R15, UR7, PT","1024"
"0xfff934206fe0","      IMAD.MOV R9, RZ, RZ, -R15","1024"
"0xfff934206ff0","      SEL R17, R79, UR6, P2","1024"
"0xfff934207000","      IMAD R10, R9, UR22, R30","1024"
"0xfff934207010","      IABS R11, R17","1024"
"0xfff934207020","      IABS R13, R17","1024"
"0xfff934207030","      I2F.RP R8, R11","1024"
"0xfff934207040","      MUFU.RCP R8, R8","1024"
"0xfff934207050","      VIADD R6, R8, 0xffffffe","1024"
"0xfff934207060","      IMAD.MOV R8, RZ, RZ, -R13","1024"
"0xfff934207070","      IABS R13, R33","1024"
"0xfff934207080","      F2I.FTZ.U32.TRUNC.NTZ R7, R6","1024"
"0xfff934207090","      IMAD.MOV.U32 R6, RZ, RZ, RZ","1024"
"0xfff9342070a0","      IMAD.MOV R12, RZ, RZ, -R7","1024"
"0xfff9342070b0","      IMAD R9, R12, R11, RZ","1024"
"0xfff9342070c0","      IABS R12, R10","1024"
"0xfff9342070d0","      IMAD.HI.U32 R7, R7, R9, R6","1024"
"0xfff9342070e0","      IMAD.MOV.U32 R6, RZ, RZ, R12","1024"
"0xfff9342070f0","      IMAD.HI.U32 R7, R7, R6, RZ","1024"
"0xfff934207100","      IMAD R6, R7, R8, R6","1024"
"0xfff934207110","      I2F.RP R8, R13","1024"
"0xfff934207120","      ISETP.GT.U32.AND P3, PT, R11, R6, PT","1024"
"0xfff934207130","      MUFU.RCP R8, R8","1024"
"0xfff934207140","@!P3  IMAD.IADD R6, R6, 0x1, -R11","1024"
"0xfff934207150","@!P3  VIADD R7, R7, 0x1","1024"
"0xfff934207160","      ISETP.NE.AND P3, PT, R17, RZ, PT","1024"
"0xfff934207170","      ISETP.GE.U32.AND P2, PT, R6, R11, PT","1024"
"0xfff934207180","      LOP3.LUT R6, R10, R17, RZ, 0x3c, !PT","1024"
"0xfff934207190","      ISETP.GE.AND P4, PT, R6, RZ, PT","1024"
"0xfff9342071a0","      VIADD R9, R8, 0xffffffe","1024"
"0xfff9342071b0","@P2   VIADD R7, R7, 0x1","1024"
"0xfff9342071c0","      IMAD.MOV.U32 R12, RZ, RZ, R7","1024"
"0xfff9342071d0","      F2I.FTZ.U32.TRUNC.NTZ R7, R9","1024"
"0xfff9342071e0","@!P4  IMAD.MOV R12, RZ, RZ, -R12","1024"
"0xfff9342071f0","@!P3  LOP3.LUT R12, RZ, R17, RZ, 0x33, !PT","1024"
"0xfff934207200","      IMAD R17, R17, R12, RZ","1024"
"0xfff934207210","      IMAD.MOV R94, RZ, RZ, -R12","1024"
"0xfff934207220","      IMAD.IADD R6, R10, 0x1, -R17","1024"
"0xfff934207230","      IMAD.U32 R9, RZ, RZ, UR15","1024"
"0xfff934207240","      IMAD.MOV R8, RZ, RZ, -R7","1024"
"0xfff934207250","      VIADDMNMX R94, R94, R9, UR15, PT","1024"
"0xfff934207260","      IMAD.MOV.U32 R10, RZ, RZ, R8","1024"
"0xfff934207270","      IMAD R8, R15, UR6, R6","1024"
"0xfff934207280","      IMAD R11, R10, R13, RZ","1024"
"0xfff934207290","      IMAD.MOV.U32 R6, RZ, RZ, RZ","1024"
"0xfff9342072a0","      IABS R10, R8","1024"
"0xfff9342072b0","      IMAD.HI.U32 R6, R7, R11, R6","1024"
"0xfff9342072c0","      IMAD.MOV.U32 R7, RZ, RZ, R10","1024"
"0xfff9342072d0","      IMAD.HI.U32 R93, R6, R7, RZ","1024"
"0xfff9342072e0","      IMAD.MOV R6, RZ, RZ, -R93","1024"
"0xfff9342072f0","      IMAD R6, R13, R6, R7","1024"
"0xfff934207300","      IMAD.MOV.U32 R7, RZ, RZ, 0x1","1024"
"0xfff934207310","      ISETP.GT.U32.AND P3, PT, R13, R6, PT","1024"
"0xfff934207320","      VIADDMNMX R7, R12, R7, 0x1, PT","1024"
"0xfff934207330","@!P3  IMAD.IADD R6, R6, 0x1, -R13","1024"
"0xfff934207340","@!P3  VIADD R93, R93, 0x1","1024"
"0xfff934207350","      ISETP.NE.AND P3, PT, R33, RZ, PT","1024"
"0xfff934207360","      ISETP.GE.U32.AND P2, PT, R6, R13, PT","1024"
"0xfff934207370","      LOP3.LUT R6, R8, R33, RZ, 0x3c, !PT","1024"
"0xfff934207380","      ISETP.GE.AND P4, PT, R6, RZ, PT","1024"
"0xfff934207390","@P2   VIADD R93, R93, 0x1","1024"
"0xfff9342073a0","      ISETP.GE.OR P2, PT, R2, R7, !P1","1024"
"0xfff9342073b0","@!P4  IMAD.MOV R93, RZ, RZ, -R93","1024"
"0xfff9342073c0","@!P3  LOP3.LUT R93, RZ, R33, RZ, 0x33, !PT","1024"
"0xfff9342073d0","      ISETP.GE.AND P3, PT, R94, 0x1, PT","1024"
"0xfff9342073e0","      IMAD.MOV R95, RZ, RZ, -R93","1024"
"0xfff9342073f0","      IMAD R95, R33, R95, R8","1024"
"0xfff934207400","@P2   BRA 0xfff934207660","1024"
"0xfff934207410","      S2UR UR4, SR_CgaCtaId","512"
"0xfff934207420","      MOV R8, 0x400","512"
"0xfff934207430","      SHF.L.U32 R6, R28, 0x1f, RZ","512"
"0xfff934207440","      VIADD R7, R8, 0x610","512"
"0xfff934207450","      IMAD.U32 R2, RZ, RZ, UR4","512"
"0xfff934207460","      LEA R9, R2, R7, 0x18","512"
"0xfff934207470","      LOP3.LUT R7, RZ, R12, RZ, 0x33, !PT","512"
"0xfff934207480","      SYNCS.PHASECHK.TRANS64.TRYWAIT P2, [R9+URZ], R6","512"
"0xfff934207490","      IMAD.IADD R7, R24, 0x1, R7","512"
"0xfff9342074a0","      VIMNMX R7, PT, PT, R80, R7, PT","512"
"0xfff9342074b0","@!P2  BRA 0xfff934215aa0","512"
"0xfff9342074c0","      LDCU.64 UR20, c[0x0][0x348]","512"
"0xfff9342074d0","      R2UR UR17, R8","512"
"0xfff9342074e0","      R2UR UR11, R7","512"
"0xfff9342074f0","      UMOV UR10, URZ","512"
"0xfff934207500","      R2UR UR12, R2","512"
"0xfff934207510","      UMOV UR18, URZ","512"
"0xfff934207520","      R2UR UR13, R95","512"
"0xfff934207530","      R2UR UR14, R93","512"
"0xfff934207540","      R2UR UR8, R19","512"
"0xfff934207550","      R2UR UR16, R20","512"
"0xfff934207560","      UIADD3 UR9, UPT, UPT, UR17, 0x600, URZ","512"
"0xfff934207570","      UIADD3 UR17, UPT, UPT, UR17, 0x608, URZ","512"
"0xfff934207580","      UIADD3 UR4, UP0, UPT, UR20, 0x80, URZ","512"
"0xfff934207590","      UIADD3 UR46, UP1, UPT, UR20, 0x200, URZ","512"
"0xfff9342075a0","      R2UR UR20, R7","512"
"0xfff9342075b0","      USHF.L.U32 UR11, UR11, 0x7, URZ","512"
"0xfff9342075c0","      ULEA UR9, UR12, UR9, 0x18","512"
"0xfff9342075d0","      UIADD3.X UR5, UPT, UPT, URZ, UR21, URZ, UP0, !UPT","512"
"0xfff9342075e0","      UIMAD UR19, UR13, 0x3, URZ","512"
"0xfff9342075f0","      ULEA UR17, UR12, UR17, 0x18","512"
"0xfff934207600","      UIADD3.X UR47, UPT, UPT, URZ, UR21, URZ, UP1, !UPT","512"
"0xfff934207610","      UMOV UR12, URZ","512"
"0xfff934207620","      UMOV UR21, UR14","512"
"0xfff934207630","      UTMALDG.5D [UR8], [UR4]","512"
"0xfff934207640","      UTMALDG.4D [UR16], [UR46]","512"
"0xfff934207650","      NOP","512"
"0xfff934207660","      BSYNC B2","1536"
"0xfff934207670","      BSSY B2, 0xfff934208650","1024"
"0xfff934207680","@!P3  BRA 0xfff934208640","1024"
"0xfff934207690","      LDCU UR4, c[0x0][0x718]","1024"
"0xfff9342076a0","      IMAD R6, R85, R15, R30","1024"
"0xfff9342076b0","      IMAD.IADD R7, R33, 0x1, -R33","1024"
"0xfff9342076c0","      IMAD.IADD R6, R6, 0x1, -R17","1024"
"0xfff9342076d0","      IMAD.MOV R94, RZ, RZ, -R94","1024"
"0xfff9342076e0","      IMAD R6, R93, R7, R6","1024"
"0xfff9342076f0","      IMAD.IADD R96, R95, 0x1, R2","1024"
"0xfff934207700","      IMAD.MOV.U32 R97, RZ, RZ, R2","1024"
"0xfff934207710","      IMAD R98, R95, 0x3, RZ","1024"
"0xfff934207720","      IMAD.MOV.U32 R99, RZ, RZ, RZ","1024"
"0xfff934207730","      USHF.R.S32.HI UR5, URZ, 0x1f, UR4","1024"
"0xfff934207740","      IMAD.MOV.U32 R100, RZ, RZ, R23","1024"
"0xfff934207750","      IMAD.MOV.U32 R101, RZ, RZ, R81","1024"
"0xfff934207760","      ULEA.HI UR4, UR5, UR4, URZ, 0x7","1024"
"0xfff934207770","      IMAD.MOV.U32 R102, RZ, RZ, R83","1024"
"0xfff934207780","      USHF.R.U32.HI UR4, URZ, 0x7, UR4","1024"
"0xfff934207790","      IMAD R103, R6, UR4, RZ","1024"
"0xfff9342077a0","      YIELD","23856"
"0xfff9342077b0","      BSSY B3, 0xfff934207b10","16896"
"0xfff9342077c0","@!P1  BRA 0xfff934207b00","16896"
"0xfff9342077d0","      S2R R9, SR_CgaCtaId","8448"
"0xfff9342077e0","      MOV R6, 0x400","8448"
"0xfff9342077f0","      VIADD R2, R6, 0x638","8448"
"0xfff934207800","      LEA R7, R9, R2, 0x18","8448"
"0xfff934207810","      SHF.L.U32 R2, R69, 0x1f, RZ","8448"
"0xfff934207820","      IMAD R7, R70, 0x8, R7","8448"
"0xfff934207830","      SYNCS.PHASECHK.TRANS64.TRYWAIT P2, [R7+URZ], R2","8448"
"0xfff934207840","@!P2  BRA 0xfff934215ae0","8448"
"0xfff934207850","      LDCU.64 UR16, c[0x0][0x348]","8448"
"0xfff934207860","      VIADD R2, R6, 0x618","8448"
"0xfff934207870","      VIMNMX R10, PT, PT, R92, R97, PT","8448"
"0xfff934207880","      VIADD R8, R6, 0x648","8448"
"0xfff934207890","      R2UR UR5, R9","8448"
"0xfff9342078a0","      UMOV UR10, URZ","8448"
"0xfff9342078b0","      R2UR UR9, R2","8448"
"0xfff9342078c0","      UMOV UR12, URZ","8448"
"0xfff9342078d0","      R2UR UR11, R10","8448"
"0xfff9342078e0","      VIADD R6, R6, 0x628","8448"
"0xfff9342078f0","      R2UR UR4, R70","8448"
"0xfff934207900","      R2UR UR8, R21","8448"
"0xfff934207910","      R2UR UR13, R95","8448"
"0xfff934207920","      R2UR UR14, R93","8448"
"0xfff934207930","      UIADD3 UR16, UP0, UPT, UR16, 0x400, URZ","8448"
"0xfff934207940","      LEA R7, R9, R8, 0x18","8448"
"0xfff934207950","      ULEA UR9, UR5, UR9, 0x18","8448"
"0xfff934207960","      LOP3.LUT R2, R31, 0x1, RZ, 0x3c, !PT","8448"
"0xfff934207970","      USHF.L.U32 UR11, UR11, 0x6, URZ","8448"
"0xfff934207980","      ULEA UR9, UR4, UR9, 0x3","8448"
"0xfff934207990","      SHF.L.U32 R2, R2, 0x1f, RZ","8448"
"0xfff9342079a0","      UIMAD UR8, UR4, 0x1800, UR8","8448"
"0xfff9342079b0","      IMAD R7, R68, 0x8, R7","8448"
"0xfff9342079c0","      UIADD3.X UR17, UPT, UPT, URZ, UR17, URZ, UP0, !UPT","8448"
"0xfff9342079d0","      UTMALDG.5D [UR8], [UR16]","8448"
"0xfff9342079e0","      SYNCS.PHASECHK.TRANS64.TRYWAIT P2, [R7+URZ], R2","8448"
"0xfff9342079f0","@!P2  BRA 0xfff934215b20","8448"
"0xfff934207a00","      LDCU.64 UR16, c[0x0][0x348]","8448"
"0xfff934207a10","      R2UR UR9, R6","8448"
"0xfff934207a20","      R2UR UR5, R9","8448"
"0xfff934207a30","      UMOV UR10, URZ","8448"
"0xfff934207a40","      R2UR UR4, R68","8448"
"0xfff934207a50","      R2UR UR8, R5","8448"
"0xfff934207a60","      R2UR UR12, R10","8448"
"0xfff934207a70","      R2UR UR11, R98","8448"
"0xfff934207a80","      R2UR UR13, R93","8448"
"0xfff934207a90","      ULEA UR9, UR5, UR9, 0x18","8448"
"0xfff934207aa0","      UIADD3 UR16, UP0, UPT, UR16, 0x580, URZ","8448"
"0xfff934207ab0","      ULEA UR8, UR4, UR8, 0xb","8448"
"0xfff934207ac0","      ULEA UR9, UR4, UR9, 0x3","8448"
"0xfff934207ad0","      UIADD3.X UR17, UPT, UPT, URZ, UR17, URZ, UP0, !UPT","8448"
"0xfff934207ae0","      UTMALDG.4D [UR8], [UR16]","8448"
"0xfff934207af0","      NOP","8448"
"0xfff934207b00","      BSYNC B3","25344"
"0xfff934207b10","      VIADD R70, R70, 0x1","16896"
"0xfff934207b20","      BSSY B3, 0xfff934207d60","16896"
"0xfff934207b30","      VIADD R68, R68, 0x1","16896"
"0xfff934207b40","      BSSY B4, 0xfff934207d00","16896"
"0xfff934207b50","      ISETP.NE.AND P2, PT, R70, 0x2, PT","16896"
"0xfff934207b60","      ISETP.NE.AND P3, PT, R68, 0x2, PT","16896"
"0xfff934207b70","      SEL R2, RZ, 0x1, P2","16896"
"0xfff934207b80","      SEL R6, RZ, 0x1, P3","16896"
"0xfff934207b90","      SEL R70, R70, RZ, P2","16896"
"0xfff934207ba0","      LOP3.LUT R69, R69, R2, RZ, 0x3c, !PT","16896"
"0xfff934207bb0","      LOP3.LUT R31, R31, R6, RZ, 0x3c, !PT","16896"
"0xfff934207bc0","      SEL R68, R68, RZ, P3","16896"
"0xfff934207bd0","@!P1  BRA 0xfff934207cd0","16896"
"0xfff934207be0","      ISETP.GE.U32.AND P2, PT, R99, 0x2, PT","8448"
"0xfff934207bf0","      ISETP.EQ.AND P3, PT, R30, R3, PT","8448"
"0xfff934207c00","@!P2  BRA P3, 0xfff934207cf0","8448"
"0xfff934207c10","      S2UR UR5, SR_CgaCtaId","7440"
"0xfff934207c20","      UMOV UR4, 0x400","7440"
"0xfff934207c30","      SHF.L.U32 R2, R29, 0x1f, RZ","7440"
"0xfff934207c40","      UIADD3 UR4, UPT, UPT, UR4, 0x6c8, URZ","7440"
"0xfff934207c50","      ULEA UR4, UR5, UR4, 0x18","7440"
"0xfff934207c60","      LEA R7, R27, UR4, 0x3","7440"
"0xfff934207c70","      SYNCS.PHASECHK.TRANS64.TRYWAIT P2, [R7+URZ], R2","7440"
"0xfff934207c80","@P2   BRA 0xfff934207cf0","7440"
"0xfff934207c90","      YIELD","265973"
"0xfff934207ca0","      SYNCS.PHASECHK.TRANS64.TRYWAIT P2, [R7+URZ], R2","265973"
"0xfff934207cb0","@!P2  BRA 0xfff934207c90","265973"
"0xfff934207cc0","      BRA 0xfff934207cf0","7440"
"0xfff934207cd0","@!P0  BREAK B4","16896"
"0xfff934207ce0","@!P0  BRA 0xfff934207d50","25344"
"0xfff934207cf0","      BSYNC B4","16896"
"0xfff934207d00","      S2UR UR5, SR_CgaCtaId","16896"
"0xfff934207d10","      UMOV UR4, 0x400","16896"
"0xfff934207d20","      UIADD3 UR4, UPT, UPT, UR4, 0x758, URZ","16896"
"0xfff934207d30","      ULEA UR4, UR5, UR4, 0x18","16896"
"0xfff934207d40","      SYNCS.ARRIVE.TRANS64.A1T0 RZ, [UR4], RZ","16896"
"0xfff934207d50","      BSYNC B3","33792"
"0xfff934207d60","      S2UR UR4, SR_CgaCtaId","24336"
"0xfff934207d70","      MOV R104, 0x400","24336"
"0xfff934207d80","      BSSY B3, 0xfff934207e10","24336"
"0xfff934207d90","      SHF.L.U32 R105, R71, 0x1f, RZ","24336"
"0xfff934207da0","      LOP3.LUT R71, R71, 0x1, RZ, 0x3c, !PT","24336"
"0xfff934207db0","      VIADD R7, R104, 0x758","24336"
"0xfff934207dc0","      IMAD.U32 R2, RZ, RZ, UR4","24336"
"0xfff934207dd0","      LEA R106, R2, R7, 0x18","24336"
"0xfff934207de0","      SYNCS.PHASECHK.TRANS64.TRYWAIT P2, [R106+URZ], R105","24336"
"0xfff934207df0","@!P2  BRA 0xfff934215b60","24336"
"0xfff934207e00","      BSYNC B3","24336"
"0xfff934207e10","      UMOV UR4, 0xffffffff","24336"
"0xfff934207e20","      BRA.DIV UR4, 0xfff934215ba0","24336"
"0xfff934207e30","      NOP","9456"
"0xfff934207e40","      ISETP.GT.U32.AND P2, PT, R4, 0x1f, PT","24336"
"0xfff934207e50","      LDCU UR4, c[0x0][0x718]","24336"
"0xfff934207e60","      LDCU UR5, c[0x0][0x390]","24336"
"0xfff934207e70","      LDCU.64 UR8, c[0x0][0xa30]","24336"
"0xfff934207e80","@!P2  LDC.64 R6, c[0x0][0xa38]","24336"
"0xfff934207e90","@!P2  IMAD R10, R103, 0x200, R100","24336"
"0xfff934207ea0","      ULEA.HI UR4, UR4, UR4, URZ, 0x1","24336"
"0xfff934207eb0","      IMAD R9, R93, UR5, R96","24336"
"0xfff934207ec0","      USHF.R.S32.HI UR4, URZ, 0x1, UR4","24336"
"0xfff934207ed0","      IMAD R8, R9, 0x80, R26","24336"
"0xfff934207ee0","      IMAD R11, R9, 0x80, R72","24336"
"0xfff934207ef0","      IMAD R8, R8, UR4, R101","24336"
"0xfff934207f00","      IMAD R11, R11, UR4, R102","24336"
"0xfff934207f10","      IADD3 R32, P3, PT, R8, UR8, RZ","24336"
"0xfff934207f20","@!P2  IADD3 R6, P4, PT, R10, R6, RZ","24336"
"0xfff934207f30","      LEA.HI.X.SX32 R33, R8, UR9, 0x1, P3","24336"
"0xfff934207f40","      IMAD R8, R9, 0x80, R73","24336"
"0xfff934207f50","@!P2  LEA.HI.X.SX32 R7, R10, R7, 0x1, P4","24336"
"0xfff934207f60","      IMAD R10, R9, 0x80, R74","24336"
"0xfff934207f70","      IADD3 R36, P3, PT, R11, UR8, RZ","24336"
"0xfff934207f80","      IMAD R12, R9, 0x80, R75","24336"
"0xfff934207f90","      LDG.E.128 R32, desc[UR40][R32.64]","24336"
"0xfff934207fa0","      IMAD R14, R9, 0x80, R76","24336"
"0xfff934207fb0","      LEA.HI.X.SX32 R37, R11, UR9, 0x1, P3","24336"
"0xfff934207fc0","      IMAD R16, R9, 0x80, R77","24336"
"0xfff934207fd0","@!P2  LDG.E.128 R64, desc[UR40][R6.64]","24336"
"0xfff934207fe0","      IMAD R42, R9, 0x80, R78","24336"
"0xfff934207ff0","      IMAD R9, R8, UR4, R101","24336"
"0xfff934208000","      LDG.E.128 R36, desc[UR40][R36.64]","24336"
"0xfff934208010","      IMAD R11, R10, UR4, R101","24336"
"0xfff934208020","      IMAD R13, R12, UR4, R101","24336"
"0xfff934208030","      IADD3 R40, P4, PT, R9, UR8, RZ","24336"
"0xfff934208040","      IMAD R15, R14, UR4, R101","24336"
"0xfff934208050","      IADD3 R8, P5, PT, R11, UR8, RZ","24336"
"0xfff934208060","      IMAD R17, R16, UR4, R101","24336"
"0xfff934208070","      IADD3 R10, P3, PT, R13, UR8, RZ","24336"
"0xfff934208080","      IMAD R42, R42, UR4, R101","24336"
"0xfff934208090","      LEA.HI.X.SX32 R41, R9, UR9, 0x1, P4","24336"
"0xfff9342080a0","      IADD3 R12, P4, PT, R15, UR8, RZ","24336"
"0xfff9342080b0","      LEA.HI.X.SX32 R9, R11, UR9, 0x1, P5","24336"
"0xfff9342080c0","      IADD3 R14, P5, PT, R17, UR8, RZ","24336"
"0xfff9342080d0","      LEA.HI.X.SX32 R11, R13, UR9, 0x1, P3","24336"
"0xfff9342080e0","      LDG.E.128 R44, desc[UR40][R8.64]","24336"
"0xfff9342080f0","      IADD3 R16, P3, PT, R42, UR8, RZ","24336"
"0xfff934208100","      LEA.HI.X.SX32 R13, R15, UR9, 0x1, P4","24336"
"0xfff934208110","      LDG.E.128 R48, desc[UR40][R10.64]","24336"
"0xfff934208120","      LEA.HI.X.SX32 R15, R17, UR9, 0x1, P5","24336"
"0xfff934208130","      LEA.HI.X.SX32 R17, R42, UR9, 0x1, P3","24336"
"0xfff934208140","      LDG.E.128 R52, desc[UR40][R12.64]","24336"
"0xfff934208150","      LDG.E.128 R40, desc[UR40][R40.64]","24336"
"0xfff934208160","      LDG.E.128 R56, desc[UR40][R14.64]","24336"
"0xfff934208170","      LDG.E.128 R60, desc[UR40][R16.64]","24336"
"0xfff934208180","      IMAD R107, R27, 0x2000, R18","24336"
"0xfff934208190","      IMAD.IADD R8, R91, 0x1, R107","24336"
"0xfff9342081a0","      SHF.R.U32.HI R9, RZ, 0x3, R8","24336"
"0xfff9342081b0","      IMAD.IADD R108, R82, 0x1, R107","24336"
"0xfff9342081c0","      LOP3.LUT R9, R8, 0x30, R9, 0x78, !PT","24336"
"0xfff9342081d0","      IMAD.IADD R8, R84, 0x1, R107","24336"
"0xfff9342081e0","      SHF.R.U32.HI R109, RZ, 0x3, R108","24336"
"0xfff9342081f0","      SHF.R.U32.HI R7, RZ, 0x3, R8","24336"
"0xfff934208200","      IMAD.IADD R6, R87, 0x1, R107","24336"
"0xfff934208210","      LOP3.LUT R109, R108, 0x30, R109, 0x78, !PT","24336"
"0xfff934208220","      IMAD.IADD R10, R86, 0x1, R107","24336"
"0xfff934208230","      LOP3.LUT R7, R8, 0x30, R7, 0x78, !PT","24336"
"0xfff934208240","      IMAD.IADD R8, R89, 0x1, R107","24336"
"0xfff934208250","      IMAD.IADD R12, R88, 0x1, R107","24336"
"0xfff934208260","      SHF.R.U32.HI R13, RZ, 0x3, R6","24336"
"0xfff934208270","      IMAD.IADD R107, R90, 0x1, R107","24336"
"0xfff934208280","      SHF.R.U32.HI R11, RZ, 0x3, R10","24336"
"0xfff934208290","      SHF.R.U32.HI R15, RZ, 0x3, R12","24336"
"0xfff9342082a0","      LOP3.LUT R13, R6, 0x30, R13, 0x78, !PT","24336"
"0xfff9342082b0","      LOP3.LUT R11, R10, 0x30, R11, 0x78, !PT","24336"
"0xfff9342082c0","      SHF.R.U32.HI R6, RZ, 0x3, R107","24336"
"0xfff9342082d0","      LOP3.LUT R15, R12, 0x30, R15, 0x78, !PT","24336"
"0xfff9342082e0","      LOP3.LUT R6, R107, 0x30, R6, 0x78, !PT","24336"
"0xfff9342082f0","      SHF.L.U32 R17, R71, 0x1f, RZ","24336"
"0xfff934208300","      BSSY B3, 0xfff934208420","24336"
"0xfff934208310","      STS.128 [R109], R32","24336"
"0xfff934208320","      STS.128 [R9], R36","24336"
"0xfff934208330","      SHF.R.U32.HI R9, RZ, 0x3, R8","24336"
"0xfff934208340","      LOP3.LUT R9, R8, 0x30, R9, 0x78, !PT","24336"
"0xfff934208350","@!P2  IMAD R8, R27, 0x200, R22","24336"
"0xfff934208360","@!P2  IMAD.IADD R8, R23, 0x1, R8","24336"
"0xfff934208370","      STS.128 [R7], R40","24336"
"0xfff934208380","      STS.128 [R11], R44","24336"
"0xfff934208390","      STS.128 [R13], R48","24336"
"0xfff9342083a0","      STS.128 [R15], R52","24336"
"0xfff9342083b0","      STS.128 [R9], R56","24336"
"0xfff9342083c0","      STS.128 [R6], R60","24336"
"0xfff9342083d0","@!P2  STS.128 [R8], R64","24336"
"0xfff9342083e0","@P0   SYNCS.ARRIVE.TRANS64.A1T0 RZ, [R106+URZ], RZ","24336"
"0xfff9342083f0","      SYNCS.PHASECHK.TRANS64.TRYWAIT P2, [R106+URZ], R17","24336"
"0xfff934208400","@!P2  BRA 0xfff934215c10","24336"
"0xfff934208410","      BSYNC B3","24336"
"0xfff934208420","      UMOV UR4, 0xffffffff","24336"
"0xfff934208430","      BRA.DIV UR4, 0xfff934215c50","24336"
"0xfff934208440","      NOP","9456"
"0xfff934208450","      MEMBAR.ALL.CTA","24336"
"0xfff934208460","      FENCE.VIEW.ASYNC.S","24336"
"0xfff934208470","      BSSY B3, 0xfff9342084c0","24336"
"0xfff934208480","@P0   SYNCS.ARRIVE.TRANS64.A1T0 RZ, [R106+URZ], RZ","24336"
"0xfff934208490","      SYNCS.PHASECHK.TRANS64.TRYWAIT P2, [R106+URZ], R105","24336"
"0xfff9342084a0","@!P2  BRA 0xfff934215cc0","24336"
"0xfff9342084b0","      BSYNC B3","24336"
"0xfff9342084c0","      UMOV UR4, 0xffffffff","24336"
"0xfff9342084d0","      BRA.DIV UR4, 0xfff934215d00","24336"
"0xfff9342084e0","      NOP","9456"
"0xfff9342084f0","@P1   VIADD R7, R104, 0x6b8","24336"
"0xfff934208500","@P1   VIADD R9, R104, 0x6d8","24336"
"0xfff934208510","      VIADD R94, R94, 0x1","24336"
"0xfff934208520","@P1   LEA R6, R2, R7, 0x18","24336"
"0xfff934208530","      VIADD R99, R99, 0x1","24336"
"0xfff934208540","@P1   LEA R8, R2, R9, 0x18","24336"
"0xfff934208550","      VIADD R102, R102, 0x40","24336"
"0xfff934208560","      ISETP.NE.AND P3, PT, R94, RZ, PT","24336"
"0xfff934208570","@P1   IMAD R6, R27, 0x8, R6","24336"
"0xfff934208580","@P1   IMAD R7, R27, 0x8, R8","24336"
"0xfff934208590","      VIADD R27, R27, 0x1","24336"
"0xfff9342085a0","@P1   SYNCS.ARRIVE.TRANS64.A1T0 RZ, [R6+URZ], RZ","24336"
"0xfff9342085b0","      VIADD R101, R101, 0x40","24336"
"0xfff9342085c0","      VIADD R100, R100, 0x200","24336"
"0xfff9342085d0","      ISETP.NE.AND P2, PT, R27, 0x2, PT","24336"
"0xfff9342085e0","      VIADD R97, R97, 0x1","24336"
"0xfff9342085f0","      SEL R6, RZ, 0x1, P2","24336"
"0xfff934208600","@P1   SYNCS.ARRIVE.TRANS64.A1T0 RZ, [R7+URZ], RZ","24336"
"0xfff934208610","      SEL R27, R27, RZ, P2","24336"
"0xfff934208620","      LOP3.LUT R29, R29, R6, RZ, 0x3c, !PT","24336"
"0xfff934208630","@P3   BRA 0xfff9342077a0","24336"
"0xfff934208640","      BSYNC B2","1504"
"0xfff934208650","      IMAD.IADD R30, R25, 0x1, R30","1024"
"0xfff934208660","      LOP3.LUT R28, R28, 0x1, RZ, 0x3c, !PT","1024"
"0xfff934208670","      ISETP.GE.AND P2, PT, R30, UR44, PT","1024"
"0xfff934208680","@!P2  BRA 0xfff934206e00","1024"
"0xfff934208690","      BSYNC B0","1024"
"0xfff9342086a0","      BRA 0xfff934215770","1024"
"0xfff9342086b0","      ISETP.NE.AND P0, PT, R30, RZ, PT","1024"
"0xfff9342086c0","      BSSY.RELIABLE B0, 0xfff934208760","1024"
"0xfff9342086d0","@!P0  BRA 0xfff934208720","1024"
"0xfff9342086e0","      ISETP.NE.AND P0, PT, R2, RZ, PT","512"
"0xfff9342086f0","@P0   BREAK.RELIABLE B0","512"
"0xfff934208700","@!P0  BRA 0xfff934208750","512"
"0xfff934208710","      BRA 0xfff934215770","0"
"0xfff934208720","      ISETP.NE.AND P0, PT, R2, RZ, PT","512"
"0xfff934208730","@P0   BREAK.RELIABLE B0","512"
"0xfff934208740","@P0   BRA 0xfff934215770","512"
"0xfff934208750","      BSYNC.RELIABLE B0","1024"
"0xfff934208760","      UMOV UR4, 0xffffffff","1024"
"0xfff934208770","      BRA.DIV UR4, 0xfff934215d70","1024"
"0xfff934208780","      ELECT P0, URZ, PT","1024"
"0xfff934208790","@!P0  BRA 0xfff934215770","1024"
"0xfff9342087a0","      S2UR UR9, SR_CTAID.X","1024"
"0xfff9342087b0","      UISETP.GE.AND UP0, UPT, UR9, UR44, UPT","1024"
"0xfff9342087c0","      BRA.U UP0, 0xfff934215770","1024"
"0xfff9342087d0","      UIADD3 UR8, UPT, UPT, UR24, 0x658, URZ","1024"
"0xfff9342087e0","      IMAD.U32 R31, RZ, RZ, UR9","1024"
"0xfff9342087f0","      USHF.R.U64 UR14, UR26, 0x4, UR27","1024"
"0xfff934208800","      LDC R32, c[0x0][0x370]","1024"
"0xfff934208810","      UIADD3 UR11, UPT, UPT, UR24, 0x610, URZ","1024"
"0xfff934208820","      IMAD.U32 R42, RZ, RZ, UR42","1024"
"0xfff934208830","      USHF.R.U64 UR13, UR34, 0x4, UR45","1024"
"0xfff934208840","      IMAD.U32 R5, RZ, RZ, UR8","1024"
"0xfff934208850","      UIADD3 UR16, UPT, UPT, UR24, 0x680, URZ","1024"
"0xfff934208860","      IMAD.U32 R43, RZ, RZ, UR23","1024"
"0xfff934208870","      UIADD3 UR17, UPT, UPT, UR24, 0x670, URZ","1024"
"0xfff934208880","      IMAD.U32 R7, RZ, RZ, UR11","1024"
"0xfff934208890","      UIADD3 UR8, UP1, UPT, UR25, 0x400, URZ","1024"
"0xfff9342088a0","      LEA R4, R2, R5, 0x18","1024"
"0xfff9342088b0","      UIADD3 UR10, UP0, UPT, UR25, 0x200, URZ","1024"
"0xfff9342088c0","      IMAD.U32 R9, RZ, RZ, UR16","1024"
"0xfff9342088d0","      ULOP3.LUT UR14, UR14, 0x3fff, URZ, 0xc0, !UPT","1024"
"0xfff9342088e0","      IMAD.U32 R27, RZ, RZ, UR17","1024"
"0xfff9342088f0","      ULOP3.LUT UR13, UR13, 0x3fff, URZ, 0xc0, !UPT","1024"
"0xfff934208900","      LEA R6, R2, R7, 0x18","1024"
"0xfff934208910","      UIADD3.X UR9, UPT, UPT, URZ, UR29, URZ, UP1, !UPT","1024"
"0xfff934208920","      LEA R8, R2, R9, 0x18","1024"
"0xfff934208930","      UIADD3.X UR11, UPT, UPT, URZ, UR29, URZ, UP0, !UPT","1024"
"0xfff934208940","      LEA R26, R2, R27, 0x18","1024"
"0xfff934208950","      ULOP3.LUT UR16, UR14, 0x10000, URZ, 0xfc, !UPT","1024"
"0xfff934208960","      VIADD R38, R42, 0x1a0","1024"
"0xfff934208970","      ULOP3.LUT UR17, UR13, 0x10000, URZ, 0xfc, !UPT","1024"
"0xfff934208980","      VIADD R39, R42, 0x1b0","1024"
"0xfff934208990","      UIADD3 UR14, UP0, UPT, UR14, 0x10100, URZ","1024"
"0xfff9342089a0","      VIADD R40, R42, 0x1c0","1024"
"0xfff9342089b0","      UIADD3 UR13, UP1, UPT, UR13, 0x10002, URZ","1024"
"0xfff9342089c0","      VIADD R41, R42, 0x1e0","1024"
"0xfff9342089d0","      USHF.R.U64 UR8, UR8, 0x4, UR9","1024"
"0xfff9342089e0","      VIADD R57, R42, 0x100","1024"
"0xfff9342089f0","      USHF.R.U64 UR12, UR25, 0x4, UR29","1024"
"0xfff934208a00","      VIADD R58, R42, 0x180","1024"
"0xfff934208a10","      UMOV UR4, URZ","1024"
"0xfff934208a20","      USHF.R.U64 UR10, UR10, 0x4, UR11","1024"
"0xfff934208a30","      IMAD.MOV.U32 R53, RZ, RZ, RZ","1024"
"0xfff934208a40","      UMOV UR5, URZ","1024"
"0xfff934208a50","      UIADD3.X UR9, UPT, UPT, UR4, -0x3fffbff0, URZ, UP0, !UPT","1024"
"0xfff934208a60","      IMAD.MOV.U32 R55, RZ, RZ, RZ","1024"
"0xfff934208a70","      UIADD3.X UR11, UPT, UPT, UR5, -0x7fffbfe0, URZ, UP1, !UPT","1024"
"0xfff934208a80","      IMAD.MOV.U32 R56, RZ, RZ, RZ","1024"
"0xfff934208a90","      ULOP3.LUT UR4, UR8, 0x3fff, URZ, 0xc0, !UPT","1024"
"0xfff934208aa0","      CS2R R44, SRZ","1024"
"0xfff934208ab0","      ULOP3.LUT UR12, UR12, 0x3fff, URZ, 0xc0, !UPT","1024"
"0xfff934208ac0","      IMAD.MOV.U32 R33, RZ, RZ, RZ","1024"
"0xfff934208ad0","      ULOP3.LUT UR5, UR10, 0x3fff, URZ, 0xc0, !UPT","1024"
"0xfff934208ae0","      CS2R R34, SRZ","1024"
"0xfff934208af0","      UIADD3 UR8, UP0, UPT, UR14, 0x100, URZ","1024"
"0xfff934208b00","      IMAD.MOV.U32 R46, RZ, RZ, RZ","1024"
"0xfff934208b10","      ULOP3.LUT UR12, UR12, 0x80000, URZ, 0xfc, !UPT","1024"
"0xfff934208b20","      CS2R R36, SRZ","1024"
"0xfff934208b30","      ULOP3.LUT UR5, UR5, 0x80000, URZ, 0xfc, !UPT","1024"
"0xfff934208b40","      VIADD R42, R42, 0x190","1024"
"0xfff934208b50","      ULOP3.LUT UR4, UR4, 0x80000, URZ, 0xfc, !UPT","1024"
"0xfff934208b60","      VIMNMX R43, PT, PT, R43, 0x1, !PT","1024"
"0xfff934208b70","      UIADD3.X UR10, UPT, UPT, UR9, URZ, URZ, UP0, !UPT","1024"
"0xfff934208b80","      IMAD.U32 R2, RZ, RZ, UR13","1024"
"0xfff934208b90","      IMAD.U32 R24, RZ, RZ, UR14","1024"
"0xfff934208ba0","      IMAD.U32 R22, RZ, RZ, UR16","1024"
"0xfff934208bb0","      IMAD.MOV.U32 R7, RZ, RZ, RZ","1024"
"0xfff934208bc0","      IMAD.U32 R20, RZ, RZ, UR17","1024"
"0xfff934208bd0","      IMAD.MOV.U32 R9, RZ, RZ, RZ","1024"
"0xfff934208be0","      VIADD R28, R4, 0x8","1024"
"0xfff934208bf0","      IMAD.MOV.U32 R27, RZ, RZ, RZ","1024"
"0xfff934208c00","      IMAD.U32 R10, RZ, RZ, UR12","1024"
"0xfff934208c10","      IMAD.MOV.U32 R5, RZ, RZ, RZ","1024"
"0xfff934208c20","      IMAD.U32 R3, RZ, RZ, UR11","1024"
"0xfff934208c30","      IMAD.U32 R25, RZ, RZ, UR9","1024"
"0xfff934208c40","      IMAD.U32 R12, RZ, RZ, UR8","1024"
"0xfff934208c50","      IMAD.MOV.U32 R23, RZ, RZ, -0x3fffbff0","1024"
"0xfff934208c60","      IMAD.MOV.U32 R21, RZ, RZ, -0x7fffbfe0","1024"
"0xfff934208c70","      IMAD.U32 R13, RZ, RZ, UR10","1024"
"0xfff934208c80","      IMAD.U32 R14, RZ, RZ, UR5","1024"
"0xfff934208c90","      IMAD.U32 R16, RZ, RZ, UR4","1024"
"0xfff934208ca0","      IMAD.MOV.U32 R29, RZ, RZ, RZ","1024"
"0xfff934208cb0","      IMAD.MOV.U32 R11, RZ, RZ, 0x4008","1024"
"0xfff934208cc0","      IMAD.MOV.U32 R15, RZ, RZ, 0x4008","1024"
"0xfff934208cd0","      IMAD.MOV.U32 R17, RZ, RZ, 0x4008","1024"
"0xfff934208ce0","      IABS R48, UR22","1024"
"0xfff934208cf0","      YIELD","1024"
"0xfff934208d00","      I2F.RP R49, R48","1024"
"0xfff934208d10","      IABS R47, R31","1024"
"0xfff934208d20","      IABS R52, UR22","1024"
"0xfff934208d30","      MUFU.RCP R49, R49","1024"
"0xfff934208d40","      VIADD R18, R49, 0xffffffe","1024"
"0xfff934208d50","      F2I.FTZ.U32.TRUNC.NTZ R19, R18","1024"
"0xfff934208d60","      IMAD.MOV.U32 R18, RZ, RZ, RZ","1024"
"0xfff934208d70","      IMAD.MOV R51, RZ, RZ, -R19","1024"
"0xfff934208d80","      IMAD R51, R51, R48, RZ","1024"
"0xfff934208d90","      IMAD.HI.U32 R50, R19, R51, R18","1024"
"0xfff934208da0","      IMAD.MOV R19, RZ, RZ, -R52","1024"
"0xfff934208db0","      IMAD.HI.U32 R18, R50, R47, RZ","1024"
"0xfff934208dc0","      IMAD R19, R18, R19, R47","1024"
"0xfff934208dd0","      ISETP.GT.U32.AND P1, PT, R48, R19, PT","1024"
"0xfff934208de0","@!P1  IMAD.IADD R19, R19, 0x1, -R48","1024"
"0xfff934208df0","@!P1  VIADD R18, R18, 0x1","1024"
"0xfff934208e00","      ISETP.NE.AND P1, PT, RZ, UR22, PT","1024"
"0xfff934208e10","      ISETP.GE.U32.AND P0, PT, R19, R48, PT","1024"
"0xfff934208e20","      LOP3.LUT R19, R31, UR22, RZ, 0x3c, !PT","1024"
"0xfff934208e30","      ISETP.GE.AND P2, PT, R19, RZ, PT","1024"
"0xfff934208e40","@P0   VIADD R18, R18, 0x1","1024"
"0xfff934208e50","@!P2  IMAD.MOV R18, RZ, RZ, -R18","1024"
"0xfff934208e60","@!P1  LOP3.LUT R18, RZ, UR22, RZ, 0x33, !PT","1024"
"0xfff934208e70","      ISETP.GE.AND P0, PT, R18, UR7, PT","1024"
"0xfff934208e80","      IMAD.MOV R18, RZ, RZ, -R18","1024"
"0xfff934208e90","      SEL R52, R43, UR6, P0","1024"
"0xfff934208ea0","      IMAD R47, R18, UR22, R31","1024"
"0xfff934208eb0","      IMAD.MOV.U32 R18, RZ, RZ, RZ","1024"
"0xfff934208ec0","      IABS R50, R52","1024"
"0xfff934208ed0","      IABS R51, R47","1024"
"0xfff934208ee0","      I2F.RP R48, R50","1024"
"0xfff934208ef0","      IABS R54, R52","1024"
"0xfff934208f00","      LOP3.LUT R47, R47, R52, RZ, 0x3c, !PT","1024"
"0xfff934208f10","      ISETP.GE.AND P2, PT, R47, RZ, PT","1024"
"0xfff934208f20","      IMAD.U32 R47, RZ, RZ, UR15","1024"
"0xfff934208f30","      MUFU.RCP R48, R48","1024"
"0xfff934208f40","      VIADD R19, R48, 0xffffffe","1024"
"0xfff934208f50","      F2I.FTZ.U32.TRUNC.NTZ R19, R19","1024"
"0xfff934208f60","      IMAD.MOV R49, RZ, RZ, -R19","1024"
"0xfff934208f70","      IMAD R49, R49, R50, RZ","1024"
"0xfff934208f80","      IMAD.HI.U32 R18, R19, R49, R18","1024"
"0xfff934208f90","      IMAD.MOV R19, RZ, RZ, -R54","1024"
"0xfff934208fa0","      IMAD.HI.U32 R18, R18, R51, RZ","1024"
"0xfff934208fb0","      IMAD R19, R18, R19, R51","1024"
"0xfff934208fc0","      ISETP.GT.U32.AND P1, PT, R50, R19, PT","1024"
"0xfff934208fd0","@!P1  IMAD.IADD R19, R19, 0x1, -R50","1024"
"0xfff934208fe0","@!P1  VIADD R18, R18, 0x1","1024"
"0xfff934208ff0","      ISETP.NE.AND P1, PT, R52, RZ, PT","1024"
"0xfff934209000","      ISETP.GE.U32.AND P0, PT, R19, R50, PT","1024"
"0xfff934209010","@P0   VIADD R18, R18, 0x1","1024"
"0xfff934209020","      IMAD.MOV.U32 R19, RZ, RZ, R18","1024"
"0xfff934209030","@!P2  IMAD.MOV R19, RZ, RZ, -R19","1024"
"0xfff934209040","@!P1  LOP3.LUT R19, RZ, R52, RZ, 0x33, !PT","1024"
"0xfff934209050","      ISETP.NE.AND P1, PT, R30, RZ, PT","1024"
"0xfff934209060","      IMAD.MOV R18, RZ, RZ, -R19","1024"
"0xfff934209070","      VIADDMNMX R18, R18, R47, UR15, PT","1024"
"0xfff934209080","@P1   BRA 0xfff9342098d0","1024"
"0xfff934209090","      S2R R60, SR_CgaCtaId","512"
"0xfff9342090a0","      ISETP.NE.AND P0, PT, R53, RZ, PT","512"
"0xfff9342090b0","      VIADD R19, R19, 0x1","512"
"0xfff9342090c0","      MOV R54, 0x400","512"
"0xfff9342090d0","      LOP3.LUT R48, R53, 0x1, RZ, 0xc0, !PT","512"
"0xfff9342090e0","      VIMNMX R49, PT, PT, R19, 0x1, PT","512"
"0xfff9342090f0","      VIADD R19, R54, 0x600","512"
"0xfff934209100","      SHF.L.U32 R48, R48, 0x1f, RZ","512"
"0xfff934209110","      LEA R59, R60, R19, 0x18","512"
"0xfff934209120","      IMAD R19, R49, 0x3000, RZ","512"
"0xfff934209130","@!P0  BRA 0xfff9342091c0","512"
"0xfff934209140","      S2R R51, SR_CgaCtaId","0"
"0xfff934209150","      MOV R47, 0x400","0"
"0xfff934209160","      VIADD R50, R47, 0x690","0"
"0xfff934209170","      SHF.L.U32 R47, R55, 0x1f, RZ","0"
"0xfff934209180","      LEA R50, R51, R50, 0x18","0"
"0xfff934209190","      SYNCS.PHASECHK.TRANS64.TRYWAIT P0, [R50+URZ], R47","0"
"0xfff9342091a0","@!P0  BRA 0xfff934215dd0","0"
"0xfff9342091b0","      LOP3.LUT R55, R55, 0x1, RZ, 0x3c, !PT","0"
"0xfff9342091c0","      SYNCS.ARRIVE.TRANS64 RZ, [R59+URZ], R19","512"
"0xfff9342091d0","      VIADD R47, R54, 0x608","512"
"0xfff9342091e0","      IMAD R19, R49, 0x600, RZ","512"
"0xfff9342091f0","      LEA R49, R60, R47, 0x18","512"
"0xfff934209200","      SYNCS.PHASECHK.TRANS64.TRYWAIT P0, [R59+URZ], R48","512"
"0xfff934209210","@!P0  BRA 0xfff934215e10","512"
"0xfff934209220","      SYNCS.ARRIVE.TRANS64 RZ, [R49+URZ], R19","512"
"0xfff934209230","      SHF.L.U32 R47, R36, 0x1f, RZ","512"
"0xfff934209240","      VIADD R19, R54, 0x618","512"
"0xfff934209250","      LEA R50, R60, R19, 0x18","512"
"0xfff934209260","      SYNCS.PHASECHK.TRANS64.TRYWAIT P0, [R49+URZ], R48","512"
"0xfff934209270","      IMAD.MOV.U32 R19, RZ, RZ, 0x1800","512"
"0xfff934209280","      IMAD R50, R45, 0x8, R50","512"
"0xfff934209290","@!P0  BRA 0xfff934215e50","512"
"0xfff9342092a0","      SYNCS.ARRIVE.TRANS64 RZ, [R50+URZ], R19","512"
"0xfff9342092b0","      VIADD R49, R54, 0x628","512"
"0xfff9342092c0","      IMAD.MOV.U32 R48, RZ, RZ, 0x600","512"
"0xfff9342092d0","      LEA R49, R60, R49, 0x18","512"
"0xfff9342092e0","      SHF.R.U32.HI R19, RZ, R46, R35","512"
"0xfff9342092f0","      IMAD R52, R46, 0x8, R49","512"
"0xfff934209300","      LOP3.LUT R19, R19, 0x1, RZ, 0xc0, !PT","512"
"0xfff934209310","      SYNCS.PHASECHK.TRANS64.TRYWAIT P0, [R50+URZ], R47","512"
"0xfff934209320","      SHF.L.U32 R19, R19, 0x1f, RZ","512"
"0xfff934209330","@!P0  BRA 0xfff934215e90","512"
"0xfff934209340","      SYNCS.ARRIVE.TRANS64 RZ, [R52+URZ], R48","512"
"0xfff934209350","      SYNCS.PHASECHK.TRANS64.TRYWAIT P0, [R52+URZ], R19","512"
"0xfff934209360","@!P0  BRA 0xfff934215ed0","512"
"0xfff934209370","      R2UR UR12, R45","512"
"0xfff934209380","      UMOV UR10, UR28","512"
"0xfff934209390","      R2UR UR9, R46","512"
"0xfff9342093a0","      UMOV UR11, UR31","512"
"0xfff9342093b0","      UMOV UR8, URZ","512"
"0xfff9342093c0","      R2UR UR16, R18","512"
"0xfff9342093d0","      VIADD R19, R54, 0x638","512"
"0xfff9342093e0","      R2UR UR64, R10","512"
"0xfff9342093f0","      UMOV UR14, URZ","512"
"0xfff934209400","      R2UR UR65, R11","512"
"0xfff934209410","      UMOV UR63, 0x4008","512"
"0xfff934209420","      LEA R48, R60, R19, 0x18","512"
"0xfff934209430","      VIADD R19, R54, 0x648","512"
"0xfff934209440","      UIMAD.WIDE.U32 UR12, UR12, 0x1800, UR10","512"
"0xfff934209450","      R2UR UR48, R58","512"
"0xfff934209460","      UIMAD.WIDE.U32 UR10, UR9, 0x800, UR38","512"
"0xfff934209470","      IMAD R48, R45, 0x8, R48","512"
"0xfff934209480","      UIADD3 UR8, UPT, UPT, UR13, UR8, URZ","512"
"0xfff934209490","      R2UR UR9, R23","512"
"0xfff9342094a0","      UIADD3 UR54, UP1, UPT, UR10, 0x200, URZ","512"
"0xfff9342094b0","      R2UR UR49, R42","512"
"0xfff9342094c0","      UIADD3 UR56, UP2, UPT, UR10, 0x400, URZ","512"
"0xfff9342094d0","      R2UR UR13, R25","512"
"0xfff9342094e0","      USHF.R.U64 UR50, UR12, 0x4, UR8","512"
"0xfff9342094f0","      R2UR UR8, R22","512"
"0xfff934209500","      UIADD3.X UR18, UPT, UPT, URZ, UR11, URZ, UP1, !UPT","512"
"0xfff934209510","      R2UR UR12, R24","512"
"0xfff934209520","      USHF.R.U64 UR62, UR10, 0x4, UR11","512"
"0xfff934209530","      R2UR UR10, R14","512"
"0xfff934209540","      UIADD3.X UR20, UPT, UPT, URZ, UR11, URZ, UP2, !UPT","512"
"0xfff934209550","      R2UR UR11, R15","512"
"0xfff934209560","      ULOP3.LUT UR50, UR50, 0x3fff, URZ, 0xc0, !UPT","512"
"0xfff934209570","      R2UR UR17, R17","512"
"0xfff934209580","      USHF.R.U64 UR54, UR54, 0x4, UR18","512"
"0xfff934209590","      R2UR UR58, R48","512"
"0xfff9342095a0","      ULOP3.LUT UR62, UR62, 0x3fff, URZ, 0xc0, !UPT","512"
"0xfff9342095b0","      R2UR UR18, R12","512"
"0xfff9342095c0","      USHF.R.U64 UR56, UR56, 0x4, UR20","512"
"0xfff9342095d0","      R2UR UR19, R13","512"
"0xfff9342095e0","      ULOP3.LUT UR46, UR50, 0x10000, URZ, 0xfc, !UPT","512"
"0xfff9342095f0","      R2UR UR20, R4","512"
"0xfff934209600","      ULOP3.LUT UR54, UR54, 0x3fff, URZ, 0xc0, !UPT","512"
"0xfff934209610","      R2UR UR21, R5","512"
"0xfff934209620","      UIADD3 UR50, UP1, UPT, UR50, 0x10080, URZ","512"
"0xfff934209630","      R2UR UR52, R6","512"
"0xfff934209640","      UISETP.NE.AND UP0, UPT, UR16, 0x1, UPT","512"
"0xfff934209650","      R2UR UR16, R16","512"
"0xfff934209660","      ULOP3.LUT UR62, UR62, 0x80000, URZ, 0xfc, !UPT","512"
"0xfff934209670","      R2UR UR53, R7","512"
"0xfff934209680","      ULOP3.LUT UR56, UR56, 0x3fff, URZ, 0xc0, !UPT","512"
"0xfff934209690","      UTCCP.T.S.4x32dp128bit tmem[UR42+0x180], gdesc[UR64]","512"
"0xfff9342096a0","      UIADD3.X UR51, UPT, UPT, UR14, -0x3fffbff0, URZ, UP1, !UPT","512"
"0xfff9342096b0","      LEA R19, R60, R19, 0x18","512"
"0xfff9342096c0","      ULOP3.LUT UR54, UR54, 0x80000, URZ, 0xfc, !UPT","512"
"0xfff9342096d0","      ISETP.NE.AND P0, PT, R45, 0x1, PT","512"
"0xfff9342096e0","      ULOP3.LUT UR56, UR56, 0x80000, URZ, 0xfc, !UPT","512"
"0xfff9342096f0","      UTCCP.T.S.4x32dp128bit tmem[UR42+0x190], gdesc[UR62]","512"
"0xfff934209700","      UIADD3.64 UR60, UPT, UPT, UR50, 0x80, URZ","512"
"0xfff934209710","      IMAD R19, R46, 0x8, R19","512"
"0xfff934209720","      UMOV UR4, 0x0","512"
"0xfff934209730","      UMOV UR5, 0x8100480","512"
"0xfff934209740","      UMOV UR47, 0xc0004010","512"
"0xfff934209750","      UMOV UR55, 0x4008","512"
"0xfff934209760","      UTCOMMA.4X gdesc[UR8], gdesc[UR46], tmem[UR42], tmem[UR4], idesc[UR5], tmem, [UR48], !UPT","512"
"0xfff934209770","      UTCCP.T.S.4x32dp128bit tmem[UR42+0x180], gdesc[UR10]","512"
"0xfff934209780","      UTCCP.T.S.4x32dp128bit tmem[UR42+0x190], gdesc[UR54]","512"
"0xfff934209790","      UMOV UR57, 0x4008","512"
"0xfff9342097a0","      UTCOMMA.4X gdesc[UR12], gdesc[UR50], tmem[UR42], tmem[UR4], idesc[UR5], tmem, [UR48], UPT","512"
"0xfff9342097b0","      UMOV UR59, URZ","512"
"0xfff9342097c0","      UTCCP.T.S.4x32dp128bit tmem[UR42+0x180], gdesc[UR16]","512"
"0xfff9342097d0","      UTCCP.T.S.4x32dp128bit tmem[UR42+0x190], gdesc[UR56]","512"
"0xfff9342097e0","      UMOV UR58, UR58","512"
"0xfff9342097f0","      UTCOMMA.4X gdesc[UR18], gdesc[UR60], tmem[UR42], tmem[UR4], idesc[UR5], tmem, [UR48], UPT","512"
"0xfff934209800","      UMOV UR20, UR20","512"
"0xfff934209810","      UTCBAR [UR58], URZ","512"
"0xfff934209820","@!UP0 UMOV UR52, UR52","512"
"0xfff934209830","      UTCBAR [UR20], URZ","512"
"0xfff934209840","      SYNCS.ARRIVE.TRANS64.A1T0 RZ, [R19+URZ], RZ","512"
"0xfff934209850","@!UP0 UTCBAR [UR52], URZ","512"
"0xfff934209860","      LOP3.LUT R45, R45, 0x1, RZ, 0x3c, !PT","512"
"0xfff934209870","      IMAD.MOV.U32 R19, RZ, RZ, 0x1","512"
"0xfff934209880","      SHF.L.U32 R48, R19, R46, RZ","512"
"0xfff934209890","      SEL R19, RZ, 0x1, P0","512"
"0xfff9342098a0","      LOP3.LUT R46, R46, 0x1, RZ, 0x3c, !PT","512"
"0xfff9342098b0","      LOP3.LUT R35, R35, R48, RZ, 0x3c, !PT","512"
"0xfff9342098c0","      LOP3.LUT R36, R36, R19, RZ, 0x3c, !PT","512"
"0xfff9342098d0","      ISETP.NE.AND P0, PT, R30, 0x1, PT","1024"
"0xfff9342098e0","      ISETP.NE.AND P2, PT, R18, 0x1, PT","1024"
"0xfff9342098f0","@P0   BRA 0xfff934209b30","1024"
"0xfff934209900","      WARPSYNC.ALL","512"
"0xfff934209910","      STTM.x16 tmem[UR42+0x100], RZ","512"
"0xfff934209920","      STTM.x16 tmem[UR42+0x110], RZ","512"
"0xfff934209930","      STTM.x16 tmem[UR42+0x120], RZ","512"
"0xfff934209940","      STTM.x16 tmem[UR42+0x130], RZ","512"
"0xfff934209950","      STTM.x16 tmem[UR42+0x140], RZ","512"
"0xfff934209960","      STTM.x16 tmem[UR42+0x150], RZ","512"
"0xfff934209970","      STTM.x16 tmem[UR42+0x160], RZ","512"
"0xfff934209980","      STTM.x16 tmem[UR42+0x170], RZ","512"
"0xfff934209990","      STTM.x16 tmem[UR42+0x200100], RZ","512"
"0xfff9342099a0","      STTM.x16 tmem[UR42+0x200110], RZ","512"
"0xfff9342099b0","      STTM.x16 tmem[UR42+0x200120], RZ","512"
"0xfff9342099c0","      STTM.x16 tmem[UR42+0x200130], RZ","512"
"0xfff9342099d0","      STTM.x16 tmem[UR42+0x200140], RZ","512"
"0xfff9342099e0","      STTM.x16 tmem[UR42+0x200150], RZ","512"
"0xfff9342099f0","      STTM.x16 tmem[UR42+0x200160], RZ","512"
"0xfff934209a00","      STTM.x16 tmem[UR42+0x200170], RZ","512"
"0xfff934209a10","      STTM.x16 tmem[UR42+0x400100], RZ","512"
"0xfff934209a20","      STTM.x16 tmem[UR42+0x400110], RZ","512"
"0xfff934209a30","      STTM.x16 tmem[UR42+0x400120], RZ","512"
"0xfff934209a40","      STTM.x16 tmem[UR42+0x400130], RZ","512"
"0xfff934209a50","      STTM.x16 tmem[UR42+0x400140], RZ","512"
"0xfff934209a60","      STTM.x16 tmem[UR42+0x400150], RZ","512"
"0xfff934209a70","      STTM.x16 tmem[UR42+0x400160], RZ","512"
"0xfff934209a80","      STTM.x16 tmem[UR42+0x400170], RZ","512"
"0xfff934209a90","      STTM.x16 tmem[UR42+0x600100], RZ","512"
"0xfff934209aa0","      STTM.x16 tmem[UR42+0x600110], RZ","512"
"0xfff934209ab0","      STTM.x16 tmem[UR42+0x600120], RZ","512"
"0xfff934209ac0","      STTM.x16 tmem[UR42+0x600130], RZ","512"
"0xfff934209ad0","      STTM.x16 tmem[UR42+0x600140], RZ","512"
"0xfff934209ae0","      STTM.x16 tmem[UR42+0x600150], RZ","512"
"0xfff934209af0","      STTM.x16 tmem[UR42+0x600160], RZ","512"
"0xfff934209b00","      STTM.x16 tmem[UR42+0x600170], RZ","512"
"0xfff934209b10","      FENCE.VIEW.ASYNC.T","512"
"0xfff934209b20","      NOP","512"
"0xfff934209b30","@P2   BRA 0xfff934209fe0","1024"
"0xfff934209b40","      ISETP.NE.AND P0, PT, R30, RZ, PT","32"
"0xfff934209b50","@!P0  BRA 0xfff93420bfc0","32"
"0xfff934209b60","      S2R R50, SR_CgaCtaId","16"
"0xfff934209b70","      MOV R47, 0x400","16"
"0xfff934209b80","      VIADD R19, R47, 0x6b8","16"
"0xfff934209b90","      LEA R49, R50, R19, 0x18","16"
"0xfff934209ba0","      SHF.L.U32 R19, R33, 0x1f, RZ","16"
"0xfff934209bb0","      IMAD R48, R44, 0x8, R49","16"
"0xfff934209bc0","      SYNCS.PHASECHK.TRANS64.TRYWAIT P0, [R48+URZ], R19","16"
"0xfff934209bd0","@!P0  BRA 0xfff934215f10","16"
"0xfff934209be0","      R2UR UR4, R44","16"
"0xfff934209bf0","      VIADD R49, R47, 0x738","16"
"0xfff934209c00","      LOP3.LUT R19, R34, 0x1, RZ, 0xc0, !PT","16"
"0xfff934209c10","      SHF.L.U32 R19, R19, 0x1f, RZ","16"
"0xfff934209c20","      LEA R48, R50, R49, 0x18","16"
"0xfff934209c30","      ULEA UR4, UP0, UR4, UR30, 0x9","16"
"0xfff934209c40","      UIADD3.X UR5, UPT, UPT, URZ, UR35, URZ, UP0, !UPT","16"
"0xfff934209c50","      USHF.R.U64 UR4, UR4, 0x4, UR5","16"
"0xfff934209c60","      UMOV UR5, 0x4008","16"
"0xfff934209c70","      ULOP3.LUT UR4, UR4, 0x3fff, URZ, 0xc0, !UPT","16"
"0xfff934209c80","      ULOP3.LUT UR4, UR4, 0x80000, URZ, 0xfc, !UPT","16"
"0xfff934209c90","      UTCCP.T.S.4x32dp128bit tmem[UR42+0x1c0], gdesc[UR4]","16"
"0xfff934209ca0","      SYNCS.PHASECHK.TRANS64.TRYWAIT P0, [R48+URZ], R19","16"
"0xfff934209cb0","@!P0  BRA 0xfff934215f50","16"
"0xfff934209cc0","      WARPSYNC.ALL","16"
"0xfff934209cd0","      R2UR UR4, R44","16"
"0xfff934209ce0","      VIADD R19, R47, 0x6c8","16"
"0xfff934209cf0","      R2UR UR10, R20","16"
"0xfff934209d00","      UMOV UR16, 0xfffefffe","16"
"0xfff934209d10","      R2UR UR11, R21","16"
"0xfff934209d20","      UMOV UR17, 0x7fffbfdf","16"
"0xfff934209d30","      LEA R19, R50, R19, 0x18","16"
"0xfff934209d40","      UMOV UR9, URZ","16"
"0xfff934209d50","      R2UR UR14, R57","16"
"0xfff934209d60","      VIADD R47, R47, 0x728","16"
"0xfff934209d70","      R2UR UR50, R38","16"
"0xfff934209d80","      IMAD R19, R44, 0x8, R19","16"
"0xfff934209d90","      R2UR UR51, R40","16"
"0xfff934209da0","      UIMAD.WIDE.U32 UR4, UR4, 0x2000, UR36","16"
"0xfff934209db0","      R2UR UR46, R2","16"
"0xfff934209dc0","      NOP","16"
"0xfff934209dd0","      R2UR UR47, R3","16"
"0xfff934209de0","      USHF.R.U64 UR5, UR4, 0x4, UR5","16"
"0xfff934209df0","      R2UR UR48, R8","16"
"0xfff934209e00","      UMOV UR18, 0x0","16"
"0xfff934209e10","      R2UR UR4, R19","16"
"0xfff934209e20","      ULOP3.LUT UR8, UR5, 0x3fff, URZ, 0xc0, !UPT","16"
"0xfff934209e30","      R2UR UR49, R9","16"
"0xfff934209e40","      UMOV UR19, 0x8a00480","16"
"0xfff934209e50","      R2UR UR12, R26","16"
"0xfff934209e60","      UIADD3.64 UR16, UPT, UPT, UR8, -UR16, URZ","16"
"0xfff934209e70","      R2UR UR13, R27","16"
"0xfff934209e80","      ULOP3.LUT UR8, UR8, 0x10000, URZ, 0xfc, !UPT","16"
"0xfff934209e90","      NOP","16"
"0xfff934209ea0","      UMOV UR9, 0x80004020","16"
"0xfff934209eb0","      UMOV UR5, URZ","16"
"0xfff934209ec0","      UMOV UR20, 0x0","16"
"0xfff934209ed0","      UMOV UR21, 0x48a004a0","16"
"0xfff934209ee0","      LEA R47, R50, R47, 0x18","16"
"0xfff934209ef0","      UMOV UR4, UR4","16"
"0xfff934209f00","      UMOV UR48, UR48","16"
"0xfff934209f10","      UTCOMMA gdesc[UR10], gdesc[UR8], tmem[UR14], tmem[UR18], idesc[UR19], tmem, [UR50], !UPT","16"
"0xfff934209f20","      UTCOMMA gdesc[UR46], gdesc[UR16], tmem[UR14], tmem[UR20], idesc[UR21], tmem, [UR50], UPT","16"
"0xfff934209f30","      UTCBAR [UR4], URZ","16"
"0xfff934209f40","      UMOV UR12, UR12","16"
"0xfff934209f50","      UTCBAR [UR48], URZ","16"
"0xfff934209f60","      SYNCS.ARRIVE.TRANS64.A1T0 RZ, [R47+URZ], RZ","16"
"0xfff934209f70","      UTCBAR [UR12], URZ","16"
"0xfff934209f80","      ISETP.NE.AND P0, PT, R44, 0x1, PT","16"
"0xfff934209f90","      LOP3.LUT R44, R44, 0x1, RZ, 0x3c, !PT","16"
"0xfff934209fa0","      SEL R48, RZ, 0x1, P0","16"
"0xfff934209fb0","      LOP3.LUT R34, R34, 0x1, RZ, 0x3c, !PT","16"
"0xfff934209fc0","      LOP3.LUT R33, R33, R48, RZ, 0x3c, !PT","16"
"0xfff934209fd0","      BRA 0xfff93420bfc0","16"
"0xfff934209fe0","@P1   BRA 0xfff93420a6d0","992"
"0xfff934209ff0","      S2UR UR5, SR_CgaCtaId","496"
"0xfff93420a000","      UMOV UR4, 0x400","496"
"0xfff93420a010","      IMAD.MOV.U32 R50, RZ, RZ, 0x1800","496"
"0xfff93420a020","      SHF.L.U32 R52, R36, 0x1f, RZ","496"
"0xfff93420a030","      IMAD.U32 R19, RZ, RZ, UR4","496"
"0xfff93420a040","      VIADD R48, R19, 0x618","496"
"0xfff93420a050","      IMAD.U32 R47, RZ, RZ, UR5","496"
"0xfff93420a060","      LEA R48, R47, R48, 0x18","496"
"0xfff93420a070","      IMAD R49, R45, 0x8, R48","496"
"0xfff93420a080","      VIADD R48, R19, 0x628","496"
"0xfff93420a090","      SYNCS.ARRIVE.TRANS64 RZ, [R49+URZ], R50","496"
"0xfff93420a0a0","      LEA R51, R47, R48, 0x18","496"
"0xfff93420a0b0","      IMAD R51, R46, 0x8, R51","496"
"0xfff93420a0c0","      SHF.R.U32.HI R50, RZ, R46, R35","496"
"0xfff93420a0d0","      LOP3.LUT R54, R50, 0x1, RZ, 0xc0, !PT","496"
"0xfff93420a0e0","      IMAD.MOV.U32 R50, RZ, RZ, 0x600","496"
"0xfff93420a0f0","      SYNCS.PHASECHK.TRANS64.TRYWAIT P1, [R49+URZ], R52","496"
"0xfff93420a100","      SHF.L.U32 R48, R54, 0x1f, RZ","496"
"0xfff93420a110","@!P1  BRA 0xfff934215f90","496"
"0xfff93420a120","      SYNCS.ARRIVE.TRANS64 RZ, [R51+URZ], R50","496"
"0xfff93420a130","      SYNCS.PHASECHK.TRANS64.TRYWAIT P1, [R51+URZ], R48","496"
"0xfff93420a140","@!P1  BRA 0xfff934215fd0","496"
"0xfff93420a150","      R2UR UR12, R45","496"
"0xfff93420a160","      UMOV UR10, UR28","496"
"0xfff93420a170","      R2UR UR9, R46","496"
"0xfff93420a180","      UMOV UR11, UR31","496"
"0xfff93420a190","      UMOV UR8, URZ","496"
"0xfff93420a1a0","      R2UR UR16, R18","496"
"0xfff93420a1b0","      VIADD R48, R19, 0x638","496"
"0xfff93420a1c0","      R2UR UR64, R10","496"
"0xfff93420a1d0","      UIADD3 UR59, UPT, UPT, UR42, 0x80, URZ","496"
"0xfff93420a1e0","      R2UR UR65, R11","496"
"0xfff93420a1f0","      UMOV UR14, URZ","496"
"0xfff93420a200","      LEA R48, R47, R48, 0x18","496"
"0xfff93420a210","      UMOV UR63, 0x4008","496"
"0xfff93420a220","      UIMAD.WIDE.U32 UR12, UR12, 0x1800, UR10","496"
"0xfff93420a230","      R2UR UR48, R58","496"
"0xfff93420a240","      UIMAD.WIDE.U32 UR10, UR9, 0x800, UR38","496"
"0xfff93420a250","      R2UR UR49, R42","496"
"0xfff93420a260","      UIADD3 UR8, UPT, UPT, UR13, UR8, URZ","496"
"0xfff93420a270","      IMAD R49, R45, 0x8, R48","496"
"0xfff93420a280","      UIADD3 UR18, UP0, UPT, UR10, 0x200, URZ","496"
"0xfff93420a290","      R2UR UR13, R25","496"
"0xfff93420a2a0","      USHF.R.U64 UR9, UR10, 0x4, UR11","496"
"0xfff93420a2b0","      R2UR UR17, R17","496"
"0xfff93420a2c0","      UIADD3 UR20, UP1, UPT, UR10, 0x400, URZ","496"
"0xfff93420a2d0","      R2UR UR10, R14","496"
"0xfff93420a2e0","      USHF.R.U64 UR50, UR12, 0x4, UR8","496"
"0xfff93420a2f0","      R2UR UR8, R22","496"
"0xfff93420a300","      UIADD3.X UR19, UPT, UPT, URZ, UR11, URZ, UP0, !UPT","496"
"0xfff93420a310","      R2UR UR12, R24","496"
"0xfff93420a320","      UIADD3.X UR21, UPT, UPT, URZ, UR11, URZ, UP1, !UPT","496"
"0xfff93420a330","      R2UR UR11, R15","496"
"0xfff93420a340","      ULOP3.LUT UR50, UR50, 0x3fff, URZ, 0xc0, !UPT","496"
"0xfff93420a350","      R2UR UR58, R49","496"
"0xfff93420a360","      USHF.R.U64 UR47, UR18, 0x4, UR19","496"
"0xfff93420a370","      R2UR UR18, R12","496"
"0xfff93420a380","      ULOP3.LUT UR62, UR9, 0x3fff, URZ, 0xc0, !UPT","496"
"0xfff93420a390","      R2UR UR9, R23","496"
"0xfff93420a3a0","      USHF.R.U64 UR51, UR20, 0x4, UR21","496"
"0xfff93420a3b0","      R2UR UR19, R13","496"
"0xfff93420a3c0","      ULOP3.LUT UR46, UR50, 0x10000, URZ, 0xfc, !UPT","496"
"0xfff93420a3d0","      R2UR UR20, R28","496"
"0xfff93420a3e0","      ULOP3.LUT UR47, UR47, 0x3fff, URZ, 0xc0, !UPT","496"
"0xfff93420a3f0","      R2UR UR21, R29","496"
"0xfff93420a400","      UIADD3 UR50, UP0, UPT, UR50, 0x10080, URZ","496"
"0xfff93420a410","      UTCCP.T.S.4x32dp128bit tmem[UR42+0x180], gdesc[UR64]","496"
"0xfff93420a420","      UISETP.NE.AND UP2, UPT, UR16, 0x2, UPT","496"
"0xfff93420a430","      R2UR UR16, R16","496"
"0xfff93420a440","      ULOP3.LUT UR62, UR62, 0x80000, URZ, 0xfc, !UPT","496"
"0xfff93420a450","      VIADD R48, R19, 0x648","496"
"0xfff93420a460","      ULOP3.LUT UR56, UR51, 0x3fff, URZ, 0xc0, !UPT","496"
"0xfff93420a470","      R2UR UR52, R6","496"
"0xfff93420a480","      UIADD3.X UR51, UPT, UPT, UR14, -0x3fffbff0, URZ, UP0, !UPT","496"
"0xfff93420a490","      R2UR UR53, R7","496"
"0xfff93420a4a0","      ULOP3.LUT UR54, UR47, 0x80000, URZ, 0xfc, !UPT","496"
"0xfff93420a4b0","      LEA R49, R47, R48, 0x18","496"
"0xfff93420a4c0","      ULOP3.LUT UR56, UR56, 0x80000, URZ, 0xfc, !UPT","496"
"0xfff93420a4d0","      UTCCP.T.S.4x32dp128bit tmem[UR42+0x190], gdesc[UR62]","496"
"0xfff93420a4e0","      UIADD3.64 UR60, UPT, UPT, UR50, 0x80, URZ","496"
"0xfff93420a4f0","      ISETP.NE.AND P1, PT, R45, 0x1, PT","496"
"0xfff93420a500","      UMOV UR4, 0x0","496"
"0xfff93420a510","      UMOV UR5, 0x8100480","496"
"0xfff93420a520","      UMOV UR47, 0xc0004010","496"
"0xfff93420a530","      UMOV UR55, 0x4008","496"
"0xfff93420a540","      UTCOMMA.4X gdesc[UR8], gdesc[UR46], tmem[UR59], tmem[UR4], idesc[UR5], tmem, [UR48], !UPT","496"
"0xfff93420a550","      UTCCP.T.S.4x32dp128bit tmem[UR42+0x180], gdesc[UR10]","496"
"0xfff93420a560","      UTCCP.T.S.4x32dp128bit tmem[UR42+0x190], gdesc[UR54]","496"
"0xfff93420a570","      UMOV UR57, 0x4008","496"
"0xfff93420a580","      UTCOMMA.4X gdesc[UR12], gdesc[UR50], tmem[UR59], tmem[UR4], idesc[UR5], tmem, [UR48], UPT","496"
"0xfff93420a590","      UTCCP.T.S.4x32dp128bit tmem[UR42+0x180], gdesc[UR16]","496"
"0xfff93420a5a0","      UTCCP.T.S.4x32dp128bit tmem[UR42+0x190], gdesc[UR56]","496"
"0xfff93420a5b0","      UTCOMMA.4X gdesc[UR18], gdesc[UR60], tmem[UR59], tmem[UR4], idesc[UR5], tmem, [UR48], UPT","496"
"0xfff93420a5c0","      IMAD R48, R46, 0x8, R49","496"
"0xfff93420a5d0","      UMOV UR20, UR20","496"
"0xfff93420a5e0","@!UP2 UMOV UR52, UR52","496"
"0xfff93420a5f0","      IMAD.MOV.U32 R49, RZ, RZ, 0x1","496"
"0xfff93420a600","      LOP3.LUT R45, R45, 0x1, RZ, 0x3c, !PT","496"
"0xfff93420a610","      UMOV UR59, URZ","496"
"0xfff93420a620","      UMOV UR58, UR58","496"
"0xfff93420a630","      UTCBAR [UR58], URZ","496"
"0xfff93420a640","      UTCBAR [UR20], URZ","496"
"0xfff93420a650","      SYNCS.ARRIVE.TRANS64.A1T0 RZ, [R48+URZ], RZ","496"
"0xfff93420a660","@!UP2 UTCBAR [UR52], URZ","496"
"0xfff93420a670","      SHF.L.U32 R48, R49, R46, RZ","496"
"0xfff93420a680","      SEL R49, RZ, 0x1, P1","496"
"0xfff93420a690","      LOP3.LUT R35, R35, R48, RZ, 0x3c, !PT","496"
"0xfff93420a6a0","      LOP3.LUT R36, R36, R49, RZ, 0x3c, !PT","496"
"0xfff93420a6b0","      LOP3.LUT R46, R46, 0x1, RZ, 0x3c, !PT","496"
"0xfff93420a6c0","      BRA 0xfff93420ab10","496"
"0xfff93420a6d0","      S2UR UR5, SR_CgaCtaId","496"
"0xfff93420a6e0","      UMOV UR4, 0x400","496"
"0xfff93420a6f0","      IMAD.U32 R19, RZ, RZ, UR4","496"
"0xfff93420a700","      VIADD R48, R19, 0x6b8","496"
"0xfff93420a710","      IMAD.U32 R47, RZ, RZ, UR5","496"
"0xfff93420a720","      LEA R49, R47, R48, 0x18","496"
"0xfff93420a730","      SHF.L.U32 R48, R33, 0x1f, RZ","496"
"0xfff93420a740","      IMAD R49, R44, 0x8, R49","496"
"0xfff93420a750","      SYNCS.PHASECHK.TRANS64.TRYWAIT P1, [R49+URZ], R48","496"
"0xfff93420a760","@!P1  BRA 0xfff934216010","496"
"0xfff93420a770","      R2UR UR4, R44","496"
"0xfff93420a780","      VIADD R50, R19, 0x738","496"
"0xfff93420a790","      LOP3.LUT R48, R34, 0x1, RZ, 0xc0, !PT","496"
"0xfff93420a7a0","      SHF.L.U32 R48, R48, 0x1f, RZ","496"
"0xfff93420a7b0","      LEA R49, R47, R50, 0x18","496"
"0xfff93420a7c0","      ULEA UR4, UP0, UR4, UR30, 0x9","496"
"0xfff93420a7d0","      UIADD3.X UR5, UPT, UPT, URZ, UR35, URZ, UP0, !UPT","496"
"0xfff93420a7e0","      USHF.R.U64 UR4, UR4, 0x4, UR5","496"
"0xfff93420a7f0","      UMOV UR5, 0x4008","496"
"0xfff93420a800","      ULOP3.LUT UR4, UR4, 0x3fff, URZ, 0xc0, !UPT","496"
"0xfff93420a810","      ULOP3.LUT UR4, UR4, 0x80000, URZ, 0xfc, !UPT","496"
"0xfff93420a820","      UTCCP.T.S.4x32dp128bit tmem[UR42+0x1c0], gdesc[UR4]","496"
"0xfff93420a830","      SYNCS.PHASECHK.TRANS64.TRYWAIT P1, [R49+URZ], R48","496"
"0xfff93420a840","@!P1  BRA 0xfff934216050","496"
"0xfff93420a850","      WARPSYNC.ALL","496"
"0xfff93420a860","      R2UR UR10, R44","496"
"0xfff93420a870","      VIADD R48, R19, 0x6c8","496"
"0xfff93420a880","      R2UR UR8, R20","496"
"0xfff93420a890","      UMOV UR5, URZ","496"
"0xfff93420a8a0","      R2UR UR9, R21","496"
"0xfff93420a8b0","      NOP","496"
"0xfff93420a8c0","      LEA R49, R47, R48, 0x18","496"
"0xfff93420a8d0","      VIADD R48, R19, 0x728","496"
"0xfff93420a8e0","      R2UR UR14, R57","496"
"0xfff93420a8f0","      UMOV UR12, 0x0","496"
"0xfff93420a900","      R2UR UR48, R38","496"
"0xfff93420a910","      IMAD R49, R44, 0x8, R49","496"
"0xfff93420a920","      R2UR UR49, R40","496"
"0xfff93420a930","      UIMAD.WIDE.U32 UR10, UR10, 0x2000, UR36","496"
"0xfff93420a940","      R2UR UR20, R2","496"
"0xfff93420a950","      UMOV UR13, 0x8a00480","496"
"0xfff93420a960","      R2UR UR4, R49","496"
"0xfff93420a970","      USHF.R.U64 UR10, UR10, 0x4, UR11","496"
"0xfff93420a980","      R2UR UR21, R3","496"
"0xfff93420a990","      UMOV UR18, 0x0","496"
"0xfff93420a9a0","      R2UR UR46, R8","496"
"0xfff93420a9b0","      ULOP3.LUT UR10, UR10, 0x3fff, URZ, 0xc0, !UPT","496"
"0xfff93420a9c0","      R2UR UR47, R9","496"
"0xfff93420a9d0","      UMOV UR11, 0x80004020","496"
"0xfff93420a9e0","      UMOV UR19, 0x48a004a0","496"
"0xfff93420a9f0","      UIADD3 UR16, UP0, UPT, UR10, 0x10002, URZ","496"
"0xfff93420aa00","      NOP","496"
"0xfff93420aa10","      ULOP3.LUT UR10, UR10, 0x10000, URZ, 0xfc, !UPT","496"
"0xfff93420aa20","      LEA R48, R47, R48, 0x18","496"
"0xfff93420aa30","      UIADD3.X UR17, UPT, UPT, UR5, -0x7fffbfe0, URZ, UP0, !UPT","496"
"0xfff93420aa40","      ISETP.NE.AND P1, PT, R44, 0x1, PT","496"
"0xfff93420aa50","      UMOV UR5, URZ","496"
"0xfff93420aa60","      LOP3.LUT R44, R44, 0x1, RZ, 0x3c, !PT","496"
"0xfff93420aa70","      UMOV UR4, UR4","496"
"0xfff93420aa80","      UMOV UR46, UR46","496"
"0xfff93420aa90","      UTCOMMA gdesc[UR8], gdesc[UR10], tmem[UR14], tmem[UR12], idesc[UR13], tmem, [UR48], !UPT","496"
"0xfff93420aaa0","      LOP3.LUT R34, R34, 0x1, RZ, 0x3c, !PT","496"
"0xfff93420aab0","      UTCOMMA gdesc[UR20], gdesc[UR16], tmem[UR14], tmem[UR18], idesc[UR19], tmem, [UR48], UPT","496"
"0xfff93420aac0","      UTCBAR [UR4], URZ","496"
"0xfff93420aad0","      UTCBAR [UR46], URZ","496"
"0xfff93420aae0","      SYNCS.ARRIVE.TRANS64.A1T0 RZ, [R48+URZ], RZ","496"
"0xfff93420aaf0","      SEL R48, RZ, 0x1, P1","496"
"0xfff93420ab00","      LOP3.LUT R33, R33, R48, RZ, 0x3c, !PT","496"
"0xfff93420ab10","      ISETP.GE.AND P1, PT, R18, 0x3, PT","992"
"0xfff93420ab20","      VIADD R48, R18, 0xffffffff","992"
"0xfff93420ab30","@!P1  BRA 0xfff93420b9a0","992"
"0xfff93420ab40","      ISETP.NE.AND P0, PT, R30, 0x1, PT","960"
"0xfff93420ab50","      VIADD R50, R18, 0xfffffffe","960"
"0xfff93420ab60","      IMAD.MOV.U32 R49, RZ, RZ, 0x1","960"
"0xfff93420ab70","      YIELD","14880"
"0xfff93420ab80","      LOP3.LUT R59, R49, 0x1, RZ, 0xc0, !PT","14880"
"0xfff93420ab90","@P0   BRA 0xfff93420ac30","14880"
"0xfff93420aba0","      S2R R52, SR_CgaCtaId","7440"
"0xfff93420abb0","      MOV R19, 0x400","7440"
"0xfff93420abc0","      VIADD R47, R19, 0x678","7440"
"0xfff93420abd0","      SHF.L.U32 R19, R56, 0x1f, RZ","7440"
"0xfff93420abe0","      LEA R52, R52, R47, 0x18","7440"
"0xfff93420abf0","      SYNCS.PHASECHK.TRANS64.TRYWAIT P1, [R52+URZ], R19","7440"
"0xfff93420ac00","@!P1  BRA 0xfff934216090","7440"
"0xfff93420ac10","      LOP3.LUT R56, R56, 0x1, RZ, 0x3c, !PT","7440"
"0xfff93420ac20","      BRA 0xfff93420b430","7440"
"0xfff93420ac30","      ISETP.NE.AND P1, PT, R30, RZ, PT","7440"
"0xfff93420ac40","@P1   BRA 0xfff93420b430","7440"
"0xfff93420ac50","      S2UR UR5, SR_CgaCtaId","7440"
"0xfff93420ac60","      UMOV UR4, 0x400","7440"
"0xfff93420ac70","      IMAD.MOV.U32 R51, RZ, RZ, 0x1800","7440"
"0xfff93420ac80","      SHF.L.U32 R63, R36, 0x1f, RZ","7440"
"0xfff93420ac90","      IMAD.U32 R19, RZ, RZ, UR4","7440"
"0xfff93420aca0","      IMAD.MOV.U32 R60, RZ, RZ, 0x600","7440"
"0xfff93420acb0","      VIADD R52, R19, 0x618","7440"
"0xfff93420acc0","      VIADD R54, R19, 0x628","7440"
"0xfff93420acd0","      IMAD.U32 R47, RZ, RZ, UR5","7440"
"0xfff93420ace0","      LEA R52, R47, R52, 0x18","7440"
"0xfff93420acf0","      LEA R61, R47, R54, 0x18","7440"
"0xfff93420ad00","      IMAD R52, R45, 0x8, R52","7440"
"0xfff93420ad10","      IMAD R61, R46, 0x8, R61","7440"
"0xfff93420ad20","      SYNCS.ARRIVE.TRANS64 RZ, [R52+URZ], R51","7440"
"0xfff93420ad30","      SHF.R.U32.HI R51, RZ, R46, R35","7440"
"0xfff93420ad40","      LOP3.LUT R51, R51, 0x1, RZ, 0xc0, !PT","7440"
"0xfff93420ad50","      SYNCS.PHASECHK.TRANS64.TRYWAIT P1, [R52+URZ], R63","7440"
"0xfff93420ad60","      SHF.L.U32 R54, R51, 0x1f, RZ","7440"
"0xfff93420ad70","@!P1  BRA 0xfff9342160d0","7440"
"0xfff93420ad80","      SYNCS.ARRIVE.TRANS64 RZ, [R61+URZ], R60","7440"
"0xfff93420ad90","      IMAD.SHL.U32 R52, R59, 0x8, RZ","7440"
"0xfff93420ada0","      VIADD R62, R19, 0x6e8","7440"
"0xfff93420adb0","      LOP3.LUT R63, R52, 0x8, RZ, 0x3c, !PT","7440"
"0xfff93420adc0","      LEA R62, R47, R62, 0x18","7440"
"0xfff93420add0","      LOP3.LUT R60, R59, 0x1, RZ, 0x3c, !PT","7440"
"0xfff93420ade0","      IMAD.IADD R65, R62, 0x1, R63","7440"
"0xfff93420adf0","      SHF.R.U32.HI R51, RZ, R60, R37","7440"
"0xfff93420ae00","      SYNCS.PHASECHK.TRANS64.TRYWAIT P1, [R61+URZ], R54","7440"
"0xfff93420ae10","      LOP3.LUT R51, R51, 0x1, RZ, 0xc0, !PT","7440"
"0xfff93420ae20","      SHF.L.U32 R52, R51, 0x1f, RZ","7440"
"0xfff93420ae30","@!P1  BRA 0xfff934216110","7440"
"0xfff93420ae40","      SYNCS.PHASECHK.TRANS64.TRYWAIT P1, [R65+URZ], R52","7440"
"0xfff93420ae50","      IMAD.SHL.U32 R51, R59, 0x80, RZ","7440"
"0xfff93420ae60","      ISETP.NE.AND P2, PT, R49, R50, PT","7440"
"0xfff93420ae70","      LOP3.LUT R51, R51, 0x80, RZ, 0x3c, !PT","7440"
"0xfff93420ae80","@!P1  BRA 0xfff934216150","7440"
"0xfff93420ae90","      R2UR UR12, R45","7440"
"0xfff93420aea0","      UMOV UR10, UR28","7440"
"0xfff93420aeb0","      R2UR UR16, R46","7440"
"0xfff93420aec0","      UMOV UR11, UR31","7440"
"0xfff93420aed0","      UMOV UR4, URZ","7440"
"0xfff93420aee0","      VIADD R52, R19, 0x638","7440"
"0xfff93420aef0","      R2UR UR64, R10","7440"
"0xfff93420af00","      VIADD R51, R51, UR42","7440"
"0xfff93420af10","      R2UR UR65, R11","7440"
"0xfff93420af20","      IMAD.IADD R63, R4, 0x1, R63","7440"
"0xfff93420af30","      LEA R52, R47, R52, 0x18","7440"
"0xfff93420af40","      UMOV UR5, URZ","7440"
"0xfff93420af50","      R2UR UR14, R51","7440"
"0xfff93420af60","      UIMAD.WIDE.U32 UR12, UR12, 0x1800, UR10","7440"
"0xfff93420af70","      R2UR UR48, R58","7440"
"0xfff93420af80","      UIMAD.WIDE.U32 UR10, UR16, 0x800, UR38","7440"
"0xfff93420af90","      IMAD R51, R45, 0x8, R52","7440"
"0xfff93420afa0","      UIADD3 UR50, UPT, UPT, UR13, UR4, URZ","7440"
"0xfff93420afb0","      R2UR UR49, R42","7440"
"0xfff93420afc0","      UIADD3 UR54, UP0, UPT, UR10, 0x200, URZ","7440"
"0xfff93420afd0","      R2UR UR13, R15","7440"
"0xfff93420afe0","      UIADD3 UR56, UP1, UPT, UR10, 0x400, URZ","7440"
"0xfff93420aff0","      R2UR UR16, R24","7440"
"0xfff93420b000","      USHF.R.U64 UR50, UR12, 0x4, UR50","7440"
"0xfff93420b010","      R2UR UR12, R14","7440"
"0xfff93420b020","      UIADD3.X UR18, UPT, UPT, URZ, UR11, URZ, UP0, !UPT","7440"
"0xfff93420b030","      R2UR UR17, R25","7440"
"0xfff93420b040","      USHF.R.U64 UR62, UR10, 0x4, UR11","7440"
"0xfff93420b050","      R2UR UR10, R22","7440"
"0xfff93420b060","      UIADD3.X UR20, UPT, UPT, URZ, UR11, URZ, UP1, !UPT","7440"
"0xfff93420b070","      R2UR UR11, R23","7440"
"0xfff93420b080","      ULOP3.LUT UR50, UR50, 0x3fff, URZ, 0xc0, !UPT","7440"
"0xfff93420b090","      R2UR UR19, R17","7440"
"0xfff93420b0a0","      USHF.R.U64 UR54, UR54, 0x4, UR18","7440"
"0xfff93420b0b0","      R2UR UR18, R16","7440"
"0xfff93420b0c0","      ULOP3.LUT UR62, UR62, 0x3fff, URZ, 0xc0, !UPT","7440"
"0xfff93420b0d0","      R2UR UR58, R51","7440"
"0xfff93420b0e0","      USHF.R.U64 UR56, UR56, 0x4, UR20","7440"
"0xfff93420b0f0","      R2UR UR4, R63","7440"
"0xfff93420b100","      ULOP3.LUT UR46, UR50, 0x10000, URZ, 0xfc, !UPT","7440"
"0xfff93420b110","      R2UR UR20, R12","7440"
"0xfff93420b120","      ULOP3.LUT UR54, UR54, 0x3fff, URZ, 0xc0, !UPT","7440"
"0xfff93420b130","      R2UR UR21, R13","7440"
"0xfff93420b140","      UIADD3 UR50, UP0, UPT, UR50, 0x10080, URZ","7440"
"0xfff93420b150","      VIADD R52, R19, 0x648","7440"
"0xfff93420b160","      ULOP3.LUT UR62, UR62, 0x80000, URZ, 0xfc, !UPT","7440"
"0xfff93420b170","      R2UR UR52, R6","7440"
"0xfff93420b180","      ULOP3.LUT UR56, UR56, 0x3fff, URZ, 0xc0, !UPT","7440"
"0xfff93420b190","      R2UR UR53, R7","7440"
"0xfff93420b1a0","      UIADD3.X UR51, UPT, UPT, UR5, -0x3fffbff0, URZ, UP0, !UPT","7440"
"0xfff93420b1b0","      UTCCP.T.S.4x32dp128bit tmem[UR42+0x180], gdesc[UR64]","7440"
"0xfff93420b1c0","      ULOP3.LUT UR54, UR54, 0x80000, URZ, 0xfc, !UPT","7440"
"0xfff93420b1d0","      LEA R51, R47, R52, 0x18","7440"
"0xfff93420b1e0","      ULOP3.LUT UR56, UR56, 0x80000, URZ, 0xfc, !UPT","7440"
"0xfff93420b1f0","      ISETP.NE.AND P1, PT, R45, 0x1, PT","7440"
"0xfff93420b200","      UMOV UR63, 0x4008","7440"
"0xfff93420b210","      UIADD3.64 UR60, UPT, UPT, UR50, 0x80, URZ","7440"
"0xfff93420b220","      UTCCP.T.S.4x32dp128bit tmem[UR42+0x190], gdesc[UR62]","7440"
"0xfff93420b230","      UMOV UR8, 0x0","7440"
"0xfff93420b240","      UMOV UR9, 0x8100480","7440"
"0xfff93420b250","      UMOV UR47, 0xc0004010","7440"
"0xfff93420b260","      UMOV UR55, 0x4008","7440"
"0xfff93420b270","      UTCOMMA.4X gdesc[UR10], gdesc[UR46], tmem[UR14], tmem[UR8], idesc[UR9], tmem, [UR48], !UPT","7440"
"0xfff93420b280","      UTCCP.T.S.4x32dp128bit tmem[UR42+0x180], gdesc[UR12]","7440"
"0xfff93420b290","      UTCCP.T.S.4x32dp128bit tmem[UR42+0x190], gdesc[UR54]","7440"
"0xfff93420b2a0","      VOTEU.ALL UP2, P2","7440"
"0xfff93420b2b0","      UMOV UR57, 0x4008","7440"
"0xfff93420b2c0","      UTCOMMA.4X gdesc[UR16], gdesc[UR50], tmem[UR14], tmem[UR8], idesc[UR9], tmem, [UR48], UPT","7440"
"0xfff93420b2d0","      UMOV UR59, URZ","7440"
"0xfff93420b2e0","      UTCCP.T.S.4x32dp128bit tmem[UR42+0x180], gdesc[UR18]","7440"
"0xfff93420b2f0","      UTCCP.T.S.4x32dp128bit tmem[UR42+0x190], gdesc[UR56]","7440"
"0xfff93420b300","      IMAD R51, R46, 0x8, R51","7440"
"0xfff93420b310","      UMOV UR58, UR58","7440"
"0xfff93420b320","      UTCOMMA.4X gdesc[UR20], gdesc[UR60], tmem[UR14], tmem[UR8], idesc[UR9], tmem, [UR48], UPT","7440"
"0xfff93420b330","      UMOV UR4, UR4","7440"
"0xfff93420b340","      UTCBAR [UR58], URZ","7440"
"0xfff93420b350","@!UP2 UMOV UR52, UR52","7440"
"0xfff93420b360","      UTCBAR [UR4], URZ","7440"
"0xfff93420b370","      SYNCS.ARRIVE.TRANS64.A1T0 RZ, [R51+URZ], RZ","7440"
"0xfff93420b380","@!UP2 UTCBAR [UR52], URZ","7440"
"0xfff93420b390","      LOP3.LUT R45, R45, 0x1, RZ, 0x3c, !PT","7440"
"0xfff93420b3a0","      IMAD.MOV.U32 R51, RZ, RZ, 0x1","7440"
"0xfff93420b3b0","      SHF.L.U32 R52, R51, R46, RZ","7440"
"0xfff93420b3c0","      SHF.L.U32 R54, R51, R60, RZ","7440"
"0xfff93420b3d0","      SEL R51, RZ, 0x1, P1","7440"
"0xfff93420b3e0","      LOP3.LUT R35, R35, R52, RZ, 0x3c, !PT","7440"
"0xfff93420b3f0","      LOP3.LUT R37, R54, R37, RZ, 0x3c, !PT","7440"
"0xfff93420b400","      LOP3.LUT R36, R36, R51, RZ, 0x3c, !PT","7440"
"0xfff93420b410","      LOP3.LUT R46, R46, 0x1, RZ, 0x3c, !PT","7440"
"0xfff93420b420","      BRA 0xfff93420b970","7440"
"0xfff93420b430","      S2UR UR5, SR_CgaCtaId","7440"
"0xfff93420b440","      UMOV UR4, 0x400","7440"
"0xfff93420b450","      IMAD.U32 R19, RZ, RZ, UR4","7440"
"0xfff93420b460","      VIADD R52, R19, 0x6b8","7440"
"0xfff93420b470","      IMAD.U32 R47, RZ, RZ, UR5","7440"
"0xfff93420b480","      LEA R51, R47, R52, 0x18","7440"
"0xfff93420b490","      SHF.L.U32 R52, R33, 0x1f, RZ","7440"
"0xfff93420b4a0","      IMAD R51, R44, 0x8, R51","7440"
"0xfff93420b4b0","      SYNCS.PHASECHK.TRANS64.TRYWAIT P1, [R51+URZ], R52","7440"
"0xfff93420b4c0","@!P1  BRA 0xfff934216190","7440"
"0xfff93420b4d0","      R2UR UR4, R44","7440"
"0xfff93420b4e0","      VIADD R52, R19, 0x738","7440"
"0xfff93420b4f0","      ISETP.NE.AND P2, PT, R59, RZ, PT","7440"
"0xfff93420b500","      SHF.R.U32.HI R51, RZ, R59, R34","7440"
"0xfff93420b510","      SEL R54, R40, R41, !P2","7440"
"0xfff93420b520","      LEA R52, R47, R52, 0x18","7440"
"0xfff93420b530","      R2UR UR8, R54","7440"
"0xfff93420b540","      LOP3.LUT R51, R51, 0x1, RZ, 0xc0, !PT","7440"
"0xfff93420b550","      ULEA UR4, UP0, UR4, UR30, 0x9","7440"
"0xfff93420b560","      IMAD R52, R59, 0x8, R52","7440"
"0xfff93420b570","      SHF.L.U32 R51, R51, 0x1f, RZ","7440"
"0xfff93420b580","      UIADD3.X UR5, UPT, UPT, URZ, UR35, URZ, UP0, !UPT","7440"
"0xfff93420b590","      USHF.R.U64 UR4, UR4, 0x4, UR5","7440"
"0xfff93420b5a0","      UMOV UR5, 0x4008","7440"
"0xfff93420b5b0","      ULOP3.LUT UR4, UR4, 0x3fff, URZ, 0xc0, !UPT","7440"
"0xfff93420b5c0","      ULOP3.LUT UR4, UR4, 0x80000, URZ, 0xfc, !UPT","7440"
"0xfff93420b5d0","      UTCCP.T.S.4x32dp128bit tmem[UR8], gdesc[UR4]","7440"
"0xfff93420b5e0","      SYNCS.PHASECHK.TRANS64.TRYWAIT P1, [R52+URZ], R51","7440"
"0xfff93420b5f0","@!P1  BRA 0xfff9342161d0","7440"
"0xfff93420b600","      WARPSYNC.ALL","7440"
"0xfff93420b610","      R2UR UR10, R59","7440"
"0xfff93420b620","      VIADD R52, R19, 0x6c8","7440"
"0xfff93420b630","      R2UR UR8, R44","7440"
"0xfff93420b640","      UMOV UR12, 0xfffefffe","7440"
"0xfff93420b650","      R2UR UR11, R54","7440"
"0xfff93420b660","      UMOV UR13, 0x7fffbfdf","7440"
"0xfff93420b670","      LEA R51, R47, R52, 0x18","7440"
"0xfff93420b680","      VIADD R52, R19, 0x728","7440"
"0xfff93420b690","      R2UR UR48, R8","7440"
"0xfff93420b6a0","      UMOV UR5, URZ","7440"
"0xfff93420b6b0","      R2UR UR49, R9","7440"
"0xfff93420b6c0","      IMAD R51, R44, 0x8, R51","7440"
"0xfff93420b6d0","      LEA R52, R47, R52, 0x18","7440"
"0xfff93420b6e0","      ULEA UR10, UP0, UR10, UR34, 0xd","7440"
"0xfff93420b6f0","      NOP","7440"
"0xfff93420b700","      UIMAD.WIDE.U32 UR8, UR8, 0x2000, UR36","7440"
"0xfff93420b710","      R2UR UR4, R51","7440"
"0xfff93420b720","      UIADD3.X UR14, UPT, UPT, URZ, UR45, URZ, UP0, !UPT","7440"
"0xfff93420b730","      SEL R51, R38, R39, !P2","7440"
"0xfff93420b740","      USHF.R.U64 UR9, UR8, 0x4, UR9","7440"
"0xfff93420b750","      NOP","7440"
"0xfff93420b760","      USHF.R.U64 UR8, UR10, 0x4, UR14","7440"
"0xfff93420b770","      R2UR UR10, R51","7440"
"0xfff93420b780","      ULOP3.LUT UR9, UR9, 0x3fff, URZ, 0xc0, !UPT","7440"
"0xfff93420b790","      R2UR UR14, R57","7440"
"0xfff93420b7a0","      ULOP3.LUT UR8, UR8, 0x3fff, URZ, 0xc0, !UPT","7440"
"0xfff93420b7b0","      IMAD R51, R59, 0x8, R52","7440"
"0xfff93420b7c0","      UIADD3 UR20, UP0, UPT, UR9, 0x10002, URZ","7440"
"0xfff93420b7d0","      IMAD.MOV.U32 R52, RZ, RZ, 0x1","7440"
"0xfff93420b7e0","      ULOP3.LUT UR16, UR9, 0x10000, URZ, 0xfc, !UPT","7440"
"0xfff93420b7f0","      ISETP.NE.AND P1, PT, R44, 0x1, PT","7440"
"0xfff93420b800","      ULOP3.LUT UR18, UR8, 0x10000, URZ, 0xfc, !UPT","7440"
"0xfff93420b810","      LOP3.LUT R44, R44, 0x1, RZ, 0x3c, !PT","7440"
"0xfff93420b820","      UMOV UR9, URZ","7440"
"0xfff93420b830","      UIADD3.X UR21, UPT, UPT, UR5, -0x7fffbfe0, URZ, UP0, !UPT","7440"
"0xfff93420b840","      UIADD3.64 UR12, UPT, UPT, UR8, -UR12, URZ","7440"
"0xfff93420b850","      UMOV UR17, 0x80004020","7440"
"0xfff93420b860","      UMOV UR8, 0x0","7440"
"0xfff93420b870","      UMOV UR9, 0x8a00480","7440"
"0xfff93420b880","      UMOV UR19, 0x80004020","7440"
"0xfff93420b890","      UMOV UR5, URZ","7440"
"0xfff93420b8a0","      UMOV UR46, 0x0","7440"
"0xfff93420b8b0","      UMOV UR47, 0x48a004a0","7440"
"0xfff93420b8c0","      UTCOMMA gdesc[UR18], gdesc[UR16], tmem[UR14], tmem[UR8], idesc[UR9], tmem, [UR10], UPT","7440"
"0xfff93420b8d0","      UMOV UR4, UR4","7440"
"0xfff93420b8e0","      UTCOMMA gdesc[UR12], gdesc[UR20], tmem[UR14], tmem[UR46], idesc[UR47], tmem, [UR10], UPT","7440"
"0xfff93420b8f0","      UMOV UR48, UR48","7440"
"0xfff93420b900","      UTCBAR [UR4], URZ","7440"
"0xfff93420b910","      UTCBAR [UR48], URZ","7440"
"0xfff93420b920","      SYNCS.ARRIVE.TRANS64.A1T0 RZ, [R51+URZ], RZ","7440"
"0xfff93420b930","      SHF.L.U32 R51, R52, R59, RZ","7440"
"0xfff93420b940","      SEL R52, RZ, 0x1, P1","7440"
"0xfff93420b950","      LOP3.LUT R34, R51, R34, RZ, 0x3c, !PT","7440"
"0xfff93420b960","      LOP3.LUT R33, R33, R52, RZ, 0x3c, !PT","7440"
"0xfff93420b970","      VIADD R49, R49, 0x1","14880"
"0xfff93420b980","      ISETP.NE.AND P1, PT, R49, R48, PT","14880"
"0xfff93420b990","@P1   BRA 0xfff93420ab70","14880"
"0xfff93420b9a0","@P0   BRA 0xfff93420ba20","992"
"0xfff93420b9b0","      VIADD R50, R19, 0x678","496"
"0xfff93420b9c0","      SHF.L.U32 R49, R56, 0x1f, RZ","496"
"0xfff93420b9d0","      LEA R50, R47, R50, 0x18","496"
"0xfff93420b9e0","      SYNCS.PHASECHK.TRANS64.TRYWAIT P0, [R50+URZ], R49","496"
"0xfff93420b9f0","@!P0  BRA 0xfff934216210","496"
"0xfff93420ba00","      LOP3.LUT R56, R56, 0x1, RZ, 0x3c, !PT","496"
"0xfff93420ba10","      BRA 0xfff93420ba40","496"
"0xfff93420ba20","      ISETP.NE.AND P0, PT, R30, RZ, PT","496"
"0xfff93420ba30","@!P0  BRA 0xfff93420bfc0","496"
"0xfff93420ba40","      VIADD R50, R19, 0x6b8","496"
"0xfff93420ba50","      LEA R49, R47, R50, 0x18","496"
"0xfff93420ba60","      SHF.L.U32 R50, R33, 0x1f, RZ","496"
"0xfff93420ba70","      IMAD R49, R44, 0x8, R49","496"
"0xfff93420ba80","      SYNCS.PHASECHK.TRANS64.TRYWAIT P0, [R49+URZ], R50","496"
"0xfff93420ba90","@!P0  BRA 0xfff934216250","496"
"0xfff93420baa0","      R2UR UR4, R44","496"
"0xfff93420bab0","      LOP3.LUT R50, R48, 0x1, RZ, 0xc0, !PT","496"
"0xfff93420bac0","      LEA.HI R49, R48, R48, RZ, 0x1","496"
"0xfff93420bad0","      ISETP.NE.U32.AND P1, PT, R50, 0x1, PT","496"
"0xfff93420bae0","      VIADD R50, R19, 0x738","496"
"0xfff93420baf0","      LOP3.LUT R49, R49, 0xfffffffe, RZ, 0xc0, !PT","496"
"0xfff93420bb00","      SEL R52, R41, R40, !P1","496"
"0xfff93420bb10","      LEA R50, R47, R50, 0x18","496"
"0xfff93420bb20","      ULEA UR4, UP0, UR4, UR30, 0x9","496"
"0xfff93420bb30","      IMAD.IADD R49, R48, 0x1, -R49","496"
"0xfff93420bb40","      R2UR UR8, R52","496"
"0xfff93420bb50","      UIADD3.X UR5, UPT, UPT, URZ, UR35, URZ, UP0, !UPT","496"
"0xfff93420bb60","      IMAD R51, R49, 0x8, R50","496"
"0xfff93420bb70","      SHF.R.U32.HI R48, RZ, R49, R34","496"
"0xfff93420bb80","      USHF.R.U64 UR4, UR4, 0x4, UR5","496"
"0xfff93420bb90","      LOP3.LUT R48, R48, 0x1, RZ, 0xc0, !PT","496"
"0xfff93420bba0","      UMOV UR5, 0x4008","496"
"0xfff93420bbb0","      ULOP3.LUT UR4, UR4, 0x3fff, URZ, 0xc0, !UPT","496"
"0xfff93420bbc0","      SHF.L.U32 R48, R48, 0x1f, RZ","496"
"0xfff93420bbd0","      ULOP3.LUT UR4, UR4, 0x80000, URZ, 0xfc, !UPT","496"
"0xfff93420bbe0","      UTCCP.T.S.4x32dp128bit tmem[UR8], gdesc[UR4]","496"
"0xfff93420bbf0","      SYNCS.PHASECHK.TRANS64.TRYWAIT P0, [R51+URZ], R48","496"
"0xfff93420bc00","@!P0  BRA 0xfff934216290","496"
"0xfff93420bc10","      WARPSYNC.ALL","496"
"0xfff93420bc20","      R2UR UR10, R49","496"
"0xfff93420bc30","      VIADD R48, R19, 0x6c8","496"
"0xfff93420bc40","      R2UR UR8, R44","496"
"0xfff93420bc50","      UMOV UR12, 0xfffefffe","496"
"0xfff93420bc60","      UMOV UR13, 0x7fffbfdf","496"
"0xfff93420bc70","      R2UR UR14, R57","496"
"0xfff93420bc80","      UMOV UR5, URZ","496"
"0xfff93420bc90","      LEA R51, R47, R48, 0x18","496"
"0xfff93420bca0","      VIADD R48, R19, 0x728","496"
"0xfff93420bcb0","      SEL R19, R39, R38, !P1","496"
"0xfff93420bcc0","      NOP","496"
"0xfff93420bcd0","      R2UR UR20, R8","496"
"0xfff93420bce0","      IMAD R51, R44, 0x8, R51","496"
"0xfff93420bcf0","      ULEA UR10, UP0, UR10, UR34, 0xd","496"
"0xfff93420bd00","      R2UR UR21, R9","496"
"0xfff93420bd10","      UIMAD.WIDE.U32 UR8, UR8, 0x2000, UR36","496"
"0xfff93420bd20","      LEA R48, R47, R48, 0x18","496"
"0xfff93420bd30","      UIADD3.X UR11, UPT, UPT, URZ, UR45, URZ, UP0, !UPT","496"
"0xfff93420bd40","      R2UR UR4, R51","496"
"0xfff93420bd50","      USHF.R.U64 UR9, UR8, 0x4, UR9","496"
"0xfff93420bd60","      NOP","496"
"0xfff93420bd70","      USHF.R.U64 UR8, UR10, 0x4, UR11","496"
"0xfff93420bd80","      R2UR UR10, R19","496"
"0xfff93420bd90","      ULOP3.LUT UR9, UR9, 0x3fff, URZ, 0xc0, !UPT","496"
"0xfff93420bda0","      R2UR UR11, R52","496"
"0xfff93420bdb0","      ULOP3.LUT UR8, UR8, 0x3fff, URZ, 0xc0, !UPT","496"
"0xfff93420bdc0","      IMAD R19, R49, 0x8, R48","496"
"0xfff93420bdd0","      ULOP3.LUT UR16, UR9, 0x10000, URZ, 0xfc, !UPT","496"
"0xfff93420bde0","      IMAD.MOV.U32 R48, RZ, RZ, 0x1","496"
"0xfff93420bdf0","      UIADD3 UR18, UP0, UPT, UR9, 0x10002, URZ","496"
"0xfff93420be00","      ISETP.NE.AND P0, PT, R44, 0x1, PT","496"
"0xfff93420be10","      ULOP3.LUT UR46, UR8, 0x10000, URZ, 0xfc, !UPT","496"
"0xfff93420be20","      LOP3.LUT R44, R44, 0x1, RZ, 0x3c, !PT","496"
"0xfff93420be30","      UMOV UR9, URZ","496"
"0xfff93420be40","      UIADD3.X UR19, UPT, UPT, UR5, -0x7fffbfe0, URZ, UP0, !UPT","496"
"0xfff93420be50","      SEL R50, RZ, 0x1, P0","496"
"0xfff93420be60","      UIADD3.64 UR12, UPT, UPT, UR8, -UR12, URZ","496"
"0xfff93420be70","      R2UR UR8, R26","496"
"0xfff93420be80","      UMOV UR48, 0x0","496"
"0xfff93420be90","      R2UR UR9, R27","496"
"0xfff93420bea0","      UMOV UR49, 0x8a00480","496"
"0xfff93420beb0","      UMOV UR17, 0x80004020","496"
"0xfff93420bec0","      UMOV UR47, 0x80004020","496"
"0xfff93420bed0","      UMOV UR5, URZ","496"
"0xfff93420bee0","      UMOV UR50, 0x0","496"
"0xfff93420bef0","      UMOV UR51, 0x48a004a0","496"
"0xfff93420bf00","      UTCOMMA gdesc[UR46], gdesc[UR16], tmem[UR14], tmem[UR48], idesc[UR49], tmem, [UR10], UPT","496"
"0xfff93420bf10","      UMOV UR4, UR4","496"
"0xfff93420bf20","      UTCOMMA gdesc[UR12], gdesc[UR18], tmem[UR14], tmem[UR50], idesc[UR51], tmem, [UR10], UPT","496"
"0xfff93420bf30","      UMOV UR20, UR20","496"
"0xfff93420bf40","      UTCBAR [UR4], URZ","496"
"0xfff93420bf50","      UTCBAR [UR20], URZ","496"
"0xfff93420bf60","      UMOV UR8, UR8","496"
"0xfff93420bf70","      SYNCS.ARRIVE.TRANS64.A1T0 RZ, [R19+URZ], RZ","496"
"0xfff93420bf80","      UTCBAR [UR8], URZ","496"
"0xfff93420bf90","      LOP3.LUT R33, R33, R50, RZ, 0x3c, !PT","496"
"0xfff93420bfa0","      SHF.L.U32 R19, R48, R49, RZ","496"
"0xfff93420bfb0","      LOP3.LUT R34, R34, R19, RZ, 0x3c, !PT","496"
"0xfff93420bfc0","      VIMNMX R51, PT, PT, R18, 0x2, !PT","1024"
"0xfff93420bfd0","      VIADD R19, R51, 0xfffffffe","1024"
"0xfff93420bfe0","      ISETP.GE.AND P0, PT, R19, R18, PT","1024"
"0xfff93420bff0","@P0   BRA 0xfff93420c580","1024"
"0xfff93420c000","      ISETP.NE.AND P3, PT, R30, RZ, PT","1024"
"0xfff93420c010","      IADD3 R19, PT, PT, R18, 0x1, -R51","1024"
"0xfff93420c020","      ISETP.NE.AND P1, PT, R18, 0x1, PT","1024"
"0xfff93420c030","      ISETP.GE.U32.AND P0, PT, R19, 0x3, PT","1024"
"0xfff93420c040","      ISETP.NE.OR P2, PT, R30, RZ, !P1","1024"
"0xfff93420c050","      SEL R49, R51, 0x1, P1","1024"
"0xfff93420c060","@P3   BRA 0xfff93420c170","1024"
"0xfff93420c070","      S2R R59, SR_CgaCtaId","512"
"0xfff93420c080","      MOV R19, 0x400","512"
"0xfff93420c090","      IMAD.SHL.U32 R47, R51, 0x8, RZ","512"
"0xfff93420c0a0","      LOP3.LUT R48, R51, 0x1, RZ, 0xc0, !PT","512"
"0xfff93420c0b0","      VIADD R50, R19, 0x6e8","512"
"0xfff93420c0c0","      SHF.R.U32.HI R19, RZ, R48, R37","512"
"0xfff93420c0d0","      LOP3.LUT R47, R47, 0x8, RZ, 0xc0, !PT","512"
"0xfff93420c0e0","      LOP3.LUT R19, R19, 0x1, RZ, 0xc0, !PT","512"
"0xfff93420c0f0","      SHF.L.U32 R19, R19, 0x1f, RZ","512"
"0xfff93420c100","      LEA R50, R59, R50, 0x18","512"
"0xfff93420c110","      IMAD.IADD R50, R50, 0x1, R47","512"
"0xfff93420c120","      SYNCS.PHASECHK.TRANS64.TRYWAIT P1, [R50+URZ], R19","512"
"0xfff93420c130","@!P1  BRA 0xfff9342162d0","512"
"0xfff93420c140","      IMAD.MOV.U32 R19, RZ, RZ, 0x1","512"
"0xfff93420c150","      SHF.L.U32 R48, R19, R48, RZ","512"
"0xfff93420c160","      LOP3.LUT R37, R48, R37, RZ, 0x3c, !PT","512"
"0xfff93420c170","@P2   BRA 0xfff93420c290","1024"
"0xfff93420c180","      S2R R50, SR_CgaCtaId","496"
"0xfff93420c190","      MOV R19, 0x400","496"
"0xfff93420c1a0","      IMAD.SHL.U32 R47, R51, 0x8, RZ","496"
"0xfff93420c1b0","      LOP3.LUT R48, R51, 0x1, RZ, 0xc, !PT","496"
"0xfff93420c1c0","      VIADD R49, R19, 0x6e8","496"
"0xfff93420c1d0","      SHF.R.U32.HI R19, RZ, R48, R37","496"
"0xfff93420c1e0","      LOP3.LUT R47, R47, 0x8, RZ, 0xc, !PT","496"
"0xfff93420c1f0","      LOP3.LUT R19, R19, 0x1, RZ, 0xc0, !PT","496"
"0xfff93420c200","      SHF.L.U32 R19, R19, 0x1f, RZ","496"
"0xfff93420c210","      LEA R50, R50, R49, 0x18","496"
"0xfff93420c220","      IMAD.IADD R50, R50, 0x1, R47","496"
"0xfff93420c230","      SYNCS.PHASECHK.TRANS64.TRYWAIT P1, [R50+URZ], R19","496"
"0xfff93420c240","@!P1  BRA 0xfff934216310","496"
"0xfff93420c250","      IMAD.MOV.U32 R19, RZ, RZ, 0x1","496"
"0xfff93420c260","      IMAD.MOV.U32 R49, RZ, RZ, R51","496"
"0xfff93420c270","      SHF.L.U32 R48, R19, R48, RZ","496"
"0xfff93420c280","      LOP3.LUT R37, R48, R37, RZ, 0x3c, !PT","496"
"0xfff93420c290","@!P0  BRA 0xfff93420c580","1024"
"0xfff93420c2a0","      S2R R50, SR_CgaCtaId","0"
"0xfff93420c2b0","      MOV R47, 0x400","0"
"0xfff93420c2c0","      IMAD.SHL.U32 R19, R49, 0x8, RZ","0"
"0xfff93420c2d0","      LOP3.LUT R48, R49, 0x1, RZ, 0xc0, !PT","0"
"0xfff93420c2e0","      IMAD.MOV.U32 R51, RZ, RZ, 0x1","0"
"0xfff93420c2f0","      ISETP.NE.AND P0, PT, R30, RZ, PT","0"
"0xfff93420c300","      VIADD R47, R47, 0x6e8","0"
"0xfff93420c310","      LOP3.LUT R19, R19, 0x8, RZ, 0xc0, !PT","0"
"0xfff93420c320","      SHF.L.U32 R54, R51, R48, RZ","0"
"0xfff93420c330","      LEA R60, R50, R47, 0x18","0"
"0xfff93420c340","      LOP3.LUT R47, R19, 0x8, RZ, 0x3c, !PT","0"
"0xfff93420c350","      LOP3.LUT R50, R48, 0x1, RZ, 0x3c, !PT","0"
"0xfff93420c360","      IMAD.IADD R52, R60, 0x1, R19","0"
"0xfff93420c370","      IMAD.IADD R60, R60, 0x1, R47","0"
"0xfff93420c380","      SHF.L.U32 R62, R51, R50, RZ","0"
"0xfff93420c390","      YIELD","0"
"0xfff93420c3a0","@P0   BRA 0xfff93420c470","0"
"0xfff93420c3b0","      SHF.R.U32.HI R19, RZ, R48, R37","0"
"0xfff93420c3c0","      LOP3.LUT R37, R54, R37, RZ, 0x3c, !PT","0"
"0xfff93420c3d0","      LOP3.LUT R19, R19, 0x1, RZ, 0xc0, !PT","0"
"0xfff93420c3e0","      SHF.L.U32 R47, R19, 0x1f, RZ","0"
"0xfff93420c3f0","      SHF.R.U32.HI R19, RZ, R50, R37","0"
"0xfff93420c400","      SYNCS.PHASECHK.TRANS64.TRYWAIT P1, [R52+URZ], R47","0"
"0xfff93420c410","      LOP3.LUT R19, R19, 0x1, RZ, 0xc0, !PT","0"
"0xfff93420c420","      SHF.L.U32 R19, R19, 0x1f, RZ","0"
"0xfff93420c430","@!P1  BRA 0xfff934216350","0"
"0xfff93420c440","      SYNCS.PHASECHK.TRANS64.TRYWAIT P1, [R60+URZ], R19","0"
"0xfff93420c450","@!P1  BRA 0xfff934216390","0"
"0xfff93420c460","      LOP3.LUT R37, R62, R37, RZ, 0x3c, !PT","0"
"0xfff93420c470","@P0   BRA 0xfff93420c550","0"
"0xfff93420c480","      SHF.R.U32.HI R19, RZ, R48, R37","0"
"0xfff93420c490","      LOP3.LUT R19, R19, 0x1, RZ, 0xc0, !PT","0"
"0xfff93420c4a0","      SHF.L.U32 R19, R19, 0x1f, RZ","0"
"0xfff93420c4b0","      SYNCS.PHASECHK.TRANS64.TRYWAIT P1, [R52+URZ], R19","0"
"0xfff93420c4c0","@!P1  BRA 0xfff9342163d0","0"
"0xfff93420c4d0","      LOP3.LUT R37, R54, R37, RZ, 0x3c, !PT","0"
"0xfff93420c4e0","@P0   BRA 0xfff93420c550","0"
"0xfff93420c4f0","      SHF.R.U32.HI R19, RZ, R50, R37","0"
"0xfff93420c500","      LOP3.LUT R19, R19, 0x1, RZ, 0xc0, !PT","0"
"0xfff93420c510","      SHF.L.U32 R19, R19, 0x1f, RZ","0"
"0xfff93420c520","      SYNCS.PHASECHK.TRANS64.TRYWAIT P1, [R60+URZ], R19","0"
"0xfff93420c530","@!P1  BRA 0xfff934216410","0"
"0xfff93420c540","      LOP3.LUT R37, R62, R37, RZ, 0x3c, !PT","0"
"0xfff93420c550","      VIADD R49, R49, 0x4","0"
"0xfff93420c560","      ISETP.NE.AND P1, PT, R49, R18, PT","0"
"0xfff93420c570","@P1   BRA 0xfff93420c390","0"
"0xfff93420c580","      IMAD.IADD R31, R32, 0x1, R31","1024"
"0xfff93420c590","      VIADD R53, R53, 0x1","1024"
"0xfff93420c5a0","      ISETP.GE.AND P0, PT, R31, UR44, PT","1024"
"0xfff93420c5b0","@!P0  BRA 0xfff934208ce0","1024"
"0xfff93420c5c0","      BRA 0xfff934215770","1024"
"0xfff93420c5d0","      WARPSYNC.ALL","2052"
"0xfff93420c5e0","      USETMAXREG.TRY_ALLOC.CTAPOOL UP0, 0xc8","2052"
"0xfff93420c5f0","      BRA.U !UP0, 0xfff93420c5d0","2052"
"0xfff93420c600","      S2UR UR8, SR_CTAID.X","2048"
"0xfff93420c610","      UISETP.GE.AND UP0, UPT, UR8, UR44, UPT","2048"
"0xfff93420c620","      BRA.U UP0, 0xfff934215770","2048"
"0xfff93420c630","      S2UR UR4, SR_CgaCtaId","2048"
"0xfff93420c640","      R2UR UR9, R2","2048"
"0xfff93420c650","      UMOV UR11, 0x400","2048"
"0xfff93420c660","      LOP3.LUT R3, R0, 0x7f, RZ, 0xc0, !PT","2048"
"0xfff93420c670","      IMAD.SHL.U32 R137, R0, 0x40, RZ","2048"
"0xfff93420c680","      SHF.R.U32.HI R136, RZ, 0x5, R0","2048"
"0xfff93420c690","      IMAD.SHL.U32 R138, R0, 0x4, RZ","2048"
"0xfff93420c6a0","      UIADD3 UR10, UPT, UPT, UR11, 0x400, URZ","2048"
"0xfff93420c6b0","      VIADD R139, R3, 0x20","2048"
"0xfff93420c6c0","      LOP3.LUT R136, R136, 0x3, RZ, 0xc0, !PT","2048"
"0xfff93420c6d0","      UISETP.LT.AND UP0, UPT, UR23, 0x1, UPT","2048"
"0xfff93420c6e0","      LOP3.LUT R160, R0, 0x1f, RZ, 0xc0, !PT","2048"
"0xfff93420c6f0","      IMAD.MOV.U32 R132, RZ, RZ, RZ","2048"
"0xfff93420c700","      CS2R R134, SRZ","2048"
"0xfff93420c710","      IMAD.MOV.U32 R133, RZ, RZ, 0x1","2048"
"0xfff93420c720","      LOP3.LUT R137, R137, 0x1fc0, RZ, 0xc0, !PT","2048"
"0xfff93420c730","      UMOV UR5, UR45","2048"
"0xfff93420c740","      LOP3.LUT R138, R138, 0x1fc, RZ, 0xc0, !PT","2048"
"0xfff93420c750","      LDCU UR19, c[0x0][0x370]","2048"
"0xfff93420c760","      SHF.R.U32.HI R139, RZ, 0x5, R139","2048"
"0xfff93420c770","      LEA R140, R136, UR42, 0x15","2048"
"0xfff93420c780","      USEL UR18, UR23, 0x1, !UP0","2048"
"0xfff93420c790","      ULEA UR20, UR4, UR11, 0x18","2048"
"0xfff93420c7a0","      UIADD3 UR11, UPT, UPT, UR11, 0x200, URZ","2048"
"0xfff93420c7b0","      ULEA UR10, UR4, UR10, 0x18","2048"
"0xfff93420c7c0","      ULEA UR11, UR4, UR11, 0x18","2048"
"0xfff93420c7d0","      UIADD3 UR9, UPT, UPT, UR15, UR9, URZ","2048"
"0xfff93420c7e0","      UMOV UR4, UR34","2048"
"0xfff93420c7f0","      UMOV UR21, UR4","2048"
"0xfff93420c800","      IABS R2, UR22","2048"
"0xfff93420c810","      UMOV UR4, URZ","2048"
"0xfff93420c820","      IABS R6, UR22","2048"
"0xfff93420c830","      R2UR UR14, R2","2048"
"0xfff93420c840","      IABS R5, UR8","2048"
"0xfff93420c850","      R2UR UR12, R5","2048"
"0xfff93420c860","      I2F.RP R2, UR14","2048"
"0xfff93420c870","      MUFU.RCP R2, R2","2048"
"0xfff93420c880","      VIADD R4, R2, 0xffffffe","2048"
"0xfff93420c890","      IMAD.MOV R2, RZ, RZ, -R6","2048"
"0xfff93420c8a0","      F2I.FTZ.U32.TRUNC.NTZ R4, R4","2048"
"0xfff93420c8b0","      R2UR UR5, R4","2048"
"0xfff93420c8c0","      UIADD3 UR13, UPT, UPT, URZ, -UR5, URZ","2048"
"0xfff93420c8d0","      UIMAD UR13, UR13, UR14, URZ","2048"
"0xfff93420c8e0","      UIMAD.WIDE.U32 UR4, UR5, UR13, UR4","2048"
"0xfff93420c8f0","      R2UR UR13, R2","2048"
"0xfff93420c900","      UIMAD.WIDE.U32 UR4, UR5, UR12, URZ","2048"
"0xfff93420c910","      UIMAD UR4, UR5, UR13, UR12","2048"
"0xfff93420c920","      UISETP.GT.U32.AND UP1, UPT, UR14, UR4, UPT","2048"
"0xfff93420c930","@!UP1 UIADD3 UR4, UPT, UPT, UR4, -UR14, URZ","2048"
"0xfff93420c940","@!UP1 UIADD3 UR5, UPT, UPT, UR5, 0x1, URZ","2048"
"0xfff93420c950","      UISETP.GE.U32.AND UP0, UPT, UR4, UR14, UPT","2048"
"0xfff93420c960","      ULOP3.LUT UR4, UR8, UR22, URZ, 0x3c, !UPT","2048"
"0xfff93420c970","      UISETP.GE.AND UP1, UPT, UR4, URZ, UPT","2048"
"0xfff93420c980","@UP0  UIADD3 UR5, UPT, UPT, UR5, 0x1, URZ","2048"
"0xfff93420c990","      UISETP.NE.AND UP0, UPT, UR22, URZ, UPT","2048"
"0xfff93420c9a0","      UMOV UR14, UR5","2048"
"0xfff93420c9b0","@!UP1 UIADD3 UR14, UPT, UPT, -UR14, URZ, URZ","2048"
"0xfff93420c9c0","@!UP0 ULOP3.LUT UR14, URZ, UR22, URZ, 0x33, !UPT","2048"
"0xfff93420c9d0","      UISETP.GE.AND UP0, UPT, UR14, UR7, UPT","2048"
"0xfff93420c9e0","      UIADD3 UR4, UPT, UPT, -UR14, URZ, URZ","2048"
"0xfff93420c9f0","      USEL UR17, UR6, UR18, !UP0","2048"
"0xfff93420ca00","      UIMAD UR16, UR22, UR4, UR8","2048"
"0xfff93420ca10","      UMOV UR4, URZ","2048"
"0xfff93420ca20","      IMAD.U32 R5, RZ, RZ, UR17","2048"
"0xfff93420ca30","      IMAD.U32 R6, RZ, RZ, UR16","2048"
"0xfff93420ca40","      IABS R2, R5","2048"
"0xfff93420ca50","      IABS R6, R6","2048"
"0xfff93420ca60","      R2UR UR46, R2","2048"
"0xfff93420ca70","      IABS R7, R5","2048"
"0xfff93420ca80","      IMAD.MOV.U32 R5, RZ, RZ, R6","2048"
"0xfff93420ca90","      R2UR UR13, R5","2048"
"0xfff93420caa0","      I2F.RP R2, UR46","2048"
"0xfff93420cab0","      MUFU.RCP R2, R2","2048"
"0xfff93420cac0","      VIADD R4, R2, 0xffffffe","2048"
"0xfff93420cad0","      IMAD.MOV R2, RZ, RZ, -R7","2048"
"0xfff93420cae0","      F2I.FTZ.U32.TRUNC.NTZ R4, R4","2048"
"0xfff93420caf0","      R2UR UR5, R4","2048"
"0xfff93420cb00","      UIADD3 UR12, UPT, UPT, URZ, -UR5, URZ","2048"
"0xfff93420cb10","      UIMAD UR12, UR12, UR46, URZ","2048"
"0xfff93420cb20","      UIMAD.WIDE.U32 UR4, UR5, UR12, UR4","2048"
"0xfff93420cb30","      R2UR UR12, R2","2048"
"0xfff93420cb40","      UIMAD.WIDE.U32 UR4, UR5, UR13, URZ","2048"
"0xfff93420cb50","      UIMAD UR4, UR5, UR12, UR13","2048"
"0xfff93420cb60","      UISETP.GT.U32.AND UP1, UPT, UR46, UR4, UPT","2048"
"0xfff93420cb70","@!UP1 UIADD3 UR4, UPT, UPT, UR4, -UR46, URZ","2048"
"0xfff93420cb80","@!UP1 UIADD3 UR5, UPT, UPT, UR5, 0x1, URZ","2048"
"0xfff93420cb90","      UISETP.GE.U32.AND UP0, UPT, UR4, UR46, UPT","2048"
"0xfff93420cba0","      ULOP3.LUT UR4, UR16, UR17, URZ, 0x3c, !UPT","2048"
"0xfff93420cbb0","      UISETP.GE.AND UP1, UPT, UR4, URZ, UPT","2048"
"0xfff93420cbc0","      UIADD3 UR4, UPT, UPT, -UR17, URZ, URZ","2048"
"0xfff93420cbd0","@UP0  UIADD3 UR5, UPT, UPT, UR5, 0x1, URZ","2048"
"0xfff93420cbe0","      UISETP.NE.AND UP0, UPT, UR17, URZ, UPT","2048"
"0xfff93420cbf0","      UMOV UR12, UR5","2048"
"0xfff93420cc00","@!UP1 UIADD3 UR12, UPT, UPT, -UR12, URZ, URZ","2048"
"0xfff93420cc10","@!UP0 ULOP3.LUT UR12, URZ, UR17, URZ, 0x33, !UPT","2048"
"0xfff93420cc20","      ULOP3.LUT UR5, URZ, UR12, URZ, 0x33, !UPT","2048"
"0xfff93420cc30","      UIMAD UR4, UR12, UR4, UR16","2048"
"0xfff93420cc40","      UIADD3 UR5, UPT, UPT, UR9, UR5, URZ","2048"
"0xfff93420cc50","      UIMAD UR4, UR14, UR6, UR4","2048"
"0xfff93420cc60","      UISETP.GE.AND UP0, UPT, UR5, UR15, UPT","2048"
"0xfff93420cc70","      BRA.U UP0, 0xfff934213790","2048"
"0xfff93420cc80","      ISETP.NE.AND P1, PT, R160, RZ, PT","2048"
"0xfff93420cc90","      IMAD.U32 R16, RZ, RZ, UR12","2048"
"0xfff93420cca0","      BSSY.RECONVERGENT B0, 0xfff93420d190","2048"
"0xfff93420ccb0","      IMAD.MOV.U32 R4, RZ, RZ, RZ","2048"
"0xfff93420ccc0","      IMAD.MOV.U32 R8, RZ, RZ, RZ","2048"
"0xfff93420ccd0","@P1   BRA 0xfff93420d180","2048"
"0xfff93420cce0","      LDC R7, c[0x0][0x390]","2048"
"0xfff93420ccf0","      IMAD.U32 R4, RZ, RZ, UR4","2048"
"0xfff93420cd00","      LDCU UR14, c[0x0][0x690]","2048"
"0xfff93420cd10","      LDCU UR46, c[0x0][0xa10]","2048"
"0xfff93420cd20","      LDC.64 R12, c[0x0][0x680]","2048"
"0xfff93420cd30","      LDCU UR16, c[0x0][0x698]","2048"
"0xfff93420cd40","      LDCU UR47, c[0x0][0xa18]","2048"
"0xfff93420cd50","      LDC.64 R14, c[0x0][0xa00]","2048"
"0xfff93420cd60","      LDCU UR17, c[0x0][0x6a0]","2048"
"0xfff93420cd70","      USHF.R.S32.HI UR12, URZ, 0x1f, UR14","2048"
"0xfff93420cd80","      IABS R9, R7","2048"
"0xfff93420cd90","      USHF.R.S32.HI UR13, URZ, 0x1f, UR46","2048"
"0xfff93420cda0","      I2F.RP R2, R9","2048"
"0xfff93420cdb0","      MUFU.RCP R2, R2","2048"
"0xfff93420cdc0","      VIADD R6, R2, 0xffffffe","2048"
"0xfff93420cdd0","      F2I.FTZ.U32.TRUNC.NTZ R5, R6","2048"
"0xfff93420cde0","      IMAD.MOV R8, RZ, RZ, -R5","2048"
"0xfff93420cdf0","      IMAD R11, R8, R9, RZ","2048"
"0xfff93420ce00","      IABS R8, R4","2048"
"0xfff93420ce10","      IMAD.MOV.U32 R4, RZ, RZ, RZ","2048"
"0xfff93420ce20","      IMAD.HI.U32 R11, R5, R11, R4","2048"
"0xfff93420ce30","      IMAD.MOV.U32 R4, RZ, RZ, R8","2048"
"0xfff93420ce40","      IMAD.HI.U32 R2, R11, R4, RZ","2048"
"0xfff93420ce50","      IMAD.MOV R5, RZ, RZ, -R2","2048"
"0xfff93420ce60","      IMAD R4, R9, R5, R4","2048"
"0xfff93420ce70","      ISETP.GT.U32.AND P2, PT, R9, R4, PT","2048"
"0xfff93420ce80","@!P2  IMAD.IADD R4, R4, 0x1, -R9","2048"
"0xfff93420ce90","@!P2  VIADD R2, R2, 0x1","2048"
"0xfff93420cea0","      ISETP.NE.AND P2, PT, R7, RZ, PT","2048"
"0xfff93420ceb0","      ISETP.GE.U32.AND P0, PT, R4, R9, PT","2048"
"0xfff93420cec0","      LOP3.LUT R4, R7, UR4, RZ, 0x3c, !PT","2048"
"0xfff93420ced0","      ISETP.GE.AND P3, PT, R4, RZ, PT","2048"
"0xfff93420cee0","@P0   VIADD R2, R2, 0x1","2048"
"0xfff93420cef0","@!P3  IMAD.MOV R2, RZ, RZ, -R2","2048"
"0xfff93420cf00","@!P2  LOP3.LUT R2, RZ, R7, RZ, 0x33, !PT","2048"
"0xfff93420cf10","      SHF.R.S32.HI R8, RZ, 0x1f, R2","2048"
"0xfff93420cf20","      IMAD.MOV R6, RZ, RZ, -R2","2048"
"0xfff93420cf30","      IMAD R5, R2, UR12, RZ","2048"
"0xfff93420cf40","      USHF.R.S32.HI UR12, URZ, 0x1f, UR16","2048"
"0xfff93420cf50","      IMAD R6, R7, R6, UR4","2048"
"0xfff93420cf60","      IMAD R11, R2, UR13, RZ","2048"
"0xfff93420cf70","      USHF.R.S32.HI UR13, URZ, 0x1f, UR47","2048"
"0xfff93420cf80","      IMAD R9, R8, UR14, R5","2048"
"0xfff93420cf90","      SHF.R.S32.HI R7, RZ, 0x1f, R6","2048"
"0xfff93420cfa0","      IMAD R11, R8, UR46, R11","2048"
"0xfff93420cfb0","      IMAD.WIDE.U32 R4, R2, UR14, R6","2048"
"0xfff93420cfc0","      LDCU UR14, c[0x0][0xa20]","2048"
"0xfff93420cfd0","      IMAD.WIDE.U32 R6, R2, UR46, R6","2048"
"0xfff93420cfe0","      IMAD.IADD R5, R5, 0x1, R9","2048"
"0xfff93420cff0","      IMAD.IADD R2, R7, 0x1, R11","2048"
"0xfff93420d000","      IMAD R5, R5, UR16, RZ","2048"
"0xfff93420d010","      IMAD R9, R2, UR47, RZ","2048"
"0xfff93420d020","      IMAD R7, R4, UR12, R5","2048"
"0xfff93420d030","      USHF.R.S32.HI UR12, URZ, 0x1f, UR17","2048"
"0xfff93420d040","      IMAD R11, R6, UR13, R9","2048"
"0xfff93420d050","      USHF.R.S32.HI UR13, URZ, 0x1f, UR14","2048"
"0xfff93420d060","      IMAD.WIDE.U32 R4, R4, UR16, RZ","2048"
"0xfff93420d070","      IMAD.WIDE.U32 R8, R6, UR47, RZ","2048"
"0xfff93420d080","      IMAD.IADD R5, R5, 0x1, R7","2048"
"0xfff93420d090","      IMAD.IADD R2, R9, 0x1, R11","2048"
"0xfff93420d0a0","      IMAD R5, R5, UR17, RZ","2048"
"0xfff93420d0b0","      IMAD R9, R2, UR14, RZ","2048"
"0xfff93420d0c0","      IMAD.WIDE.U32 R6, R4, UR17, RZ","2048"
"0xfff93420d0d0","      IMAD.WIDE.U32 R10, R8, UR14, RZ","2048"
"0xfff93420d0e0","      IMAD R5, R4, UR12, R5","2048"
"0xfff93420d0f0","      LEA R4, P0, R6, R12, 0x2","2048"
"0xfff93420d100","      IMAD R9, R8, UR13, R9","2048"
"0xfff93420d110","      LEA R8, P2, R10, R14, 0x2","2048"
"0xfff93420d120","      IMAD.IADD R5, R7, 0x1, R5","2048"
"0xfff93420d130","      IMAD.IADD R2, R11, 0x1, R9","2048"
"0xfff93420d140","      LEA.HI.X R5, R6, R13, R5, 0x2, P0","2048"
"0xfff93420d150","      LEA.HI.X R9, R10, R15, R2, 0x2, P2","2048"
"0xfff93420d160","      LDG.E R4, desc[UR40][R4.64]","2048"
"0xfff93420d170","      LDG.E R8, desc[UR40][R8.64]","2048"
"0xfff93420d180","      BSYNC.RECONVERGENT B0","4096"
"0xfff93420d190","      S2UR UR12, SR_CgaCtaId","2048"
"0xfff93420d1a0","      UMOV UR4, 0x400","2048"
"0xfff93420d1b0","      SHF.L.U32 R2, R133, 0x1f, RZ","2048"
"0xfff93420d1c0","      IMAD.U32 R141, RZ, RZ, UR4","2048"
"0xfff93420d1d0","      SHFL.IDX PT, R4, R4, RZ, 0x1f","2048"
"0xfff93420d1e0","      IMAD.MOV R6, RZ, RZ, -R16","2048"
"0xfff93420d1f0","      VIADD R5, R141, 0x678","2048"
"0xfff93420d200","      SHFL.IDX PT, R8, R8, RZ, 0x1f","2048"
"0xfff93420d210","      IMAD.U32 R9, RZ, RZ, UR15","2048"
"0xfff93420d220","      VIADDMNMX R6, R6, R9, UR15, PT","2048"
"0xfff93420d230","      R2UR UR4, R6","2048"
"0xfff93420d240","      IMAD.U32 R142, RZ, RZ, UR12","2048"
"0xfff93420d250","      LEA R7, R142, R5, 0x18","2048"
"0xfff93420d260","      FMUL R5, R4, 0.10408341139554977417","2048"
"0xfff93420d270","      SYNCS.PHASECHK.TRANS64.TRYWAIT P0, [R7+URZ], R2","2048"
"0xfff93420d280","      FMUL R5, R8, R5","2048"
"0xfff93420d290","      R2UR UR12, R5","2048"
"0xfff93420d2a0","@!P0  BRA 0xfff934216450","2048"
"0xfff93420d2b0","      UISETP.GE.AND UP0, UPT, UR4, 0x1, UPT","2048"
"0xfff93420d2c0","      IMAD.MOV.U32 R143, RZ, RZ, -0x800000","2048"
"0xfff93420d2d0","      IMAD.MOV.U32 R145, RZ, RZ, RZ","2048"
"0xfff93420d2e0","      BRA.U !UP0, 0xfff934213720","2048"
"0xfff93420d2f0","      IMAD.U32 R144, RZ, RZ, UR5","2048"
"0xfff93420d300","      IMAD.MOV.U32 R145, RZ, RZ, RZ","2048"
"0xfff93420d310","      IMAD.MOV.U32 R143, RZ, RZ, -0x800000","2048"
"0xfff93420d320","      IMAD.MOV.U32 R161, RZ, RZ, RZ","2048"
"0xfff93420d330","      IMAD R144, R144, 0x80, R3","2048"
"0xfff93420d340","      YIELD","33792"
"0xfff93420d350","      S2UR UR14, SR_CgaCtaId","33792"
"0xfff93420d360","      UMOV UR13, 0x400","33792"
"0xfff93420d370","      LOP3.LUT R146, R161, 0x1, RZ, 0xc0, !PT","33792"
"0xfff93420d380","      IMAD.U32 R141, RZ, RZ, UR13","33792"
"0xfff93420d390","      ISETP.NE.AND P2, PT, R3, RZ, PT","33792"
"0xfff93420d3a0","      IMAD.SHL.U32 R4, R161, 0x8, RZ","33792"
"0xfff93420d3b0","      SHF.R.U32.HI R2, RZ, R146, R132","33792"
"0xfff93420d3c0","      VIADD R5, R141, 0x658","33792"
"0xfff93420d3d0","      IMAD.SHL.U32 R147, R161, 0x80, RZ","33792"
"0xfff93420d3e0","      LOP3.LUT R4, R4, 0x8, RZ, 0xc0, !PT","33792"
"0xfff93420d3f0","      LOP3.LUT R2, R2, 0x1, RZ, 0xc0, !PT","33792"
"0xfff93420d400","      SHF.L.U32 R2, R2, 0x1f, RZ","33792"
"0xfff93420d410","      IMAD.U32 R142, RZ, RZ, UR14","33792"
"0xfff93420d420","      LEA R5, R142, R5, 0x18","33792"
"0xfff93420d430","      IMAD.IADD R7, R5, 0x1, R4","33792"
"0xfff93420d440","      LOP3.LUT R5, R147, 0x80, RZ, 0xc0, !PT","33792"
"0xfff93420d450","      SYNCS.PHASECHK.TRANS64.TRYWAIT P0, [R7+URZ], R2","33792"
"0xfff93420d460","@!P0  BRA 0xfff934216480","33792"
"0xfff93420d470","      IMAD.IADD R5, R140, 0x1, R5","33792"
"0xfff93420d480","      WARPSYNC.ALL","33792"
"0xfff93420d490","      IMAD.MOV.U32 R149, RZ, RZ, 0x1","33792"
"0xfff93420d4a0","      R2UR UR13, R5","33792"
"0xfff93420d4b0","@!P2  VIADD R7, R141, 0x6e8","33792"
"0xfff93420d4c0","      R2UR UR14, R5","33792"
"0xfff93420d4d0","      BSSY B0, 0xfff93420d690","33792"
"0xfff93420d4e0","      R2UR UR16, R5","33792"
"0xfff93420d4f0","      SHF.L.U32 R149, R149, R146, RZ","33792"
"0xfff93420d500","      R2UR UR17, R5","33792"
"0xfff93420d510","      VIADD R5, R147, 0x7f","33792"
"0xfff93420d520","      LOP3.LUT P0, RZ, R149, R134, RZ, 0xc0, !PT","33792"
"0xfff93420d530","@!P2  LEA R7, R142, R7, 0x18","33792"
"0xfff93420d540","      LDTM.x32 R100, tmem[UR13]","33792"
"0xfff93420d550","      ISETP.GT.AND P1, PT, R5, R144, PT","33792"
"0xfff93420d560","      LDTM.x32 R68, tmem[UR14+0x20]","33792"
"0xfff93420d570","@!P2  IMAD R2, R146, 0x8, R7","33792"
"0xfff93420d580","      LDTM.x32 R36, tmem[UR16+0x40]","33792"
"0xfff93420d590","      LDTM.x32 R4, tmem[UR17+0x60]","33792"
"0xfff93420d5a0","      NOP","33792"
"0xfff93420d5b0","@!P2  SYNCS.ARRIVE.TRANS64.A1T0 RZ, [R2+URZ], RZ","33792"
"0xfff93420d5c0","@!P0  BRA 0xfff93420d680","33792"
"0xfff93420d5d0","      VIADD R151, R141, 0x728","29760"
"0xfff93420d5e0","      SHF.R.U32.HI R2, RZ, R146, R135","29760"
"0xfff93420d5f0","      BSSY B2, 0xfff93420d670","29760"
"0xfff93420d600","      LEA R151, R142, R151, 0x18","29760"
"0xfff93420d610","      LOP3.LUT R2, R2, 0x1, RZ, 0xc0, !PT","29760"
"0xfff93420d620","      IMAD R151, R146, 0x8, R151","29760"
"0xfff93420d630","      SHF.L.U32 R2, R2, 0x1f, RZ","29760"
"0xfff93420d640","      SYNCS.PHASECHK.TRANS64.TRYWAIT P0, [R151+URZ], R2","29760"
"0xfff93420d650","@!P0  BRA 0xfff9342164c0","29760"
"0xfff93420d660","      BSYNC B2","29760"
"0xfff93420d670","      LOP3.LUT R135, R149, R135, RZ, 0x3c, !PT","29760"
"0xfff93420d680","      BSYNC B0","33792"
"0xfff93420d690","      BSSY.RECONVERGENT B0, 0xfff93420eab0","33792"
"0xfff93420d6a0","@!P1  BRA 0xfff93420eaa0","33792"
"0xfff93420d6b0","      VIADD R153, R147, 0x7e","2048"
"0xfff93420d6c0","      VIADD R151, R147, 0x2","2048"
"0xfff93420d6d0","      ISETP.GT.AND P0, PT, R153, R144, PT","2048"
"0xfff93420d6e0","      ISETP.GE.AND P3, PT, R153, R144, PT","2048"
"0xfff93420d6f0","      VIADD R153, R147, 0x4","2048"
"0xfff93420d700","      ISETP.GT.AND P2, PT, R151, R144, PT","2048"
"0xfff93420d710","      ISETP.GE.AND P4, PT, R151, R144, PT","2048"
"0xfff93420d720","      VIADD R151, R147, 0x6","2048"
"0xfff93420d730","      ISETP.GT.AND P6, PT, R153, R144, PT","2048"
"0xfff93420d740","      ISETP.GE.AND P5, PT, R153, R144, PT","2048"
"0xfff93420d750","      VIADD R153, R147, 0x8","2048"
"0xfff93420d760","      FSEL R34, R34, -INF , !P0","2048"
"0xfff93420d770","      ISETP.GT.AND P1, PT, R151, R144, PT","2048"
"0xfff93420d780","      ISETP.GE.AND P0, PT, R151, R144, PT","2048"
"0xfff93420d790","      VIADD R151, R147, 0xa","2048"
"0xfff93420d7a0","      FSEL R35, R35, -INF , !P3","2048"
"0xfff93420d7b0","      FSEL R102, R102, -INF , !P2","2048"
"0xfff93420d7c0","      ISETP.GT.AND P3, PT, R153, R144, PT","2048"
"0xfff93420d7d0","      ISETP.GE.AND P2, PT, R153, R144, PT","2048"
"0xfff93420d7e0","      VIADD R153, R147, 0xc","2048"
"0xfff93420d7f0","      FSEL R103, R103, -INF , !P4","2048"
"0xfff93420d800","      FSEL R104, R104, -INF , !P6","2048"
"0xfff93420d810","      ISETP.GT.AND P4, PT, R151, R144, PT","2048"
"0xfff93420d820","      ISETP.GE.AND P6, PT, R151, R144, PT","2048"
"0xfff93420d830","      VIADD R151, R147, 0xe","2048"
"0xfff93420d840","      FSEL R105, R105, -INF , !P5","2048"
"0xfff93420d850","      FSEL R106, R106, -INF , !P1","2048"
"0xfff93420d860","      ISETP.GT.AND P5, PT, R153, R144, PT","2048"
"0xfff93420d870","      ISETP.GE.AND P1, PT, R153, R144, PT","2048"
"0xfff93420d880","      VIADD R153, R147, 0x10","2048"
"0xfff93420d890","      FSEL R107, R107, -INF , !P0","2048"
"0xfff93420d8a0","      FSEL R108, R108, -INF , !P3","2048"
"0xfff93420d8b0","      ISETP.GT.AND P0, PT, R151, R144, PT","2048"
"0xfff93420d8c0","      ISETP.GE.AND P3, PT, R151, R144, PT","2048"
"0xfff93420d8d0","      VIADD R151, R147, 0x12","2048"
"0xfff93420d8e0","      FSEL R109, R109, -INF , !P2","2048"
"0xfff93420d8f0","      FSEL R110, R110, -INF , !P4","2048"
"0xfff93420d900","      ISETP.GT.AND P2, PT, R153, R144, PT","2048"
"0xfff93420d910","      ISETP.GE.AND P4, PT, R153, R144, PT","2048"
"0xfff93420d920","      VIADD R153, R147, 0x14","2048"
"0xfff93420d930","      FSEL R111, R111, -INF , !P6","2048"
"0xfff93420d940","      FSEL R112, R112, -INF , !P5","2048"
"0xfff93420d950","      ISETP.GT.AND P6, PT, R151, R144, PT","2048"
"0xfff93420d960","      ISETP.GE.AND P5, PT, R151, R144, PT","2048"
"0xfff93420d970","      VIADD R151, R147, 0x16","2048"
"0xfff93420d980","      FSEL R113, R113, -INF , !P1","2048"
"0xfff93420d990","      FSEL R114, R114, -INF , !P0","2048"
"0xfff93420d9a0","      ISETP.GT.AND P1, PT, R153, R144, PT","2048"
"0xfff93420d9b0","      ISETP.GE.AND P0, PT, R153, R144, PT","2048"
"0xfff93420d9c0","      VIADD R153, R147, 0x18","2048"
"0xfff93420d9d0","      FSEL R115, R115, -INF , !P3","2048"
"0xfff93420d9e0","      FSEL R116, R116, -INF , !P2","2048"
"0xfff93420d9f0","      ISETP.GT.AND P3, PT, R151, R144, PT","2048"
"0xfff93420da00","      ISETP.GE.AND P2, PT, R151, R144, PT","2048"
"0xfff93420da10","      VIADD R151, R147, 0x1a","2048"
"0xfff93420da20","      FSEL R117, R117, -INF , !P4","2048"
"0xfff93420da30","      FSEL R118, R118, -INF , !P6","2048"
"0xfff93420da40","      ISETP.GT.AND P4, PT, R153, R144, PT","2048"
"0xfff93420da50","      ISETP.GE.AND P6, PT, R153, R144, PT","2048"
"0xfff93420da60","      VIADD R153, R147, 0x1c","2048"
"0xfff93420da70","      FSEL R119, R119, -INF , !P5","2048"
"0xfff93420da80","      FSEL R120, R120, -INF , !P1","2048"
"0xfff93420da90","      ISETP.GT.AND P5, PT, R151, R144, PT","2048"
"0xfff93420daa0","      ISETP.GE.AND P1, PT, R151, R144, PT","2048"
"0xfff93420dab0","      VIADD R151, R147, 0x1e","2048"
"0xfff93420dac0","      FSEL R121, R121, -INF , !P0","2048"
"0xfff93420dad0","      FSEL R122, R122, -INF , !P3","2048"
"0xfff93420dae0","      ISETP.GT.AND P0, PT, R153, R144, PT","2048"
"0xfff93420daf0","      ISETP.GE.AND P3, PT, R153, R144, PT","2048"
"0xfff93420db00","      VIADD R153, R147, 0x20","2048"
"0xfff93420db10","      FSEL R123, R123, -INF , !P2","2048"
"0xfff93420db20","      FSEL R124, R124, -INF , !P4","2048"
"0xfff93420db30","      ISETP.GT.AND P2, PT, R151, R144, PT","2048"
"0xfff93420db40","      ISETP.GE.AND P4, PT, R151, R144, PT","2048"
"0xfff93420db50","      VIADD R151, R147, 0x22","2048"
"0xfff93420db60","      FSEL R125, R125, -INF , !P6","2048"
"0xfff93420db70","      FSEL R126, R126, -INF , !P5","2048"
"0xfff93420db80","      ISETP.GT.AND P6, PT, R153, R144, PT","2048"
"0xfff93420db90","      ISETP.GE.AND P5, PT, R153, R144, PT","2048"
"0xfff93420dba0","      VIADD R153, R147, 0x24","2048"
"0xfff93420dbb0","      FSEL R127, R127, -INF , !P1","2048"
"0xfff93420dbc0","      FSEL R128, R128, -INF , !P0","2048"
"0xfff93420dbd0","      ISETP.GT.AND P1, PT, R151, R144, PT","2048"
"0xfff93420dbe0","      ISETP.GE.AND P0, PT, R151, R144, PT","2048"
"0xfff93420dbf0","      VIADD R151, R147, 0x26","2048"
"0xfff93420dc00","      FSEL R129, R129, -INF , !P3","2048"
"0xfff93420dc10","      FSEL R130, R130, -INF , !P2","2048"
"0xfff93420dc20","      ISETP.GT.AND P3, PT, R153, R144, PT","2048"
"0xfff93420dc30","      ISETP.GE.AND P2, PT, R153, R144, PT","2048"
"0xfff93420dc40","      VIADD R153, R147, 0x28","2048"
"0xfff93420dc50","      FSEL R131, R131, -INF , !P4","2048"
"0xfff93420dc60","      FSEL R68, R68, -INF , !P6","2048"
"0xfff93420dc70","      ISETP.GT.AND P4, PT, R151, R144, PT","2048"
"0xfff93420dc80","      ISETP.GE.AND P6, PT, R151, R144, PT","2048"
"0xfff93420dc90","      VIADD R151, R147, 0x2a","2048"
"0xfff93420dca0","      FSEL R69, R69, -INF , !P5","2048"
"0xfff93420dcb0","      FSEL R70, R70, -INF , !P1","2048"
"0xfff93420dcc0","      ISETP.GT.AND P5, PT, R153, R144, PT","2048"
"0xfff93420dcd0","      ISETP.GE.AND P1, PT, R153, R144, PT","2048"
"0xfff93420dce0","      VIADD R153, R147, 0x2c","2048"
"0xfff93420dcf0","      FSEL R71, R71, -INF , !P0","2048"
"0xfff93420dd00","      FSEL R72, R72, -INF , !P3","2048"
"0xfff93420dd10","      ISETP.GT.AND P0, PT, R151, R144, PT","2048"
"0xfff93420dd20","      ISETP.GE.AND P3, PT, R151, R144, PT","2048"
"0xfff93420dd30","      VIADD R151, R147, 0x2e","2048"
"0xfff93420dd40","      FSEL R73, R73, -INF , !P2","2048"
"0xfff93420dd50","      FSEL R74, R74, -INF , !P4","2048"
"0xfff93420dd60","      ISETP.GT.AND P2, PT, R153, R144, PT","2048"
"0xfff93420dd70","      ISETP.GE.AND P4, PT, R153, R144, PT","2048"
"0xfff93420dd80","      VIADD R153, R147, 0x30","2048"
"0xfff93420dd90","      FSEL R75, R75, -INF , !P6","2048"
"0xfff93420dda0","      FSEL R76, R76, -INF , !P5","2048"
"0xfff93420ddb0","      ISETP.GT.AND P6, PT, R151, R144, PT","2048"
"0xfff93420ddc0","      ISETP.GE.AND P5, PT, R151, R144, PT","2048"
"0xfff93420ddd0","      VIADD R151, R147, 0x32","2048"
"0xfff93420dde0","      FSEL R77, R77, -INF , !P1","2048"
"0xfff93420ddf0","      FSEL R78, R78, -INF , !P0","2048"
"0xfff93420de00","      ISETP.GT.AND P1, PT, R153, R144, PT","2048"
"0xfff93420de10","      ISETP.GE.AND P0, PT, R153, R144, PT","2048"
"0xfff93420de20","      VIADD R153, R147, 0x34","2048"
"0xfff93420de30","      FSEL R79, R79, -INF , !P3","2048"
"0xfff93420de40","      FSEL R80, R80, -INF , !P2","2048"
"0xfff93420de50","      ISETP.GT.AND P3, PT, R151, R144, PT","2048"
"0xfff93420de60","      ISETP.GE.AND P2, PT, R151, R144, PT","2048"
"0xfff93420de70","      VIADD R151, R147, 0x36","2048"
"0xfff93420de80","      FSEL R81, R81, -INF , !P4","2048"
"0xfff93420de90","      FSEL R82, R82, -INF , !P6","2048"
"0xfff93420dea0","      ISETP.GT.AND P4, PT, R153, R144, PT","2048"
"0xfff93420deb0","      ISETP.GE.AND P6, PT, R153, R144, PT","2048"
"0xfff93420dec0","      VIADD R153, R147, 0x38","2048"
"0xfff93420ded0","      FSEL R83, R83, -INF , !P5","2048"
"0xfff93420dee0","      FSEL R84, R84, -INF , !P1","2048"
"0xfff93420def0","      ISETP.GT.AND P5, PT, R151, R144, PT","2048"
"0xfff93420df00","      ISETP.GE.AND P1, PT, R151, R144, PT","2048"
"0xfff93420df10","      VIADD R151, R147, 0x3a","2048"
"0xfff93420df20","      FSEL R85, R85, -INF , !P0","2048"
"0xfff93420df30","      FSEL R86, R86, -INF , !P3","2048"
"0xfff93420df40","      ISETP.GT.AND P0, PT, R153, R144, PT","2048"
"0xfff93420df50","      ISETP.GE.AND P3, PT, R153, R144, PT","2048"
"0xfff93420df60","      VIADD R153, R147, 0x3c","2048"
"0xfff93420df70","      FSEL R87, R87, -INF , !P2","2048"
"0xfff93420df80","      FSEL R88, R88, -INF , !P4","2048"
"0xfff93420df90","      ISETP.GT.AND P2, PT, R151, R144, PT","2048"
"0xfff93420dfa0","      ISETP.GE.AND P4, PT, R151, R144, PT","2048"
"0xfff93420dfb0","      VIADD R151, R147, 0x3e","2048"
"0xfff93420dfc0","      FSEL R89, R89, -INF , !P6","2048"
"0xfff93420dfd0","      FSEL R90, R90, -INF , !P5","2048"
"0xfff93420dfe0","      ISETP.GT.AND P6, PT, R153, R144, PT","2048"
"0xfff93420dff0","      ISETP.GE.AND P5, PT, R153, R144, PT","2048"
"0xfff93420e000","      VIADD R153, R147, 0x40","2048"
"0xfff93420e010","      FSEL R91, R91, -INF , !P1","2048"
"0xfff93420e020","      FSEL R92, R92, -INF , !P0","2048"
"0xfff93420e030","      ISETP.GT.AND P1, PT, R151, R144, PT","2048"
"0xfff93420e040","      ISETP.GE.AND P0, PT, R151, R144, PT","2048"
"0xfff93420e050","      VIADD R151, R147, 0x42","2048"
"0xfff93420e060","      FSEL R93, R93, -INF , !P3","2048"
"0xfff93420e070","      FSEL R94, R94, -INF , !P2","2048"
"0xfff93420e080","      ISETP.GT.AND P3, PT, R153, R144, PT","2048"
"0xfff93420e090","      ISETP.GE.AND P2, PT, R153, R144, PT","2048"
"0xfff93420e0a0","      VIADD R153, R147, 0x44","2048"
"0xfff93420e0b0","      FSEL R95, R95, -INF , !P4","2048"
"0xfff93420e0c0","      FSEL R96, R96, -INF , !P6","2048"
"0xfff93420e0d0","      ISETP.GT.AND P4, PT, R151, R144, PT","2048"
"0xfff93420e0e0","      ISETP.GE.AND P6, PT, R151, R144, PT","2048"
"0xfff93420e0f0","      VIADD R151, R147, 0x46","2048"
"0xfff93420e100","      FSEL R97, R97, -INF , !P5","2048"
"0xfff93420e110","      FSEL R98, R98, -INF , !P1","2048"
"0xfff93420e120","      ISETP.GT.AND P5, PT, R153, R144, PT","2048"
"0xfff93420e130","      ISETP.GE.AND P1, PT, R153, R144, PT","2048"
"0xfff93420e140","      VIADD R153, R147, 0x48","2048"
"0xfff93420e150","      FSEL R99, R99, -INF , !P0","2048"
"0xfff93420e160","      FSEL R36, R36, -INF , !P3","2048"
"0xfff93420e170","      ISETP.GT.AND P0, PT, R151, R144, PT","2048"
"0xfff93420e180","      ISETP.GE.AND P3, PT, R151, R144, PT","2048"
"0xfff93420e190","      VIADD R151, R147, 0x4a","2048"
"0xfff93420e1a0","      FSEL R37, R37, -INF , !P2","2048"
"0xfff93420e1b0","      FSEL R38, R38, -INF , !P4","2048"
"0xfff93420e1c0","      ISETP.GT.AND P2, PT, R153, R144, PT","2048"
"0xfff93420e1d0","      ISETP.GE.AND P4, PT, R153, R144, PT","2048"
"0xfff93420e1e0","      VIADD R153, R147, 0x4c","2048"
"0xfff93420e1f0","      FSEL R39, R39, -INF , !P6","2048"
"0xfff93420e200","      FSEL R40, R40, -INF , !P5","2048"
"0xfff93420e210","      ISETP.GT.AND P6, PT, R151, R144, PT","2048"
"0xfff93420e220","      ISETP.GE.AND P5, PT, R151, R144, PT","2048"
"0xfff93420e230","      VIADD R151, R147, 0x4e","2048"
"0xfff93420e240","      FSEL R41, R41, -INF , !P1","2048"
"0xfff93420e250","      FSEL R42, R42, -INF , !P0","2048"
"0xfff93420e260","      ISETP.GT.AND P1, PT, R153, R144, PT","2048"
"0xfff93420e270","      ISETP.GE.AND P0, PT, R153, R144, PT","2048"
"0xfff93420e280","      VIADD R153, R147, 0x50","2048"
"0xfff93420e290","      FSEL R43, R43, -INF , !P3","2048"
"0xfff93420e2a0","      FSEL R44, R44, -INF , !P2","2048"
"0xfff93420e2b0","      ISETP.GT.AND P3, PT, R151, R144, PT","2048"
"0xfff93420e2c0","      ISETP.GE.AND P2, PT, R151, R144, PT","2048"
"0xfff93420e2d0","      VIADD R151, R147, 0x52","2048"
"0xfff93420e2e0","      FSEL R45, R45, -INF , !P4","2048"
"0xfff93420e2f0","      FSEL R46, R46, -INF , !P6","2048"
"0xfff93420e300","      ISETP.GT.AND P4, PT, R153, R144, PT","2048"
"0xfff93420e310","      ISETP.GE.AND P6, PT, R153, R144, PT","2048"
"0xfff93420e320","      VIADD R153, R147, 0x54","2048"
"0xfff93420e330","      FSEL R47, R47, -INF , !P5","2048"
"0xfff93420e340","      FSEL R48, R48, -INF , !P1","2048"
"0xfff93420e350","      ISETP.GT.AND P5, PT, R151, R144, PT","2048"
"0xfff93420e360","      ISETP.GE.AND P1, PT, R151, R144, PT","2048"
"0xfff93420e370","      VIADD R151, R147, 0x56","2048"
"0xfff93420e380","      FSEL R49, R49, -INF , !P0","2048"
"0xfff93420e390","      FSEL R50, R50, -INF , !P3","2048"
"0xfff93420e3a0","      ISETP.GT.AND P0, PT, R153, R144, PT","2048"
"0xfff93420e3b0","      ISETP.GE.AND P3, PT, R153, R144, PT","2048"
"0xfff93420e3c0","      VIADD R153, R147, 0x58","2048"
"0xfff93420e3d0","      FSEL R51, R51, -INF , !P2","2048"
"0xfff93420e3e0","      FSEL R52, R52, -INF , !P4","2048"
"0xfff93420e3f0","      ISETP.GT.AND P2, PT, R151, R144, PT","2048"
"0xfff93420e400","      ISETP.GE.AND P4, PT, R151, R144, PT","2048"
"0xfff93420e410","      VIADD R151, R147, 0x5a","2048"
"0xfff93420e420","      FSEL R53, R53, -INF , !P6","2048"
"0xfff93420e430","      FSEL R54, R54, -INF , !P5","2048"
"0xfff93420e440","      ISETP.GT.AND P6, PT, R153, R144, PT","2048"
"0xfff93420e450","      ISETP.GE.AND P5, PT, R153, R144, PT","2048"
"0xfff93420e460","      VIADD R153, R147, 0x5c","2048"
"0xfff93420e470","      FSEL R55, R55, -INF , !P1","2048"
"0xfff93420e480","      FSEL R56, R56, -INF , !P0","2048"
"0xfff93420e490","      ISETP.GT.AND P1, PT, R151, R144, PT","2048"
"0xfff93420e4a0","      ISETP.GE.AND P0, PT, R151, R144, PT","2048"
"0xfff93420e4b0","      VIADD R151, R147, 0x5e","2048"
"0xfff93420e4c0","      FSEL R57, R57, -INF , !P3","2048"
"0xfff93420e4d0","      FSEL R58, R58, -INF , !P2","2048"
"0xfff93420e4e0","      ISETP.GT.AND P3, PT, R153, R144, PT","2048"
"0xfff93420e4f0","      ISETP.GE.AND P2, PT, R153, R144, PT","2048"
"0xfff93420e500","      VIADD R153, R147, 0x60","2048"
"0xfff93420e510","      FSEL R59, R59, -INF , !P4","2048"
"0xfff93420e520","      FSEL R60, R60, -INF , !P6","2048"
"0xfff93420e530","      ISETP.GT.AND P4, PT, R151, R144, PT","2048"
"0xfff93420e540","      ISETP.GE.AND P6, PT, R151, R144, PT","2048"
"0xfff93420e550","      VIADD R151, R147, 0x62","2048"
"0xfff93420e560","      FSEL R61, R61, -INF , !P5","2048"
"0xfff93420e570","      FSEL R62, R62, -INF , !P1","2048"
"0xfff93420e580","      ISETP.GT.AND P5, PT, R153, R144, PT","2048"
"0xfff93420e590","      ISETP.GE.AND P1, PT, R153, R144, PT","2048"
"0xfff93420e5a0","      VIADD R153, R147, 0x64","2048"
"0xfff93420e5b0","      FSEL R63, R63, -INF , !P0","2048"
"0xfff93420e5c0","      FSEL R64, R64, -INF , !P3","2048"
"0xfff93420e5d0","      ISETP.GT.AND P0, PT, R151, R144, PT","2048"
"0xfff93420e5e0","      ISETP.GE.AND P3, PT, R151, R144, PT","2048"
"0xfff93420e5f0","      VIADD R151, R147, 0x66","2048"
"0xfff93420e600","      FSEL R65, R65, -INF , !P2","2048"
"0xfff93420e610","      FSEL R66, R66, -INF , !P4","2048"
"0xfff93420e620","      ISETP.GT.AND P2, PT, R153, R144, PT","2048"
"0xfff93420e630","      ISETP.GE.AND P4, PT, R153, R144, PT","2048"
"0xfff93420e640","      VIADD R153, R147, 0x68","2048"
"0xfff93420e650","      FSEL R67, R67, -INF , !P6","2048"
"0xfff93420e660","      FSEL R4, R4, -INF , !P5","2048"
"0xfff93420e670","      ISETP.GT.AND P6, PT, R151, R144, PT","2048"
"0xfff93420e680","      ISETP.GE.AND P5, PT, R151, R144, PT","2048"
"0xfff93420e690","      VIADD R151, R147, 0x6a","2048"
"0xfff93420e6a0","      FSEL R5, R5, -INF , !P1","2048"
"0xfff93420e6b0","      FSEL R6, R6, -INF , !P0","2048"
"0xfff93420e6c0","      ISETP.GT.AND P1, PT, R153, R144, PT","2048"
"0xfff93420e6d0","      ISETP.GE.AND P0, PT, R153, R144, PT","2048"
"0xfff93420e6e0","      VIADD R153, R147, 0x6c","2048"
"0xfff93420e6f0","      FSEL R7, R7, -INF , !P3","2048"
"0xfff93420e700","      FSEL R8, R8, -INF , !P2","2048"
"0xfff93420e710","      ISETP.GT.AND P3, PT, R151, R144, PT","2048"
"0xfff93420e720","      ISETP.GE.AND P2, PT, R151, R144, PT","2048"
"0xfff93420e730","      VIADD R151, R147, 0x6e","2048"
"0xfff93420e740","      FSEL R9, R9, -INF , !P4","2048"
"0xfff93420e750","      FSEL R10, R10, -INF , !P6","2048"
"0xfff93420e760","      ISETP.GT.AND P4, PT, R153, R144, PT","2048"
"0xfff93420e770","      ISETP.GE.AND P6, PT, R153, R144, PT","2048"
"0xfff93420e780","      VIADD R153, R147, 0x70","2048"
"0xfff93420e790","      FSEL R11, R11, -INF , !P5","2048"
"0xfff93420e7a0","      FSEL R12, R12, -INF , !P1","2048"
"0xfff93420e7b0","      ISETP.GT.AND P5, PT, R151, R144, PT","2048"
"0xfff93420e7c0","      ISETP.GE.AND P1, PT, R151, R144, PT","2048"
"0xfff93420e7d0","      VIADD R151, R147, 0x72","2048"
"0xfff93420e7e0","      FSEL R13, R13, -INF , !P0","2048"
"0xfff93420e7f0","      FSEL R14, R14, -INF , !P3","2048"
"0xfff93420e800","      ISETP.GT.AND P0, PT, R153, R144, PT","2048"
"0xfff93420e810","      ISETP.GE.AND P3, PT, R153, R144, PT","2048"
"0xfff93420e820","      VIADD R153, R147, 0x74","2048"
"0xfff93420e830","      FSEL R15, R15, -INF , !P2","2048"
"0xfff93420e840","      FSEL R16, R16, -INF , !P4","2048"
"0xfff93420e850","      ISETP.GT.AND P2, PT, R151, R144, PT","2048"
"0xfff93420e860","      ISETP.GE.AND P4, PT, R151, R144, PT","2048"
"0xfff93420e870","      VIADD R151, R147, 0x76","2048"
"0xfff93420e880","      FSEL R17, R17, -INF , !P6","2048"
"0xfff93420e890","      ISETP.GT.AND P6, PT, R153, R144, PT","2048"
"0xfff93420e8a0","      FSEL R18, R18, -INF , !P5","2048"
"0xfff93420e8b0","      FSEL R19, R19, -INF , !P1","2048"
"0xfff93420e8c0","      FSEL R20, R20, -INF , !P0","2048"
"0xfff93420e8d0","      ISETP.GE.AND P5, PT, R153, R144, PT","2048"
"0xfff93420e8e0","      VIADD R153, R147, 0x78","2048"
"0xfff93420e8f0","      ISETP.GT.AND P1, PT, R151, R144, PT","2048"
"0xfff93420e900","      ISETP.GE.AND P0, PT, R151, R144, PT","2048"
"0xfff93420e910","      VIADD R151, R147, 0x7a","2048"
"0xfff93420e920","      FSEL R23, R23, -INF , !P4","2048"
"0xfff93420e930","      FSEL R24, R24, -INF , !P6","2048"
"0xfff93420e940","      ISETP.GT.AND P4, PT, R147, R144, PT","2048"
"0xfff93420e950","      ISETP.GE.AND P6, PT, R147, R144, PT","2048"
"0xfff93420e960","      VIADD R147, R147, 0x7c","2048"
"0xfff93420e970","      FSEL R21, R21, -INF , !P3","2048"
"0xfff93420e980","      FSEL R22, R22, -INF , !P2","2048"
"0xfff93420e990","      FSEL R25, R25, -INF , !P5","2048"
"0xfff93420e9a0","      FSEL R26, R26, -INF , !P1","2048"
"0xfff93420e9b0","      FSEL R27, R27, -INF , !P0","2048"
"0xfff93420e9c0","      FSEL R100, R100, -INF , !P4","2048"
"0xfff93420e9d0","      ISETP.GT.AND P3, PT, R153, R144, PT","2048"
"0xfff93420e9e0","      ISETP.GE.AND P2, PT, R153, R144, PT","2048"
"0xfff93420e9f0","      ISETP.GT.AND P5, PT, R151, R144, PT","2048"
"0xfff93420ea00","      ISETP.GE.AND P1, PT, R151, R144, PT","2048"
"0xfff93420ea10","      ISETP.GT.AND P0, PT, R147, R144, PT","2048"
"0xfff93420ea20","      ISETP.GE.AND P4, PT, R147, R144, PT","2048"
"0xfff93420ea30","      FSEL R101, R101, -INF , !P6","2048"
"0xfff93420ea40","      FSEL R28, R28, -INF , !P3","2048"
"0xfff93420ea50","      FSEL R29, R29, -INF , !P2","2048"
"0xfff93420ea60","      FSEL R30, R30, -INF , !P5","2048"
"0xfff93420ea70","      FSEL R31, R31, -INF , !P1","2048"
"0xfff93420ea80","      FSEL R32, R32, -INF , !P0","2048"
"0xfff93420ea90","      FSEL R33, R33, -INF , !P4","2048"
"0xfff93420eaa0","      BSYNC.RECONVERGENT B0","34304"
"0xfff93420eab0","      FMNMX3 R2, R100, -INF , R101, !PT","33792"
"0xfff93420eac0","      IMAD.MOV.U32 R154, RZ, RZ, R143","33792"
"0xfff93420ead0","      FMNMX3 R147, R68, -INF , R69, !PT","33792"
"0xfff93420eae0","      IMAD.U32 R153, RZ, RZ, UR12","33792"
"0xfff93420eaf0","      FMNMX3 R148, R36, -INF , R37, !PT","33792"
"0xfff93420eb00","      FMNMX3 R150, R4, -INF , R5, !PT","33792"
"0xfff93420eb10","      FMNMX3 R2, R2, R102, R103, !PT","33792"
"0xfff93420eb20","      FMNMX3 R147, R147, R70, R71, !PT","33792"
"0xfff93420eb30","      FMNMX3 R148, R148, R38, R39, !PT","33792"
"0xfff93420eb40","      FMNMX3 R150, R150, R6, R7, !PT","33792"
"0xfff93420eb50","      FMNMX3 R2, R2, R104, R105, !PT","33792"
"0xfff93420eb60","      FMNMX3 R147, R147, R72, R73, !PT","33792"
"0xfff93420eb70","      FMNMX3 R148, R148, R40, R41, !PT","33792"
"0xfff93420eb80","      FMNMX3 R150, R150, R8, R9, !PT","33792"
"0xfff93420eb90","      FMNMX3 R2, R2, R106, R107, !PT","33792"
"0xfff93420eba0","      FMNMX3 R147, R147, R74, R75, !PT","33792"
"0xfff93420ebb0","      FMNMX3 R148, R148, R42, R43, !PT","33792"
"0xfff93420ebc0","      FMNMX3 R150, R150, R10, R11, !PT","33792"
"0xfff93420ebd0","      FMNMX3 R2, R2, R108, R109, !PT","33792"
"0xfff93420ebe0","      FMNMX3 R147, R147, R76, R77, !PT","33792"
"0xfff93420ebf0","      FMNMX3 R148, R148, R44, R45, !PT","33792"
"0xfff93420ec00","      FMNMX3 R150, R150, R12, R13, !PT","33792"
"0xfff93420ec10","      FMNMX3 R2, R2, R110, R111, !PT","33792"
"0xfff93420ec20","      FMNMX3 R147, R147, R78, R79, !PT","33792"
"0xfff93420ec30","      FMNMX3 R148, R148, R46, R47, !PT","33792"
"0xfff93420ec40","      FMNMX3 R150, R150, R14, R15, !PT","33792"
"0xfff93420ec50","      FMNMX3 R2, R2, R112, R113, !PT","33792"
"0xfff93420ec60","      FMNMX3 R147, R147, R80, R81, !PT","33792"
"0xfff93420ec70","      FMNMX3 R148, R148, R48, R49, !PT","33792"
"0xfff93420ec80","      FMNMX3 R150, R150, R16, R17, !PT","33792"
"0xfff93420ec90","      FMNMX3 R2, R2, R114, R115, !PT","33792"
"0xfff93420eca0","      FMNMX3 R147, R147, R82, R83, !PT","33792"
"0xfff93420ecb0","      FMNMX3 R148, R148, R50, R51, !PT","33792"
"0xfff93420ecc0","      FMNMX3 R150, R150, R18, R19, !PT","33792"
"0xfff93420ecd0","      FMNMX3 R2, R2, R116, R117, !PT","33792"
"0xfff93420ece0","      FMNMX3 R147, R147, R84, R85, !PT","33792"
"0xfff93420ecf0","      FMNMX3 R148, R148, R52, R53, !PT","33792"
"0xfff93420ed00","      FMNMX3 R150, R150, R20, R21, !PT","33792"
"0xfff93420ed10","      FMNMX3 R2, R2, R118, R119, !PT","33792"
"0xfff93420ed20","      FMNMX3 R147, R147, R86, R87, !PT","33792"
"0xfff93420ed30","      FMNMX3 R148, R148, R54, R55, !PT","33792"
"0xfff93420ed40","      FMNMX3 R150, R150, R22, R23, !PT","33792"
"0xfff93420ed50","      FMNMX3 R2, R2, R120, R121, !PT","33792"
"0xfff93420ed60","      FMNMX3 R147, R147, R88, R89, !PT","33792"
"0xfff93420ed70","      FMNMX3 R148, R148, R56, R57, !PT","33792"
"0xfff93420ed80","      FMNMX3 R150, R150, R24, R25, !PT","33792"
"0xfff93420ed90","      FMNMX3 R2, R2, R122, R123, !PT","33792"
"0xfff93420eda0","      FMNMX3 R147, R147, R90, R91, !PT","33792"
"0xfff93420edb0","      FMNMX3 R148, R148, R58, R59, !PT","33792"
"0xfff93420edc0","      FMNMX3 R150, R150, R26, R27, !PT","33792"
"0xfff93420edd0","      FMNMX3 R2, R2, R124, R125, !PT","33792"
"0xfff93420ede0","      FMNMX3 R147, R147, R92, R93, !PT","33792"
"0xfff93420edf0","      FMNMX3 R148, R148, R60, R61, !PT","33792"
"0xfff93420ee00","      FMNMX3 R150, R150, R28, R29, !PT","33792"
"0xfff93420ee10","      FMNMX3 R2, R2, R126, R127, !PT","33792"
"0xfff93420ee20","      FMNMX3 R147, R147, R94, R95, !PT","33792"
"0xfff93420ee30","      FMNMX3 R148, R148, R62, R63, !PT","33792"
"0xfff93420ee40","      FMNMX3 R150, R150, R30, R31, !PT","33792"
"0xfff93420ee50","      FMNMX3 R2, R2, R128, R129, !PT","33792"
"0xfff93420ee60","      FMNMX3 R147, R147, R96, R97, !PT","33792"
"0xfff93420ee70","      FMNMX3 R148, R148, R64, R65, !PT","33792"
"0xfff93420ee80","      FMNMX3 R150, R150, R32, R33, !PT","33792"
"0xfff93420ee90","      FMNMX3 R152, R2, R130, R131, !PT","33792"
"0xfff93420eea0","      FMNMX3 R151, R147, R98, R99, !PT","33792"
"0xfff93420eeb0","      FMNMX3 R156, R148, R66, R67, !PT","33792"
"0xfff93420eec0","      IMAD.U32 R148, RZ, RZ, UR12","33792"
"0xfff93420eed0","      FMNMX3 R158, R150, R34, R35, !PT","33792"
"0xfff93420eee0","      FMNMX3 R2, R152, R151, R156, !PT","33792"
"0xfff93420eef0","      ISETP.NE.AND P1, PT, R161, RZ, PT","33792"
"0xfff93420ef00","      FMNMX3 R2, R2, R158, R143, !PT","33792"
"0xfff93420ef10","      ISETP.LT.AND P1, PT, RZ, UR5, !P1","33792"
"0xfff93420ef20","      FSETP.NE.AND P0, PT, |R2|, +INF , PT","33792"
"0xfff93420ef30","      FSETP.EQ.OR P1, PT, RZ, UR12, P1","33792"
"0xfff93420ef40","      FSETP.EQU.OR P2, PT, |R152|, +INF , !P0","33792"
"0xfff93420ef50","      FSETP.EQU.OR P1, PT, |R143|, +INF , P1","33792"
"0xfff93420ef60","      IMAD.MOV.U32 R143, RZ, RZ, R2","33792"
"0xfff93420ef70","      FSETP.EQU.OR P3, PT, |R151|, +INF , !P0","33792"
"0xfff93420ef80","      FSETP.EQU.OR P4, PT, |R156|, +INF , !P0","33792"
"0xfff93420ef90","      FSETP.EQU.OR P1, PT, |R2|, +INF , P1","33792"
"0xfff93420efa0","      FSETP.EQU.OR P0, PT, |R158|, +INF , !P0","33792"
"0xfff93420efb0","      PRMT R155, RZ, 0x7610, R155","33792"
"0xfff93420efc0","@!P2  FADD R147, -R143, R152","33792"
"0xfff93420efd0","      LOP3.LUT R132, R149, R132, RZ, 0x3c, !PT","33792"
"0xfff93420efe0","      LOP3.LUT R134, R149, R134, RZ, 0xfc, !PT","33792"
"0xfff93420eff0","@!P2  FFMA R147, R147, R148, 11.392317771911621094","33792"
"0xfff93420f000","@!P3  FADD R148, -R143, R151","33792"
"0xfff93420f010","      IMAD.U32 R151, RZ, RZ, UR12","33792"
"0xfff93420f020","@!P4  FADD R2, -R143, R156","33792"
"0xfff93420f030","      PRMT R159, RZ, 0x7610, R159","33792"
"0xfff93420f040","@!P3  FFMA R150, R148, R153, 11.392317771911621094","33792"
"0xfff93420f050","@!P2  F2I.FLOOR.NTZ R147, R147","33792"
"0xfff93420f060","@!P4  FFMA R151, R2, R151, 11.392317771911621094","33792"
"0xfff93420f070","@!P0  FADD R2, -R143, R158","33792"
"0xfff93420f080","      PRMT R158, RZ, 0x7610, R158","33792"
"0xfff93420f090","      PRMT R157, RZ, 0x7610, R157","33792"
"0xfff93420f0a0","@!P0  FFMA R152, R2, R153, 11.392317771911621094","33792"
"0xfff93420f0b0","@!P1  FADD R2, -R143, R154","33792"
"0xfff93420f0c0","@!P4  F2I.FLOOR.NTZ R151, R151","33792"
"0xfff93420f0d0","      LEA R154, R146, UR21, 0xd","33792"
"0xfff93420f0e0","@!P1  FMUL R2, R2, UR12","33792"
"0xfff93420f0f0","@!P2  VIADD R148, R147, 0x7f","33792"
"0xfff93420f100","@!P3  F2I.FLOOR.NTZ R150, R150","33792"
"0xfff93420f110","@!P2  ISETP.GT.AND P5, PT, R147, 0x7f, PT","33792"
"0xfff93420f120","@!P2  ISETP.GE.AND P6, PT, R147, -0x7e, PT","33792"
"0xfff93420f130","      IMAD.MOV.U32 R147, RZ, RZ, 0x3f800000","33792"
"0xfff93420f140","@!P2  SEL R148, R148, 0xfffe, !P5","33792"
"0xfff93420f150","@!P4  ISETP.GT.AND P5, PT, R151, 0x7f, PT","33792"
"0xfff93420f160","@!P0  F2I.FLOOR.NTZ R152, R152","33792"
"0xfff93420f170","@!P2  SEL R155, R148, RZ, P6","33792"
"0xfff93420f180","@!P4  ISETP.GE.AND P2, PT, R151, -0x7e, PT","33792"
"0xfff93420f190","@!P4  VIADD R151, R151, 0x7f","33792"
"0xfff93420f1a0","@!P3  ISETP.GT.AND P6, PT, R150, 0x7f, PT","33792"
"0xfff93420f1b0","@!P1  MUFU.EX2 R147, R2","33792"
"0xfff93420f1c0","@!P3  ISETP.GE.AND P1, PT, R150, -0x7e, PT","33792"
"0xfff93420f1d0","@!P3  VIADD R150, R150, 0x7f","33792"
"0xfff93420f1e0","@!P4  SEL R151, R151, 0xfffe, !P5","33792"
"0xfff93420f1f0","@!P4  SEL R158, R151, RZ, P2","33792"
"0xfff93420f200","@!P3  SEL R150, R150, 0xfffe, !P6","33792"
"0xfff93420f210","@!P0  ISETP.GE.AND P6, PT, R152, -0x7e, PT","33792"
"0xfff93420f220","@!P0  ISETP.GT.AND P5, PT, R152, 0x7f, PT","33792"
"0xfff93420f230","@!P0  VIADD R152, R152, 0x7f","33792"
"0xfff93420f240","      LOP3.LUT R149, R158, 0xffff, RZ, 0xc0, !PT","33792"
"0xfff93420f250","@!P3  SEL R159, R150, RZ, P1","33792"
"0xfff93420f260","@!P0  SEL R152, R152, 0xfffe, !P5","33792"
"0xfff93420f270","      IMAD.U32 R2, R149, 0x10000, RZ","33792"
"0xfff93420f280","      LOP3.LUT R148, R159, 0xffff, RZ, 0xc0, !PT","33792"
"0xfff93420f290","@!P0  SEL R157, R152, RZ, P6","33792"
"0xfff93420f2a0","      LOP3.LUT R164, R148, 0xff, RZ, 0xc0, !PT","33792"
"0xfff93420f2b0","      IMAD.SHL.U32 R148, R148, 0x800000, RZ","33792"
"0xfff93420f2c0","      LOP3.LUT R151, R2, 0xff0000, RZ, 0xc0, !PT","33792"
"0xfff93420f2d0","      LOP3.LUT R2, R155, 0xffff, RZ, 0xc0, !PT","33792"
"0xfff93420f2e0","      LOP3.LUT R152, R157, 0xffff, RZ, 0xc0, !PT","33792"
"0xfff93420f2f0","      IMAD R151, R164, 0x100, R151","33792"
"0xfff93420f300","      LOP3.LUT R150, R149, 0xff, RZ, 0xc0, !PT","33792"
"0xfff93420f310","      IMAD.SHL.U32 R149, R149, 0x800000, RZ","33792"
"0xfff93420f320","      LOP3.LUT R166, R2, 0xff, RZ, 0xc0, !PT","33792"
"0xfff93420f330","      IMAD.SHL.U32 R2, R2, 0x800000, RZ","33792"
"0xfff93420f340","      LOP3.LUT R156, R152, 0xff, RZ, 0xc0, !PT","33792"
"0xfff93420f350","      IMAD R165, R152, 0x1000000, R151","33792"
"0xfff93420f360","      LOP3.LUT R153, R149, 0x7f800000, RZ, 0xc0, !PT","33792"
"0xfff93420f370","      IMAD.SHL.U32 R162, R152, 0x800000, RZ","33792"
"0xfff93420f380","      LOP3.LUT R149, R2, 0x7f800000, RZ, 0xc0, !PT","33792"
"0xfff93420f390","      VIADD R152, R150, 0xffffff81","33792"
"0xfff93420f3a0","      FSETP.NEU.AND P4, PT, RZ, UR12, PT","33792"
"0xfff93420f3b0","      VIADD R150, R164, 0xffffff81","33792"
"0xfff93420f3c0","      LOP3.LUT R164, R162, 0x7f800000, RZ, 0xc0, !PT","33792"
"0xfff93420f3d0","      VIADD R163, R156, 0xffffff81","33792"
"0xfff93420f3e0","      FMUL R162, R153, 6.2003971834201365709e-05","33792"
"0xfff93420f3f0","      VIADD R2, R166, 0xffffff81","33792"
"0xfff93420f400","      I2FP.F32.S32 R153, R150","33792"
"0xfff93420f410","      FMUL R164, R164, 6.2003971834201365709e-05","33792"
"0xfff93420f420","      LOP3.LUT P2, R158, R158, 0xff, RZ, 0xc0, !PT","33792"
"0xfff93420f430","      LOP3.LUT R151, R148, 0x7f800000, RZ, 0xc0, !PT","33792"
"0xfff93420f440","      FADD R153, -R153, 13.9772796630859375","33792"
"0xfff93420f450","      I2FP.F32.S32 R156, R152","33792"
"0xfff93420f460","      FMUL R152, R149, 6.2003971834201365709e-05","33792"
"0xfff93420f470","      I2FP.F32.S32 R163, R163","33792"
"0xfff93420f480","      FMUL R151, R151, 6.2003971834201365709e-05","33792"
"0xfff93420f490","      I2FP.F32.S32 R2, R2","33792"
"0xfff93420f4a0","      FADD R156, -R156, 13.9772796630859375","33792"
"0xfff93420f4b0","      LOP3.LUT P0, R155, R155, 0xff, RZ, 0xc0, !PT","33792"
"0xfff93420f4c0","      FADD R163, -R163, 13.9772796630859375","33792"
"0xfff93420f4d0","      FSEL R150, R162, RZ, P2","33792"
"0xfff93420f4e0","      FADD R162, -R2, 13.9772796630859375","33792"
"0xfff93420f4f0","      LOP3.LUT P1, R159, R159, 0xff, RZ, 0xc0, !PT","33792"
"0xfff93420f500","      IMAD.IADD R148, R166, 0x1, R165","33792"
"0xfff93420f510","      LOP3.LUT P3, R157, R157, 0xff, RZ, 0xc0, !PT","33792"
"0xfff93420f520","      FSEL R2, R152, RZ, P0","33792"
"0xfff93420f530","      FSEL R152, R153, RZ, P1","33792"
"0xfff93420f540","      FSEL R151, R151, RZ, P1","33792"
"0xfff93420f550","      FSEL R149, R164, RZ, P3","33792"
"0xfff93420f560","      FSEL R156, R156, RZ, P2","33792"
"0xfff93420f570","      FSEL R153, R163, RZ, P3","33792"
"0xfff93420f580","      FSEL R162, R162, RZ, P0","33792"
"0xfff93420f590","@!P4  BRA 0xfff934210d70","33792"
"0xfff93420f5a0","      FMUL R155, R143, UR12","33792"
"0xfff93420f5b0","      IMAD.IADD R154, R137, 0x1, R154","33792"
"0xfff93420f5c0","      ISETP.NE.AND P4, PT, R157, RZ, PT","33792"
"0xfff93420f5d0","      FADD R162, R162, -R155","33792"
"0xfff93420f5e0","      FADD R152, R152, -R155","33792"
"0xfff93420f5f0","      FADD R156, R156, -R155","33792"
"0xfff93420f600","      FADD R153, R153, -R155","33792"
"0xfff93420f610","      FFMA2 R102, R102.F32x2.HI_LO, UR12.F32, R162.F32","33792"
"0xfff93420f620","      VIADD R164, R154, 0x10","33792"
"0xfff93420f630","      FFMA2 R70, R70.F32x2.HI_LO, UR12.F32, R152.F32","33792"
"0xfff93420f640","      VIADD R165, R154, 0x30","33792"
"0xfff93420f650","      FFMA2 R106, R106.F32x2.HI_LO, UR12.F32, R162.F32","33792"
"0xfff93420f660","      ISETP.NE.AND P2, PT, R159, RZ, PT","33792"
"0xfff93420f670","      FFMA2 R74, R74.F32x2.HI_LO, UR12.F32, R152.F32","33792"
"0xfff93420f680","      MUFU.EX2 R102, R102","33792"
"0xfff93420f690","      FFMA2 R100, R100.F32x2.HI_LO, UR12.F32, R162.F32","33792"
"0xfff93420f6a0","      SHF.R.U32.HI R155, RZ, 0x3, R164","33792"
"0xfff93420f6b0","      FFMA2 R38, R38.F32x2.HI_LO, UR12.F32, R156.F32","33792"
"0xfff93420f6c0","      SHF.R.U32.HI R166, RZ, 0x3, R165","33792"
"0xfff93420f6d0","      FFMA2 R68, R68.F32x2.HI_LO, UR12.F32, R152.F32","33792"
"0xfff93420f6e0","      LOP3.LUT R164, R164, 0x30, R155, 0x78, !PT","33792"
"0xfff93420f6f0","      FFMA2 R104, R104.F32x2.HI_LO, UR12.F32, R162.F32","33792"
"0xfff93420f700","      MUFU.EX2 R103, R103","33792"
"0xfff93420f710","      FFMA2 R42, R42.F32x2.HI_LO, UR12.F32, R156.F32","33792"
"0xfff93420f720","      LOP3.LUT R165, R165, 0x30, R166, 0x78, !PT","33792"
"0xfff93420f730","      FFMA2 R72, R72.F32x2.HI_LO, UR12.F32, R152.F32","33792"
"0xfff93420f740","      ISETP.NE.AND P3, PT, R158, RZ, PT","33792"
"0xfff93420f750","      FFMA2 R36, R36.F32x2.HI_LO, UR12.F32, R156.F32","33792"
"0xfff93420f760","      FFMA2 R10, R10.F32x2.HI_LO, UR12.F32, R153.F32","33792"
"0xfff93420f770","      MUFU.EX2 R70, R70","33792"
"0xfff93420f780","      FFMA2 R40, R40.F32x2.HI_LO, UR12.F32, R156.F32","33792"
"0xfff93420f790","      FFMA2 R44, R44.F32x2.HI_LO, UR12.F32, R156.F32","33792"
"0xfff93420f7a0","      FFMA2 R46, R46.F32x2.HI_LO, UR12.F32, R156.F32","33792"
"0xfff93420f7b0","      FFMA2 R48, R48.F32x2.HI_LO, UR12.F32, R156.F32","33792"
"0xfff93420f7c0","      MUFU.EX2 R71, R71","33792"
"0xfff93420f7d0","      FFMA2 R50, R50.F32x2.HI_LO, UR12.F32, R156.F32","33792"
"0xfff93420f7e0","      FFMA2 R52, R52.F32x2.HI_LO, UR12.F32, R156.F32","33792"
"0xfff93420f7f0","      FFMA2 R54, R54.F32x2.HI_LO, UR12.F32, R156.F32","33792"
"0xfff93420f800","      FFMA2 R56, R56.F32x2.HI_LO, UR12.F32, R156.F32","33792"
"0xfff93420f810","      MUFU.EX2 R106, R106","33792"
"0xfff93420f820","      FFMA2 R58, R58.F32x2.HI_LO, UR12.F32, R156.F32","33792"
"0xfff93420f830","      FFMA2 R60, R60.F32x2.HI_LO, UR12.F32, R156.F32","33792"
"0xfff93420f840","      FFMA2 R62, R62.F32x2.HI_LO, UR12.F32, R156.F32","33792"
"0xfff93420f850","      FFMA2 R64, R64.F32x2.HI_LO, UR12.F32, R156.F32","33792"
"0xfff93420f860","      MUFU.EX2 R107, R107","33792"
"0xfff93420f870","      FFMA2 R66, R66.F32x2.HI_LO, UR12.F32, R156.F32","33792"
"0xfff93420f880","      VIADD R156, R154, 0x20","33792"
"0xfff93420f890","      FFMA2 R4, R4.F32x2.HI_LO, UR12.F32, R153.F32","33792"
"0xfff93420f8a0","      FFMA2 R8, R8.F32x2.HI_LO, UR12.F32, R153.F32","33792"
"0xfff93420f8b0","      FFMA2 R6, R6.F32x2.HI_LO, UR12.F32, R153.F32","33792"
"0xfff93420f8c0","      MUFU.EX2 R74, R74","33792"
"0xfff93420f8d0","      FFMA2 R114, R114.F32x2.HI_LO, UR12.F32, R162.F32","33792"
"0xfff93420f8e0","      SHF.R.U32.HI R157, RZ, 0x3, R156","33792"
"0xfff93420f8f0","      FFMA2 R112, R112.F32x2.HI_LO, UR12.F32, R162.F32","33792"
"0xfff93420f900","      FFMA2 R82, R82.F32x2.HI_LO, UR12.F32, R152.F32","33792"
"0xfff93420f910","      LOP3.LUT R155, R156, 0x30, R157, 0x78, !PT","33792"
"0xfff93420f920","      FFMA2 R108, R108.F32x2.HI_LO, UR12.F32, R162.F32","33792"
"0xfff93420f930","      MUFU.EX2 R75, R75","33792"
"0xfff93420f940","      FFMA2 R110, R110.F32x2.HI_LO, UR12.F32, R162.F32","33792"
"0xfff93420f950","      F2FP.SATFINITE.E2M1.F32.PACK_AB_MERGE_C R166, R107, R106, RZ","33792"
"0xfff93420f960","      FFMA2 R116, R116.F32x2.HI_LO, UR12.F32, R162.F32","33792"
"0xfff93420f970","      FFMA2 R118, R118.F32x2.HI_LO, UR12.F32, R162.F32","33792"
"0xfff93420f980","      FFMA2 R120, R120.F32x2.HI_LO, UR12.F32, R162.F32","33792"
"0xfff93420f990","      MUFU.EX2 R100, R100","33792"
"0xfff93420f9a0","      FFMA2 R122, R122.F32x2.HI_LO, UR12.F32, R162.F32","33792"
"0xfff93420f9b0","      FFMA2 R124, R124.F32x2.HI_LO, UR12.F32, R162.F32","33792"
"0xfff93420f9c0","      FFMA2 R126, R126.F32x2.HI_LO, UR12.F32, R162.F32","33792"
"0xfff93420f9d0","      FFMA2 R128, R128.F32x2.HI_LO, UR12.F32, R162.F32","33792"
"0xfff93420f9e0","      MUFU.EX2 R101, R101","33792"
"0xfff93420f9f0","      FFMA2 R130, R130.F32x2.HI_LO, UR12.F32, R162.F32","33792"
"0xfff93420fa00","      FADD2 R156, R102.F32x2.HI_LO, RZ.F32","33792"
"0xfff93420fa10","      FADD2 R162, R70.F32x2.HI_LO, RZ.F32","33792"
"0xfff93420fa20","      FFMA2 R80, R80.F32x2.HI_LO, UR12.F32, R152.F32","33792"
"0xfff93420fa30","      MUFU.EX2 R38, R38","33792"
"0xfff93420fa40","      FADD2 R156, R156.F32x2.HI_LO, R106.F32x2.HI_LO","33792"
"0xfff93420fa50","      FFMA2 R76, R76.F32x2.HI_LO, UR12.F32, R152.F32","33792"
"0xfff93420fa60","      FFMA2 R78, R78.F32x2.HI_LO, UR12.F32, R152.F32","33792"
"0xfff93420fa70","      FFMA2 R84, R84.F32x2.HI_LO, UR12.F32, R152.F32","33792"
"0xfff93420fa80","      MUFU.EX2 R39, R39","33792"
"0xfff93420fa90","      FFMA2 R86, R86.F32x2.HI_LO, UR12.F32, R152.F32","33792"
"0xfff93420faa0","      FFMA2 R88, R88.F32x2.HI_LO, UR12.F32, R152.F32","33792"
"0xfff93420fab0","      FFMA2 R90, R90.F32x2.HI_LO, UR12.F32, R152.F32","33792"
"0xfff93420fac0","      FFMA2 R92, R92.F32x2.HI_LO, UR12.F32, R152.F32","33792"
"0xfff93420fad0","      MUFU.EX2 R68, R68","33792"
"0xfff93420fae0","      FFMA2 R94, R94.F32x2.HI_LO, UR12.F32, R152.F32","33792"
"0xfff93420faf0","      FFMA2 R96, R96.F32x2.HI_LO, UR12.F32, R152.F32","33792"
"0xfff93420fb00","      FFMA2 R98, R98.F32x2.HI_LO, UR12.F32, R152.F32","33792"
"0xfff93420fb10","      FFMA2 R12, R12.F32x2.HI_LO, UR12.F32, R153.F32","33792"
"0xfff93420fb20","      MUFU.EX2 R69, R69","33792"
"0xfff93420fb30","      FFMA2 R14, R14.F32x2.HI_LO, UR12.F32, R153.F32","33792"
"0xfff93420fb40","      FFMA2 R16, R16.F32x2.HI_LO, UR12.F32, R153.F32","33792"
"0xfff93420fb50","      FFMA2 R18, R18.F32x2.HI_LO, UR12.F32, R153.F32","33792"
"0xfff93420fb60","      FFMA2 R20, R20.F32x2.HI_LO, UR12.F32, R153.F32","33792"
"0xfff93420fb70","      MUFU.EX2 R104, R104","33792"
"0xfff93420fb80","      FFMA2 R22, R22.F32x2.HI_LO, UR12.F32, R153.F32","33792"
"0xfff93420fb90","      FFMA2 R24, R24.F32x2.HI_LO, UR12.F32, R153.F32","33792"
"0xfff93420fba0","      FFMA2 R26, R26.F32x2.HI_LO, UR12.F32, R153.F32","33792"
"0xfff93420fbb0","      FFMA2 R28, R28.F32x2.HI_LO, UR12.F32, R153.F32","33792"
"0xfff93420fbc0","      MUFU.EX2 R105, R105","33792"
"0xfff93420fbd0","      FFMA2 R30, R30.F32x2.HI_LO, UR12.F32, R153.F32","33792"
"0xfff93420fbe0","      FFMA2 R32, R32.F32x2.HI_LO, UR12.F32, R153.F32","33792"
"0xfff93420fbf0","      FFMA2 R34, R34.F32x2.HI_LO, UR12.F32, R153.F32","33792"
"0xfff93420fc00","      FADD2 R106, R162.F32x2.HI_LO, R74.F32x2.HI_LO","33792"
"0xfff93420fc10","      MUFU.EX2 R42, R42","33792"
"0xfff93420fc20","      FADD2 R152, R100.F32x2.HI_LO, RZ.F32","33792"
"0xfff93420fc30","      F2FP.SATFINITE.E2M1.F32.PACK_AB_MERGE_C R163, R75, R74, RZ","33792"
"0xfff93420fc40","      FADD2 R158, R38.F32x2.HI_LO, RZ.F32","33792"
"0xfff93420fc50","      FADD2 R74, R68.F32x2.HI_LO, RZ.F32","33792"
"0xfff93420fc60","      MUFU.EX2 R43, R43","33792"
"0xfff93420fc70","      FADD2 R152, R152.F32x2.HI_LO, R104.F32x2.HI_LO","33792"
"0xfff93420fc80","      F2FP.SATFINITE.E2M1.F32.PACK_AB_MERGE_C R162, R105, R104, R166","33792"
"0xfff93420fc90","      F2FP.SATFINITE.E2M1.F32.PACK_AB_MERGE_C R102, R103, R102, R162","33792"
"0xfff93420fca0","      MUFU.EX2 R72, R72","33792"
"0xfff93420fcb0","      F2FP.SATFINITE.E2M1.F32.PACK_AB_MERGE_C R102, R101, R100, R102","33792"
"0xfff93420fcc0","      MUFU.EX2 R73, R73","33792"
"0xfff93420fcd0","      FADD2 R158, R158.F32x2.HI_LO, R42.F32x2.HI_LO","33792"
"0xfff93420fce0","      F2FP.SATFINITE.E2M1.F32.PACK_AB_MERGE_C R167, R43, R42, RZ","33792"
"0xfff93420fcf0","      MUFU.EX2 R36, R36","33792"
"0xfff93420fd00","      MUFU.EX2 R37, R37","33792"
"0xfff93420fd10","      FADD2 R74, R74.F32x2.HI_LO, R72.F32x2.HI_LO","33792"
"0xfff93420fd20","      F2FP.SATFINITE.E2M1.F32.PACK_AB_MERGE_C R163, R73, R72, R163","33792"
"0xfff93420fd30","      F2FP.SATFINITE.E2M1.F32.PACK_AB_MERGE_C R70, R71, R70, R163","33792"
"0xfff93420fd40","      MUFU.EX2 R10, R10","33792"
"0xfff93420fd50","      F2FP.SATFINITE.E2M1.F32.PACK_AB_MERGE_C R70, R69, R68, R70","33792"
"0xfff93420fd60","      MUFU.EX2 R11, R11","33792"
"0xfff93420fd70","      FADD2 R42, R36.F32x2.HI_LO, RZ.F32","33792"
"0xfff93420fd80","      MUFU.EX2 R4, R4","33792"
"0xfff93420fd90","      MUFU.EX2 R5, R5","33792"
"0xfff93420fda0","      F2FP.SATFINITE.E2M1.F32.PACK_AB_MERGE_C R104, R11, R10, RZ","33792"
"0xfff93420fdb0","      MUFU.EX2 R40, R40","33792"
"0xfff93420fdc0","      MUFU.EX2 R41, R41","33792"
"0xfff93420fdd0","      FADD2 R72, R4.F32x2.HI_LO, RZ.F32","33792"
"0xfff93420fde0","      MUFU.EX2 R8, R8","33792"
"0xfff93420fdf0","      MUFU.EX2 R9, R9","33792"
"0xfff93420fe00","      FADD2 R42, R42.F32x2.HI_LO, R40.F32x2.HI_LO","33792"
"0xfff93420fe10","      F2FP.SATFINITE.E2M1.F32.PACK_AB_MERGE_C R105, R41, R40, R167","33792"
"0xfff93420fe20","      F2FP.SATFINITE.E2M1.F32.PACK_AB_MERGE_C R38, R39, R38, R105","33792"
"0xfff93420fe30","      MUFU.EX2 R6, R6","33792"
"0xfff93420fe40","      F2FP.SATFINITE.E2M1.F32.PACK_AB_MERGE_C R38, R37, R36, R38","33792"
"0xfff93420fe50","      MUFU.EX2 R7, R7","33792"
"0xfff93420fe60","      F2FP.SATFINITE.E2M1.F32.PACK_AB_MERGE_C R104, R9, R8, R104","33792"
"0xfff93420fe70","      FADD2 R8, R72.F32x2.HI_LO, R8.F32x2.HI_LO","33792"
"0xfff93420fe80","      MUFU.EX2 R114, R114","33792"
"0xfff93420fe90","      MUFU.EX2 R115, R115","33792"
"0xfff93420fea0","      FADD2 R40, R6.F32x2.HI_LO, RZ.F32","33792"
"0xfff93420feb0","      F2FP.SATFINITE.E2M1.F32.PACK_AB_MERGE_C R104, R7, R6, R104","33792"
"0xfff93420fec0","      FADD2 R10, R40.F32x2.HI_LO, R10.F32x2.HI_LO","33792"
"0xfff93420fed0","      F2FP.SATFINITE.E2M1.F32.PACK_AB_MERGE_C R104, R5, R4, R104","33792"
"0xfff93420fee0","      CS2R R4, SRZ","33792"
"0xfff93420fef0","      MUFU.EX2 R112, R112","33792"
"0xfff93420ff00","@P0   IMAD.MOV.U32 R4, RZ, RZ, R102","33792"
"0xfff93420ff10","      MUFU.EX2 R113, R113","33792"
"0xfff93420ff20","      F2FP.SATFINITE.E2M1.F32.PACK_AB_MERGE_C R72, R115, R114, RZ","33792"
"0xfff93420ff30","      MUFU.EX2 R82, R82","33792"
"0xfff93420ff40","      MUFU.EX2 R83, R83","33792"
"0xfff93420ff50","      F2FP.SATFINITE.E2M1.F32.PACK_AB_MERGE_C R40, R113, R112, R72","33792"
"0xfff93420ff60","      MUFU.EX2 R110, R110","33792"
"0xfff93420ff70","      MUFU.EX2 R111, R111","33792"
"0xfff93420ff80","      F2FP.SATFINITE.E2M1.F32.PACK_AB_MERGE_C R41, R83, R82, RZ","33792"
"0xfff93420ff90","      MUFU.EX2 R80, R80","33792"
"0xfff93420ffa0","      MUFU.EX2 R81, R81","33792"
"0xfff93420ffb0","      FADD2 R156, R156.F32x2.HI_LO, R110.F32x2.HI_LO","33792"
"0xfff93420ffc0","      F2FP.SATFINITE.E2M1.F32.PACK_AB_MERGE_C R110, R111, R110, R40","33792"
"0xfff93420ffd0","      FADD2 R156, R156.F32x2.HI_LO, R114.F32x2.HI_LO","33792"
"0xfff93420ffe0","      MUFU.EX2 R78, R78","33792"
"0xfff93420fff0","      MUFU.EX2 R79, R79","33792"
"0xfff934210000","      F2FP.SATFINITE.E2M1.F32.PACK_AB_MERGE_C R40, R81, R80, R41","33792"
"0xfff934210010","      MUFU.EX2 R50, R50","33792"
"0xfff934210020","      MUFU.EX2 R51, R51","33792"
"0xfff934210030","      FADD2 R106, R106.F32x2.HI_LO, R78.F32x2.HI_LO","33792"
"0xfff934210040","      F2FP.SATFINITE.E2M1.F32.PACK_AB_MERGE_C R78, R79, R78, R40","33792"
"0xfff934210050","      FADD2 R106, R106.F32x2.HI_LO, R82.F32x2.HI_LO","33792"
"0xfff934210060","      MUFU.EX2 R44, R44","33792"
"0xfff934210070","      MUFU.EX2 R45, R45","33792"
"0xfff934210080","      F2FP.SATFINITE.E2M1.F32.PACK_AB_MERGE_C R40, R51, R50, RZ","33792"
"0xfff934210090","      MUFU.EX2 R48, R48","33792"
"0xfff9342100a0","      MUFU.EX2 R49, R49","33792"
"0xfff9342100b0","      FADD2 R42, R42.F32x2.HI_LO, R44.F32x2.HI_LO","33792"
"0xfff9342100c0","      MUFU.EX2 R12, R12","33792"
"0xfff9342100d0","      MUFU.EX2 R13, R13","33792"
"0xfff9342100e0","      F2FP.SATFINITE.E2M1.F32.PACK_AB_MERGE_C R39, R49, R48, R40","33792"
"0xfff9342100f0","      FADD2 R48, R42.F32x2.HI_LO, R48.F32x2.HI_LO","33792"
"0xfff934210100","      MUFU.EX2 R122, R122","33792"
"0xfff934210110","      MUFU.EX2 R123, R123","33792"
"0xfff934210120","      FADD2 R42, R8.F32x2.HI_LO, R12.F32x2.HI_LO","33792"
"0xfff934210130","      MUFU.EX2 R18, R18","33792"
"0xfff934210140","      MUFU.EX2 R19, R19","33792"
"0xfff934210150","      F2FP.SATFINITE.E2M1.F32.PACK_AB_MERGE_C R8, R123, R122, RZ","33792"
"0xfff934210160","      MUFU.EX2 R108, R108","33792"
"0xfff934210170","      MUFU.EX2 R109, R109","33792"
"0xfff934210180","      F2FP.SATFINITE.E2M1.F32.PACK_AB_MERGE_C R40, R19, R18, RZ","33792"
"0xfff934210190","      MUFU.EX2 R120, R120","33792"
"0xfff9342101a0","      MUFU.EX2 R121, R121","33792"
"0xfff9342101b0","      FADD2 R152, R152.F32x2.HI_LO, R108.F32x2.HI_LO","33792"
"0xfff9342101c0","      F2FP.SATFINITE.E2M1.F32.PACK_AB_MERGE_C R110, R109, R108, R110","33792"
"0xfff9342101d0","      FADD2 R112, R152.F32x2.HI_LO, R112.F32x2.HI_LO","33792"
"0xfff9342101e0","@P0   IMAD.MOV.U32 R5, RZ, RZ, R110","33792"
"0xfff9342101f0","      MUFU.EX2 R16, R16","33792"
"0xfff934210200","      MUFU.EX2 R17, R17","33792"
"0xfff934210210","      F2FP.SATFINITE.E2M1.F32.PACK_AB_MERGE_C R7, R121, R120, R8","33792"
"0xfff934210220","      MUFU.EX2 R118, R118","33792"
"0xfff934210230","      MUFU.EX2 R119, R119","33792"
"0xfff934210240","      F2FP.SATFINITE.E2M1.F32.PACK_AB_MERGE_C R9, R17, R16, R40","33792"
"0xfff934210250","      FADD2 R16, R42.F32x2.HI_LO, R16.F32x2.HI_LO","33792"
"0xfff934210260","      MUFU.EX2 R14, R14","33792"
"0xfff934210270","      MUFU.EX2 R15, R15","33792"
"0xfff934210280","      F2FP.SATFINITE.E2M1.F32.PACK_AB_MERGE_C R7, R119, R118, R7","33792"
"0xfff934210290","      FADD2 R156, R156.F32x2.HI_LO, R118.F32x2.HI_LO","33792"
"0xfff9342102a0","      FADD2 R156, R156.F32x2.HI_LO, R122.F32x2.HI_LO","33792"
"0xfff9342102b0","      MUFU.EX2 R116, R116","33792"
"0xfff9342102c0","      MUFU.EX2 R117, R117","33792"
"0xfff9342102d0","      FADD2 R10, R10.F32x2.HI_LO, R14.F32x2.HI_LO","33792"
"0xfff9342102e0","      F2FP.SATFINITE.E2M1.F32.PACK_AB_MERGE_C R14, R15, R14, R9","33792"
"0xfff9342102f0","      FADD2 R18, R10.F32x2.HI_LO, R18.F32x2.HI_LO","33792"
"0xfff934210300","      SHF.R.U32.HI R11, RZ, 0x3, R154","33792"
"0xfff934210310","      MUFU.EX2 R130, R130","33792"
"0xfff934210320","      MUFU.EX2 R131, R131","33792"
"0xfff934210330","      FADD2 R112, R112.F32x2.HI_LO, R116.F32x2.HI_LO","33792"
"0xfff934210340","      F2FP.SATFINITE.E2M1.F32.PACK_AB_MERGE_C R116, R117, R116, R7","33792"
"0xfff934210350","      FADD2 R120, R112.F32x2.HI_LO, R120.F32x2.HI_LO","33792"
"0xfff934210360","      MUFU.EX2 R58, R58","33792"
"0xfff934210370","      MUFU.EX2 R59, R59","33792"
"0xfff934210380","      F2FP.SATFINITE.E2M1.F32.PACK_AB_MERGE_C R9, R131, R130, RZ","33792"
"0xfff934210390","      MUFU.EX2 R66, R66","33792"
"0xfff9342103a0","      MUFU.EX2 R67, R67","33792"
"0xfff9342103b0","      F2FP.SATFINITE.E2M1.F32.PACK_AB_MERGE_C R6, R59, R58, RZ","33792"
"0xfff9342103c0","      MUFU.EX2 R26, R26","33792"
"0xfff9342103d0","      MUFU.EX2 R27, R27","33792"
"0xfff9342103e0","      F2FP.SATFINITE.E2M1.F32.PACK_AB_MERGE_C R7, R67, R66, RZ","33792"
"0xfff9342103f0","      MUFU.EX2 R128, R128","33792"
"0xfff934210400","      MUFU.EX2 R129, R129","33792"
"0xfff934210410","      F2FP.SATFINITE.E2M1.F32.PACK_AB_MERGE_C R8, R27, R26, RZ","33792"
"0xfff934210420","      MUFU.EX2 R20, R20","33792"
"0xfff934210430","      MUFU.EX2 R21, R21","33792"
"0xfff934210440","      F2FP.SATFINITE.E2M1.F32.PACK_AB_MERGE_C R9, R129, R128, R9","33792"
"0xfff934210450","      MUFU.EX2 R98, R98","33792"
"0xfff934210460","      MUFU.EX2 R99, R99","33792"
"0xfff934210470","      FADD2 R16, R16.F32x2.HI_LO, R20.F32x2.HI_LO","33792"
"0xfff934210480","      MUFU.EX2 R52, R52","33792"
"0xfff934210490","      MUFU.EX2 R53, R53","33792"
"0xfff9342104a0","      F2FP.SATFINITE.E2M1.F32.PACK_AB_MERGE_C R15, R99, R98, RZ","33792"
"0xfff9342104b0","      MUFU.EX2 R56, R56","33792"
"0xfff9342104c0","      MUFU.EX2 R57, R57","33792"
"0xfff9342104d0","      FADD2 R48, R48.F32x2.HI_LO, R52.F32x2.HI_LO","33792"
"0xfff9342104e0","      MUFU.EX2 R64, R64","33792"
"0xfff9342104f0","      MUFU.EX2 R65, R65","33792"
"0xfff934210500","      F2FP.SATFINITE.E2M1.F32.PACK_AB_MERGE_C R6, R57, R56, R6","33792"
"0xfff934210510","      FADD2 R56, R48.F32x2.HI_LO, R56.F32x2.HI_LO","33792"
"0xfff934210520","      MUFU.EX2 R90, R90","33792"
"0xfff934210530","      MUFU.EX2 R91, R91","33792"
"0xfff934210540","      F2FP.SATFINITE.E2M1.F32.PACK_AB_MERGE_C R7, R65, R64, R7","33792"
"0xfff934210550","      MUFU.EX2 R24, R24","33792"
"0xfff934210560","      MUFU.EX2 R25, R25","33792"
"0xfff934210570","      F2FP.SATFINITE.E2M1.F32.PACK_AB_MERGE_C R10, R91, R90, RZ","33792"
"0xfff934210580","      MUFU.EX2 R126, R126","33792"
"0xfff934210590","      MUFU.EX2 R127, R127","33792"
"0xfff9342105a0","      F2FP.SATFINITE.E2M1.F32.PACK_AB_MERGE_C R8, R25, R24, R8","33792"
"0xfff9342105b0","      FADD2 R24, R16.F32x2.HI_LO, R24.F32x2.HI_LO","33792"
"0xfff9342105c0","      F2FP.SATFINITE.E2M1.F32.PACK_AB_MERGE_C R16, R13, R12, R14","33792"
"0xfff9342105d0","      LOP3.LUT R13, R154, 0x30, R11, 0x78, !PT","33792"
"0xfff9342105e0","      MUFU.EX2 R96, R96","33792"
"0xfff9342105f0","      MUFU.EX2 R97, R97","33792"
"0xfff934210600","      F2FP.SATFINITE.E2M1.F32.PACK_AB_MERGE_C R9, R127, R126, R9","33792"
"0xfff934210610","      FADD2 R156, R156.F32x2.HI_LO, R126.F32x2.HI_LO","33792"
"0xfff934210620","      FADD2 R130, R156.F32x2.HI_LO, R130.F32x2.HI_LO","33792"
"0xfff934210630","      MUFU.EX2 R34, R34","33792"
"0xfff934210640","      MUFU.EX2 R35, R35","33792"
"0xfff934210650","      F2FP.SATFINITE.E2M1.F32.PACK_AB_MERGE_C R15, R97, R96, R15","33792"
"0xfff934210660","      MUFU.EX2 R76, R76","33792"
"0xfff934210670","      MUFU.EX2 R77, R77","33792"
"0xfff934210680","      F2FP.SATFINITE.E2M1.F32.PACK_AB_MERGE_C R17, R35, R34, RZ","33792"
"0xfff934210690","      MUFU.EX2 R54, R54","33792"
"0xfff9342106a0","      MUFU.EX2 R55, R55","33792"
"0xfff9342106b0","      FADD2 R74, R74.F32x2.HI_LO, R76.F32x2.HI_LO","33792"
"0xfff9342106c0","      F2FP.SATFINITE.E2M1.F32.PACK_AB_MERGE_C R78, R77, R76, R78","33792"
"0xfff9342106d0","      FADD2 R74, R74.F32x2.HI_LO, R80.F32x2.HI_LO","33792"
"0xfff9342106e0","      MUFU.EX2 R62, R62","33792"
"0xfff9342106f0","      MUFU.EX2 R63, R63","33792"
"0xfff934210700","      F2FP.SATFINITE.E2M1.F32.PACK_AB_MERGE_C R6, R55, R54, R6","33792"
"0xfff934210710","      F2FP.SATFINITE.E2M1.F32.PACK_AB_MERGE_C R52, R53, R52, R6","33792"
"0xfff934210720","      MUFU.EX2 R88, R88","33792"
"0xfff934210730","      MUFU.EX2 R89, R89","33792"
"0xfff934210740","      F2FP.SATFINITE.E2M1.F32.PACK_AB_MERGE_C R7, R63, R62, R7","33792"
"0xfff934210750","      MUFU.EX2 R124, R124","33792"
"0xfff934210760","      MUFU.EX2 R125, R125","33792"
"0xfff934210770","      F2FP.SATFINITE.E2M1.F32.PACK_AB_MERGE_C R10, R89, R88, R10","33792"
"0xfff934210780","      MUFU.EX2 R94, R94","33792"
"0xfff934210790","      MUFU.EX2 R95, R95","33792"
"0xfff9342107a0","      F2FP.SATFINITE.E2M1.F32.PACK_AB_MERGE_C R9, R125, R124, R9","33792"
"0xfff9342107b0","      FADD2 R120, R120.F32x2.HI_LO, R124.F32x2.HI_LO","33792"
"0xfff9342107c0","      FADD2 R128, R120.F32x2.HI_LO, R128.F32x2.HI_LO","33792"
"0xfff9342107d0","      MUFU.EX2 R60, R60","33792"
"0xfff9342107e0","      FADD2 R128, R128.F32x2.HI_LO, R130.F32x2.HI_LO","33792"
"0xfff9342107f0","      FADD R129, R128, R129","33792"
"0xfff934210800","      MUFU.EX2 R32, R32","33792"
"0xfff934210810","      F2FP.SATFINITE.E2M1.F32.PACK_AB_MERGE_C R15, R95, R94, R15","33792"
"0xfff934210820","      FFMA R2, R2, R129, RZ","33792"
"0xfff934210830","      MUFU.EX2 R33, R33","33792"
"0xfff934210840","      MUFU.EX2 R61, R61","33792"
"0xfff934210850","      MUFU.EX2 R86, R86","33792"
"0xfff934210860","      F2FP.SATFINITE.E2M1.F32.PACK_AB_MERGE_C R17, R33, R32, R17","33792"
"0xfff934210870","      MUFU.EX2 R87, R87","33792"
"0xfff934210880","      FADD2 R56, R56.F32x2.HI_LO, R60.F32x2.HI_LO","33792"
"0xfff934210890","      F2FP.SATFINITE.E2M1.F32.PACK_AB_MERGE_C R60, R61, R60, R7","33792"
"0xfff9342108a0","      CS2R R6, SRZ","33792"
"0xfff9342108b0","@P0   IMAD.MOV.U32 R6, RZ, RZ, R116","33792"
"0xfff9342108c0","      FADD2 R64, R56.F32x2.HI_LO, R64.F32x2.HI_LO","33792"
"0xfff9342108d0","@P0   IMAD.MOV.U32 R7, RZ, RZ, R9","33792"
"0xfff9342108e0","      MUFU.EX2 R46, R46","33792"
"0xfff9342108f0","      STS.128 [R13], R4","33792"
"0xfff934210900","      MUFU.EX2 R47, R47","33792"
"0xfff934210910","      F2FP.SATFINITE.E2M1.F32.PACK_AB_MERGE_C R10, R87, R86, R10","33792"
"0xfff934210920","      FADD2 R106, R106.F32x2.HI_LO, R86.F32x2.HI_LO","33792"
"0xfff934210930","      FADD2 R106, R106.F32x2.HI_LO, R90.F32x2.HI_LO","33792"
"0xfff934210940","      MUFU.EX2 R92, R92","33792"
"0xfff934210950","      FADD2 R106, R106.F32x2.HI_LO, R94.F32x2.HI_LO","33792"
"0xfff934210960","      CS2R R12, SRZ","33792"
"0xfff934210970","      CS2R R4, SRZ","33792"
"0xfff934210980","      CS2R R6, SRZ","33792"
"0xfff934210990","@P3   IMAD.MOV.U32 R12, RZ, RZ, R38","33792"
"0xfff9342109a0","      MUFU.EX2 R93, R93","33792"
"0xfff9342109b0","      FADD2 R158, R158.F32x2.HI_LO, R46.F32x2.HI_LO","33792"
"0xfff9342109c0","      F2FP.SATFINITE.E2M1.F32.PACK_AB_MERGE_C R46, R47, R46, R39","33792"
"0xfff9342109d0","@P4   IMAD.MOV.U32 R4, RZ, RZ, R104","33792"
"0xfff9342109e0","      FADD2 R98, R106.F32x2.HI_LO, R98.F32x2.HI_LO","33792"
"0xfff9342109f0","@P4   IMAD.MOV.U32 R5, RZ, RZ, R16","33792"
"0xfff934210a00","      FADD2 R50, R158.F32x2.HI_LO, R50.F32x2.HI_LO","33792"
"0xfff934210a10","      F2FP.SATFINITE.E2M1.F32.PACK_AB_MERGE_C R46, R45, R44, R46","33792"
"0xfff934210a20","      MUFU.EX2 R22, R22","33792"
"0xfff934210a30","      FADD2 R50, R50.F32x2.HI_LO, R54.F32x2.HI_LO","33792"
"0xfff934210a40","@P3   IMAD.MOV.U32 R13, RZ, RZ, R46","33792"
"0xfff934210a50","      FADD2 R50, R50.F32x2.HI_LO, R58.F32x2.HI_LO","33792"
"0xfff934210a60","      MUFU.EX2 R23, R23","33792"
"0xfff934210a70","      F2FP.SATFINITE.E2M1.F32.PACK_AB_MERGE_C R15, R93, R92, R15","33792"
"0xfff934210a80","      FADD2 R50, R50.F32x2.HI_LO, R62.F32x2.HI_LO","33792"
"0xfff934210a90","      FADD2 R66, R50.F32x2.HI_LO, R66.F32x2.HI_LO","33792"
"0xfff934210aa0","      MUFU.EX2 R30, R30","33792"
"0xfff934210ab0","      FADD2 R64, R64.F32x2.HI_LO, R66.F32x2.HI_LO","33792"
"0xfff934210ac0","      FADD R65, R64, R65","33792"
"0xfff934210ad0","      MUFU.EX2 R31, R31","33792"
"0xfff934210ae0","      F2FP.SATFINITE.E2M1.F32.PACK_AB_MERGE_C R8, R23, R22, R8","33792"
"0xfff934210af0","      FADD2 R22, R18.F32x2.HI_LO, R22.F32x2.HI_LO","33792"
"0xfff934210b00","      F2FP.SATFINITE.E2M1.F32.PACK_AB_MERGE_C R20, R21, R20, R8","33792"
"0xfff934210b10","      CS2R R8, SRZ","33792"
"0xfff934210b20","      FADD2 R22, R22.F32x2.HI_LO, R26.F32x2.HI_LO","33792"
"0xfff934210b30","      MUFU.EX2 R84, R84","33792"
"0xfff934210b40","@P1   IMAD.MOV.U32 R8, RZ, RZ, R70","33792"
"0xfff934210b50","@P2   IMAD.MOV.U32 R9, RZ, RZ, R78","33792"
"0xfff934210b60","@P4   IMAD.MOV.U32 R6, RZ, RZ, R20","33792"
"0xfff934210b70","      MUFU.EX2 R85, R85","33792"
"0xfff934210b80","      F2FP.SATFINITE.E2M1.F32.PACK_AB_MERGE_C R17, R31, R30, R17","33792"
"0xfff934210b90","      FADD2 R22, R22.F32x2.HI_LO, R30.F32x2.HI_LO","33792"
"0xfff934210ba0","      FADD2 R34, R22.F32x2.HI_LO, R34.F32x2.HI_LO","33792"
"0xfff934210bb0","      MUFU.EX2 R28, R28","33792"
"0xfff934210bc0","      MUFU.EX2 R29, R29","33792"
"0xfff934210bd0","      FADD2 R74, R74.F32x2.HI_LO, R84.F32x2.HI_LO","33792"
"0xfff934210be0","      F2FP.SATFINITE.E2M1.F32.PACK_AB_MERGE_C R84, R85, R84, R10","33792"
"0xfff934210bf0","      CS2R R10, SRZ","33792"
"0xfff934210c00","@P2   IMAD.MOV.U32 R11, RZ, RZ, R15","33792"
"0xfff934210c10","      FADD2 R88, R74.F32x2.HI_LO, R88.F32x2.HI_LO","33792"
"0xfff934210c20","      CS2R R14, SRZ","33792"
"0xfff934210c30","@P2   IMAD.MOV.U32 R10, RZ, RZ, R84","33792"
"0xfff934210c40","@P3   IMAD.MOV.U32 R14, RZ, RZ, R52","33792"
"0xfff934210c50","      FADD2 R88, R88.F32x2.HI_LO, R92.F32x2.HI_LO","33792"
"0xfff934210c60","@P3   IMAD.MOV.U32 R15, RZ, RZ, R60","33792"
"0xfff934210c70","      STS.128 [R164], R8","33792"
"0xfff934210c80","      FADD2 R96, R88.F32x2.HI_LO, R96.F32x2.HI_LO","33792"
"0xfff934210c90","      F2FP.SATFINITE.E2M1.F32.PACK_AB_MERGE_C R17, R29, R28, R17","33792"
"0xfff934210ca0","      STS.128 [R155], R12","33792"
"0xfff934210cb0","      FADD2 R24, R24.F32x2.HI_LO, R28.F32x2.HI_LO","33792"
"0xfff934210cc0","      FADD2 R96, R96.F32x2.HI_LO, R98.F32x2.HI_LO","33792"
"0xfff934210cd0","@P4   IMAD.MOV.U32 R7, RZ, RZ, R17","33792"
"0xfff934210ce0","      FADD2 R32, R24.F32x2.HI_LO, R32.F32x2.HI_LO","33792"
"0xfff934210cf0","      FADD R96, R96, R97","33792"
"0xfff934210d00","      STS.128 [R165], R4","33792"
"0xfff934210d10","      FADD2 R32, R32.F32x2.HI_LO, R34.F32x2.HI_LO","33792"
"0xfff934210d20","      FFMA R151, R151, R96, R2","33792"
"0xfff934210d30","      FADD R32, R32, R33","33792"
"0xfff934210d40","      FFMA R150, R150, R65, R151","33792"
"0xfff934210d50","      FFMA R32, R149, R32, R150","33792"
"0xfff934210d60","      BRA 0xfff9342130f0","33792"
"0xfff934210d70","      FSETP.NE.AND P0, PT, |R100|, +INF , PT","0"
"0xfff934210d80","      IMAD.IADD R154, R137, 0x1, R154","0"
"0xfff934210d90","      FSETP.NE.AND P6, PT, |R16|, +INF , PT","0"
"0xfff934210da0","      FSEL R100, R100, R162, !P0","0"
"0xfff934210db0","      FSETP.NE.AND P0, PT, |R101|, +INF , PT","0"
"0xfff934210dc0","      FSETP.NE.AND P4, PT, |R61|, +INF , PT","0"
"0xfff934210dd0","      FSEL R101, R101, R162, !P0","0"
"0xfff934210de0","      MUFU.EX2 R100, R100","0"
"0xfff934210df0","      FSETP.NE.AND P0, PT, |R102|, +INF , PT","0"
"0xfff934210e00","      FSEL R16, R16, R153, !P6","0"
"0xfff934210e10","      FSEL R102, R102, R162, !P0","0"
"0xfff934210e20","      FSETP.NE.AND P0, PT, |R103|, +INF , PT","0"
"0xfff934210e30","      MUFU.EX2 R101, R101","0"
"0xfff934210e40","      FSETP.NE.AND P6, PT, |R19|, +INF , PT","0"
"0xfff934210e50","      FSEL R103, R103, R162, !P0","0"
"0xfff934210e60","      FSETP.NE.AND P0, PT, |R104|, +INF , PT","0"
"0xfff934210e70","      FSEL R61, R61, R156, !P4","0"
"0xfff934210e80","      MUFU.EX2 R102, R102","0"
"0xfff934210e90","      FSEL R104, R104, R162, !P0","0"
"0xfff934210ea0","      FSETP.NE.AND P0, PT, |R105|, +INF , PT","0"
"0xfff934210eb0","      FSETP.NE.AND P5, PT, |R17|, +INF , PT","0"
"0xfff934210ec0","      FSEL R105, R105, R162, !P0","0"
"0xfff934210ed0","      MUFU.EX2 R103, R103","0"
"0xfff934210ee0","      FSETP.NE.AND P0, PT, |R106|, +INF , PT","0"
"0xfff934210ef0","      FSETP.NE.AND P4, PT, |R18|, +INF , PT","0"
"0xfff934210f00","      FSEL R106, R106, R162, !P0","0"
"0xfff934210f10","      FSETP.NE.AND P0, PT, |R107|, +INF , PT","0"
"0xfff934210f20","      MUFU.EX2 R104, R104","0"
"0xfff934210f30","      FSEL R17, R17, R153, !P5","0"
"0xfff934210f40","      FSEL R107, R107, R162, !P0","0"
"0xfff934210f50","      FSETP.NE.AND P0, PT, |R110|, +INF , PT","0"
"0xfff934210f60","      FSETP.NE.AND P5, PT, |R12|, +INF , PT","0"
"0xfff934210f70","      MUFU.EX2 R106, R106","0"
"0xfff934210f80","      FSEL R110, R110, R162, !P0","0"
"0xfff934210f90","      FSETP.NE.AND P0, PT, |R111|, +INF , PT","0"
"0xfff934210fa0","      ISETP.NE.AND P3, PT, R155, RZ, PT","0"
"0xfff934210fb0","      FSEL R111, R111, R162, !P0","0"
"0xfff934210fc0","      MUFU.EX2 R107, R107","0"
"0xfff934210fd0","      FSETP.NE.AND P0, PT, |R112|, +INF , PT","0"
"0xfff934210fe0","      ISETP.NE.AND P1, PT, R158, RZ, PT","0"
"0xfff934210ff0","      FSEL R112, R112, R162, !P0","0"
"0xfff934211000","      FSETP.NE.AND P0, PT, |R113|, +INF , PT","0"
"0xfff934211010","      MUFU.EX2 R105, R105","0"
"0xfff934211020","      ISETP.NE.AND P2, PT, R159, RZ, PT","0"
"0xfff934211030","      FSEL R113, R113, R162, !P0","0"
"0xfff934211040","      FSETP.NE.AND P0, PT, |R114|, +INF , PT","0"
"0xfff934211050","      MUFU.EX2 R112, R112","0"
"0xfff934211060","      FSEL R114, R114, R162, !P0","0"
"0xfff934211070","      FSETP.NE.AND P0, PT, |R115|, +INF , PT","0"
"0xfff934211080","      FSEL R115, R115, R162, !P0","0"
"0xfff934211090","      MUFU.EX2 R114, R114","0"
"0xfff9342110a0","      FSETP.NE.AND P0, PT, |R108|, +INF , PT","0"
"0xfff9342110b0","      FSEL R108, R108, R162, !P0","0"
"0xfff9342110c0","      FSETP.NE.AND P0, PT, |R109|, +INF , PT","0"
"0xfff9342110d0","      MUFU.EX2 R115, R115","0"
"0xfff9342110e0","      FSEL R109, R109, R162, !P0","0"
"0xfff9342110f0","      FSETP.NE.AND P0, PT, |R118|, +INF , PT","0"
"0xfff934211100","      MUFU.EX2 R113, R113","0"
"0xfff934211110","      FSEL R118, R118, R162, !P0","0"
"0xfff934211120","      FSETP.NE.AND P0, PT, |R119|, +INF , PT","0"
"0xfff934211130","      FSEL R119, R119, R162, !P0","0"
"0xfff934211140","      MUFU.EX2 R110, R110","0"
"0xfff934211150","      FSETP.NE.AND P0, PT, |R120|, +INF , PT","0"
"0xfff934211160","      FSEL R120, R120, R162, !P0","0"
"0xfff934211170","      FSETP.NE.AND P0, PT, |R121|, +INF , PT","0"
"0xfff934211180","      MUFU.EX2 R111, R111","0"
"0xfff934211190","      FSEL R121, R121, R162, !P0","0"
"0xfff9342111a0","      FSETP.NE.AND P0, PT, |R122|, +INF , PT","0"
"0xfff9342111b0","      MUFU.EX2 R16, R16","0"
"0xfff9342111c0","      FSEL R122, R122, R162, !P0","0"
"0xfff9342111d0","      FSETP.NE.AND P0, PT, |R123|, +INF , PT","0"
"0xfff9342111e0","      FSEL R123, R123, R162, !P0","0"
"0xfff9342111f0","      MUFU.EX2 R17, R17","0"
"0xfff934211200","      FSETP.NE.AND P0, PT, |R116|, +INF , PT","0"
"0xfff934211210","      FSEL R116, R116, R162, !P0","0"
"0xfff934211220","      FSETP.NE.AND P0, PT, |R117|, +INF , PT","0"
"0xfff934211230","      MUFU.EX2 R108, R108","0"
"0xfff934211240","      FSEL R117, R117, R162, !P0","0"
"0xfff934211250","      FSETP.NE.AND P0, PT, |R124|, +INF , PT","0"
"0xfff934211260","      MUFU.EX2 R109, R109","0"
"0xfff934211270","      FSEL R124, R124, R162, !P0","0"
"0xfff934211280","      FSETP.NE.AND P0, PT, |R125|, +INF , PT","0"
"0xfff934211290","      FSEL R125, R125, R162, !P0","0"
"0xfff9342112a0","      MUFU.EX2 R122, R122","0"
"0xfff9342112b0","      FSETP.NE.AND P0, PT, |R126|, +INF , PT","0"
"0xfff9342112c0","      FSEL R126, R126, R162, !P0","0"
"0xfff9342112d0","      FSETP.NE.AND P0, PT, |R127|, +INF , PT","0"
"0xfff9342112e0","      MUFU.EX2 R123, R123","0"
"0xfff9342112f0","      FSEL R127, R127, R162, !P0","0"
"0xfff934211300","      FSETP.NE.AND P0, PT, |R128|, +INF , PT","0"
"0xfff934211310","      MUFU.EX2 R116, R116","0"
"0xfff934211320","      FSEL R128, R128, R162, !P0","0"
"0xfff934211330","      FSETP.NE.AND P0, PT, |R129|, +INF , PT","0"
"0xfff934211340","      FSEL R129, R129, R162, !P0","0"
"0xfff934211350","      MUFU.EX2 R117, R117","0"
"0xfff934211360","      FSETP.NE.AND P0, PT, |R130|, +INF , PT","0"
"0xfff934211370","      FSEL R130, R130, R162, !P0","0"
"0xfff934211380","      FSETP.NE.AND P0, PT, |R131|, +INF , PT","0"
"0xfff934211390","      MUFU.EX2 R120, R120","0"
"0xfff9342113a0","      FSEL R131, R131, R162, !P0","0"
"0xfff9342113b0","      FSETP.NE.AND P0, PT, |R68|, +INF , PT","0"
"0xfff9342113c0","      FSEL R162, R19, R153, !P6","0"
"0xfff9342113d0","      MUFU.EX2 R121, R121","0"
"0xfff9342113e0","      FSEL R68, R68, R152, !P0","0"
"0xfff9342113f0","      FSETP.NE.AND P0, PT, |R69|, +INF , PT","0"
"0xfff934211400","      FSETP.NE.AND P6, PT, |R22|, +INF , PT","0"
"0xfff934211410","      FSEL R69, R69, R152, !P0","0"
"0xfff934211420","      MUFU.EX2 R68, R68","0"
"0xfff934211430","      FSETP.NE.AND P0, PT, |R70|, +INF , PT","0"
"0xfff934211440","      FSEL R167, R22, R153, !P6","0"
"0xfff934211450","      FSEL R70, R70, R152, !P0","0"
"0xfff934211460","      FSETP.NE.AND P0, PT, |R71|, +INF , PT","0"
"0xfff934211470","      MUFU.EX2 R69, R69","0"
"0xfff934211480","      FSETP.NE.AND P6, PT, |R25|, +INF , PT","0"
"0xfff934211490","      FSEL R71, R71, R152, !P0","0"
"0xfff9342114a0","      FSETP.NE.AND P0, PT, |R72|, +INF , PT","0"
"0xfff9342114b0","      FSEL R168, R25, R153, !P6","0"
"0xfff9342114c0","      VIADD R25, R154, 0x20","0"
"0xfff9342114d0","      FSEL R72, R72, R152, !P0","0"
"0xfff9342114e0","      MUFU.EX2 R70, R70","0"
"0xfff9342114f0","      FSETP.NE.AND P0, PT, |R73|, +INF , PT","0"
"0xfff934211500","      FSETP.NE.AND P6, PT, |R20|, +INF , PT","0"
"0xfff934211510","      FSEL R73, R73, R152, !P0","0"
"0xfff934211520","      FSETP.NE.AND P0, PT, |R74|, +INF , PT","0"
"0xfff934211530","      MUFU.EX2 R72, R72","0"
"0xfff934211540","      FSEL R155, R20, R153, !P6","0"
"0xfff934211550","      FSEL R74, R74, R152, !P0","0"
"0xfff934211560","      FSETP.NE.AND P0, PT, |R75|, +INF , PT","0"
"0xfff934211570","      FSETP.NE.AND P6, PT, |R29|, +INF , PT","0"
"0xfff934211580","      MUFU.EX2 R73, R73","0"
"0xfff934211590","      FSEL R75, R75, R152, !P0","0"
"0xfff9342115a0","      FSETP.NE.AND P0, PT, |R78|, +INF , PT","0"
"0xfff9342115b0","      FSEL R158, R29, R153, !P6","0"
"0xfff9342115c0","      FSEL R78, R78, R152, !P0","0"
"0xfff9342115d0","      MUFU.EX2 R74, R74","0"
"0xfff9342115e0","      FSETP.NE.AND P0, PT, |R79|, +INF , PT","0"
"0xfff9342115f0","      FSETP.NE.AND P6, PT, |R32|, +INF , PT","0"
"0xfff934211600","      FSEL R79, R79, R152, !P0","0"
"0xfff934211610","      FSETP.NE.AND P0, PT, |R80|, +INF , PT","0"
"0xfff934211620","      MUFU.EX2 R75, R75","0"
"0xfff934211630","      FSEL R164, R32, R153, !P6","0"
"0xfff934211640","      FSEL R80, R80, R152, !P0","0"
"0xfff934211650","      FSETP.NE.AND P0, PT, |R81|, +INF , PT","0"
"0xfff934211660","      FSETP.NE.AND P6, PT, |R35|, +INF , PT","0"
"0xfff934211670","      MUFU.EX2 R20, R167","0"
"0xfff934211680","      FSEL R81, R81, R152, !P0","0"
"0xfff934211690","      FSETP.NE.AND P0, PT, |R82|, +INF , PT","0"
"0xfff9342116a0","      FSEL R166, R35, R153, !P6","0"
"0xfff9342116b0","      FSEL R82, R82, R152, !P0","0"
"0xfff9342116c0","      MUFU.EX2 R71, R71","0"
"0xfff9342116d0","      FSETP.NE.AND P0, PT, |R83|, +INF , PT","0"
"0xfff9342116e0","      F2FP.SATFINITE.E2M1.F32.PACK_AB_MERGE_C R29, R75, R74, RZ","0"
"0xfff9342116f0","      FSEL R83, R83, R152, !P0","0"
"0xfff934211700","      FSETP.NE.AND P0, PT, |R76|, +INF , PT","0"
"0xfff934211710","      MUFU.EX2 R82, R82","0"
"0xfff934211720","      FSEL R76, R76, R152, !P0","0"
"0xfff934211730","      FSETP.NE.AND P0, PT, |R77|, +INF , PT","0"
"0xfff934211740","      MUFU.EX2 R83, R83","0"
"0xfff934211750","      FSEL R77, R77, R152, !P0","0"
"0xfff934211760","      FSETP.NE.AND P0, PT, |R86|, +INF , PT","0"
"0xfff934211770","      FSEL R86, R86, R152, !P0","0"
"0xfff934211780","      MUFU.EX2 R80, R80","0"
"0xfff934211790","      FSETP.NE.AND P0, PT, |R87|, +INF , PT","0"
"0xfff9342117a0","      FSEL R87, R87, R152, !P0","0"
"0xfff9342117b0","      FSETP.NE.AND P0, PT, |R88|, +INF , PT","0"
"0xfff9342117c0","      MUFU.EX2 R81, R81","0"
"0xfff9342117d0","      FSEL R88, R88, R152, !P0","0"
"0xfff9342117e0","      FSETP.NE.AND P0, PT, |R89|, +INF , PT","0"
"0xfff9342117f0","      MUFU.EX2 R78, R78","0"
"0xfff934211800","      FSEL R89, R89, R152, !P0","0"
"0xfff934211810","      FSETP.NE.AND P0, PT, |R90|, +INF , PT","0"
"0xfff934211820","      FSEL R90, R90, R152, !P0","0"
"0xfff934211830","      MUFU.EX2 R79, R79","0"
"0xfff934211840","      FSETP.NE.AND P0, PT, |R91|, +INF , PT","0"
"0xfff934211850","      FSEL R91, R91, R152, !P0","0"
"0xfff934211860","      FSETP.NE.AND P0, PT, |R84|, +INF , PT","0"
"0xfff934211870","      MUFU.EX2 R76, R76","0"
"0xfff934211880","      FSEL R84, R84, R152, !P0","0"
"0xfff934211890","      FSETP.NE.AND P0, PT, |R85|, +INF , PT","0"
"0xfff9342118a0","      MUFU.EX2 R77, R77","0"
"0xfff9342118b0","      FSEL R85, R85, R152, !P0","0"
"0xfff9342118c0","      FSETP.NE.AND P0, PT, |R92|, +INF , PT","0"
"0xfff9342118d0","      FSEL R92, R92, R152, !P0","0"
"0xfff9342118e0","      MUFU.EX2 R130, R130","0"
"0xfff9342118f0","      FSETP.NE.AND P0, PT, |R93|, +INF , PT","0"
"0xfff934211900","      FSEL R93, R93, R152, !P0","0"
"0xfff934211910","      FSETP.NE.AND P0, PT, |R94|, +INF , PT","0"
"0xfff934211920","      MUFU.EX2 R131, R131","0"
"0xfff934211930","      FSEL R94, R94, R152, !P0","0"
"0xfff934211940","      FSETP.NE.AND P0, PT, |R95|, +INF , PT","0"
"0xfff934211950","      MUFU.EX2 R90, R90","0"
"0xfff934211960","      FSEL R95, R95, R152, !P0","0"
"0xfff934211970","      FSETP.NE.AND P0, PT, |R96|, +INF , PT","0"
"0xfff934211980","      FSEL R96, R96, R152, !P0","0"
"0xfff934211990","      MUFU.EX2 R91, R91","0"
"0xfff9342119a0","      FSETP.NE.AND P0, PT, |R97|, +INF , PT","0"
"0xfff9342119b0","      FSEL R97, R97, R152, !P0","0"
"0xfff9342119c0","      FSETP.NE.AND P0, PT, |R98|, +INF , PT","0"
"0xfff9342119d0","      MUFU.EX2 R84, R84","0"
"0xfff9342119e0","      FSEL R98, R98, R152, !P0","0"
"0xfff9342119f0","      FSETP.NE.AND P0, PT, |R99|, +INF , PT","0"
"0xfff934211a00","      MUFU.EX2 R85, R85","0"
"0xfff934211a10","      FSEL R99, R99, R152, !P0","0"
"0xfff934211a20","      FSETP.NE.AND P0, PT, |R36|, +INF , PT","0"
"0xfff934211a30","      FSEL R36, R36, R156, !P0","0"
"0xfff934211a40","      MUFU.EX2 R128, R128","0"
"0xfff934211a50","      FSETP.NE.AND P0, PT, |R37|, +INF , PT","0"
"0xfff934211a60","      FSEL R37, R37, R156, !P0","0"
"0xfff934211a70","      FSETP.NE.AND P0, PT, |R38|, +INF , PT","0"
"0xfff934211a80","      MUFU.EX2 R36, R36","0"
"0xfff934211a90","      FSEL R38, R38, R156, !P0","0"
"0xfff934211aa0","      FSETP.NE.AND P0, PT, |R39|, +INF , PT","0"
"0xfff934211ab0","      MUFU.EX2 R37, R37","0"
"0xfff934211ac0","      FSEL R39, R39, R156, !P0","0"
"0xfff934211ad0","      FSETP.NE.AND P0, PT, |R40|, +INF , PT","0"
"0xfff934211ae0","      FSEL R40, R40, R156, !P0","0"
"0xfff934211af0","      MUFU.EX2 R38, R38","0"
"0xfff934211b00","      FSETP.NE.AND P0, PT, |R41|, +INF , PT","0"
"0xfff934211b10","      FSEL R41, R41, R156, !P0","0"
"0xfff934211b20","      FSETP.NE.AND P0, PT, |R42|, +INF , PT","0"
"0xfff934211b30","      MUFU.EX2 R39, R39","0"
"0xfff934211b40","      FSEL R42, R42, R156, !P0","0"
"0xfff934211b50","      FSETP.NE.AND P0, PT, |R43|, +INF , PT","0"
"0xfff934211b60","      MUFU.EX2 R40, R40","0"
"0xfff934211b70","      FSEL R43, R43, R156, !P0","0"
"0xfff934211b80","      FSETP.NE.AND P0, PT, |R46|, +INF , PT","0"
"0xfff934211b90","      FSEL R46, R46, R156, !P0","0"
"0xfff934211ba0","      MUFU.EX2 R42, R42","0"
"0xfff934211bb0","      FSETP.NE.AND P0, PT, |R47|, +INF , PT","0"
"0xfff934211bc0","      FSEL R47, R47, R156, !P0","0"
"0xfff934211bd0","      FSETP.NE.AND P0, PT, |R48|, +INF , PT","0"
"0xfff934211be0","      MUFU.EX2 R43, R43","0"
"0xfff934211bf0","      FSEL R48, R48, R156, !P0","0"
"0xfff934211c00","      FSETP.NE.AND P0, PT, |R49|, +INF , PT","0"
"0xfff934211c10","      MUFU.EX2 R41, R41","0"
"0xfff934211c20","      FSEL R49, R49, R156, !P0","0"
"0xfff934211c30","      FSETP.NE.AND P0, PT, |R50|, +INF , PT","0"
"0xfff934211c40","      FSEL R50, R50, R156, !P0","0"
"0xfff934211c50","      MUFU.EX2 R48, R48","0"
"0xfff934211c60","      FSETP.NE.AND P0, PT, |R51|, +INF , PT","0"
"0xfff934211c70","      F2FP.SATFINITE.E2M1.F32.PACK_AB_MERGE_C R32, R43, R42, RZ","0"
"0xfff934211c80","      FSEL R51, R51, R156, !P0","0"
"0xfff934211c90","      FSETP.NE.AND P0, PT, |R44|, +INF , PT","0"
"0xfff934211ca0","      MUFU.EX2 R50, R50","0"
"0xfff934211cb0","      FSEL R44, R44, R156, !P0","0"
"0xfff934211cc0","      FSETP.NE.AND P0, PT, |R45|, +INF , PT","0"
"0xfff934211cd0","      MUFU.EX2 R51, R51","0"
"0xfff934211ce0","      FSEL R45, R45, R156, !P0","0"
"0xfff934211cf0","      FSETP.NE.AND P0, PT, |R54|, +INF , PT","0"
"0xfff934211d00","      FSEL R54, R54, R156, !P0","0"
"0xfff934211d10","      MUFU.EX2 R44, R44","0"
"0xfff934211d20","      FSETP.NE.AND P0, PT, |R55|, +INF , PT","0"
"0xfff934211d30","      FSEL R55, R55, R156, !P0","0"
"0xfff934211d40","      FSETP.NE.AND P0, PT, |R56|, +INF , PT","0"
"0xfff934211d50","      MUFU.EX2 R45, R45","0"
"0xfff934211d60","      FSEL R56, R56, R156, !P0","0"
"0xfff934211d70","      FSETP.NE.AND P0, PT, |R57|, +INF , PT","0"
"0xfff934211d80","      MUFU.EX2 R49, R49","0"
"0xfff934211d90","      FSEL R57, R57, R156, !P0","0"
"0xfff934211da0","      FSETP.NE.AND P0, PT, |R58|, +INF , PT","0"
"0xfff934211db0","      FSEL R58, R58, R156, !P0","0"
"0xfff934211dc0","      MUFU.EX2 R129, R129","0"
"0xfff934211dd0","      FSETP.NE.AND P0, PT, |R59|, +INF , PT","0"
"0xfff934211de0","      FSEL R59, R59, R156, !P0","0"
"0xfff934211df0","      FSETP.NE.AND P0, PT, |R52|, +INF , PT","0"
"0xfff934211e00","      MUFU.EX2 R88, R88","0"
"0xfff934211e10","      FSEL R52, R52, R156, !P0","0"
"0xfff934211e20","      FSETP.NE.AND P0, PT, |R53|, +INF , PT","0"
"0xfff934211e30","      MUFU.EX2 R89, R89","0"
"0xfff934211e40","      FSEL R53, R53, R156, !P0","0"
"0xfff934211e50","      FSETP.NE.AND P0, PT, |R60|, +INF , PT","0"
"0xfff934211e60","      FSEL R60, R60, R156, !P0","0"
"0xfff934211e70","      MUFU.EX2 R58, R58","0"
"0xfff934211e80","      FSETP.NE.AND P0, PT, |R62|, +INF , PT","0"
"0xfff934211e90","      FSEL R62, R62, R156, !P0","0"
"0xfff934211ea0","      FSETP.NE.AND P0, PT, |R63|, +INF , PT","0"
"0xfff934211eb0","      MUFU.EX2 R59, R59","0"
"0xfff934211ec0","      FSEL R63, R63, R156, !P0","0"
"0xfff934211ed0","      FSETP.NE.AND P0, PT, |R64|, +INF , PT","0"
"0xfff934211ee0","      MUFU.EX2 R52, R52","0"
"0xfff934211ef0","      FSEL R64, R64, R156, !P0","0"
"0xfff934211f00","      FSETP.NE.AND P0, PT, |R65|, +INF , PT","0"
"0xfff934211f10","      FSEL R65, R65, R156, !P0","0"
"0xfff934211f20","      MUFU.EX2 R53, R53","0"
"0xfff934211f30","      FSETP.NE.AND P0, PT, |R66|, +INF , PT","0"
"0xfff934211f40","      FSEL R66, R66, R156, !P0","0"
"0xfff934211f50","      FSETP.NE.AND P0, PT, |R67|, +INF , PT","0"
"0xfff934211f60","      MUFU.EX2 R64, R64","0"
"0xfff934211f70","      FSEL R67, R67, R156, !P0","0"
"0xfff934211f80","      FSETP.NE.AND P0, PT, |R4|, +INF , PT","0"
"0xfff934211f90","      FSEL R156, R18, R153, !P4","0"
"0xfff934211fa0","      MUFU.EX2 R66, R66","0"
"0xfff934211fb0","      FSEL R4, R4, R153, !P0","0"
"0xfff934211fc0","      FSETP.NE.AND P0, PT, |R5|, +INF , PT","0"
"0xfff934211fd0","      FSETP.NE.AND P4, PT, |R13|, +INF , PT","0"
"0xfff934211fe0","      FSEL R5, R5, R153, !P0","0"
"0xfff934211ff0","      MUFU.EX2 R4, R4","0"
"0xfff934212000","      FSETP.NE.AND P0, PT, |R6|, +INF , PT","0"
"0xfff934212010","      FSEL R18, R12, R153, !P5","0"
"0xfff934212020","      FSEL R6, R6, R153, !P0","0"
"0xfff934212030","      FSETP.NE.AND P0, PT, |R7|, +INF , PT","0"
"0xfff934212040","      MUFU.EX2 R5, R5","0"
"0xfff934212050","      FSEL R19, R13, R153, !P4","0"
"0xfff934212060","      FSEL R7, R7, R153, !P0","0"
"0xfff934212070","      FSETP.NE.AND P0, PT, |R8|, +INF , PT","0"
"0xfff934212080","      FSETP.NE.AND P5, PT, |R23|, +INF , PT","0"
"0xfff934212090","      MUFU.EX2 R12, R156","0"
"0xfff9342120a0","      FSEL R8, R8, R153, !P0","0"
"0xfff9342120b0","      FSETP.NE.AND P0, PT, |R9|, +INF , PT","0"
"0xfff9342120c0","      FSETP.NE.AND P4, PT, |R24|, +INF , PT","0"
"0xfff9342120d0","      FSEL R9, R9, R153, !P0","0"
"0xfff9342120e0","      MUFU.EX2 R8, R8","0"
"0xfff9342120f0","      FSETP.NE.AND P0, PT, |R10|, +INF , PT","0"
"0xfff934212100","      FSEL R170, R23, R153, !P5","0"
"0xfff934212110","      FADD2 R22, R102.F32x2.HI_LO, RZ.F32","0"
"0xfff934212120","      FSEL R10, R10, R153, !P0","0"
"0xfff934212130","      FSETP.NE.AND P0, PT, |R11|, +INF , PT","0"
"0xfff934212140","      MUFU.EX2 R9, R9","0"
"0xfff934212150","      FSEL R169, R24, R153, !P4","0"
"0xfff934212160","      FSEL R11, R11, R153, !P0","0"
"0xfff934212170","      FSETP.NE.AND P0, PT, |R14|, +INF , PT","0"
"0xfff934212180","      FSETP.NE.AND P5, PT, |R26|, +INF , PT","0"
"0xfff934212190","      MUFU.EX2 R10, R10","0"
"0xfff9342121a0","      FSETP.NE.AND P4, PT, |R27|, +INF , PT","0"
"0xfff9342121b0","      FSEL R14, R14, R153, !P0","0"
"0xfff9342121c0","      FSETP.NE.AND P0, PT, |R15|, +INF , PT","0"
"0xfff9342121d0","      FSEL R163, R26, R153, !P5","0"
"0xfff9342121e0","      MUFU.EX2 R11, R11","0"
"0xfff9342121f0","      FSEL R152, R27, R153, !P4","0"
"0xfff934212200","      FSETP.NE.AND P5, PT, |R21|, +INF , PT","0"
"0xfff934212210","      FSETP.NE.AND P4, PT, |R28|, +INF , PT","0"
"0xfff934212220","      FSEL R15, R15, R153, !P0","0"
"0xfff934212230","      MUFU.EX2 R6, R6","0"
"0xfff934212240","      ISETP.NE.AND P0, PT, R157, RZ, PT","0"
"0xfff934212250","      FSEL R157, R21, R153, !P5","0"
"0xfff934212260","      VIADD R21, R154, 0x10","0"
"0xfff934212270","      FSEL R156, R28, R153, !P4","0"
"0xfff934212280","      FSETP.NE.AND P5, PT, |R30|, +INF , PT","0"
"0xfff934212290","      MUFU.EX2 R7, R7","0"
"0xfff9342122a0","      F2FP.SATFINITE.E2M1.F32.PACK_AB_MERGE_C R28, R107, R106, RZ","0"
"0xfff9342122b0","      FADD2 R106, R22.F32x2.HI_LO, R106.F32x2.HI_LO","0"
"0xfff9342122c0","      SHF.R.U32.HI R26, RZ, 0x3, R25","0"
"0xfff9342122d0","      FADD2 R22, R38.F32x2.HI_LO, RZ.F32","0"
"0xfff9342122e0","      FSEL R159, R30, R153, !P5","0"
"0xfff9342122f0","      VIADD R30, R154, 0x30","0"
"0xfff934212300","      LOP3.LUT R35, R25, 0x30, R26, 0x78, !PT","0"
"0xfff934212310","      FADD2 R42, R22.F32x2.HI_LO, R42.F32x2.HI_LO","0"
"0xfff934212320","      FSETP.NE.AND P4, PT, |R31|, +INF , PT","0"
"0xfff934212330","      FADD2 R22, R100.F32x2.HI_LO, RZ.F32","0"
"0xfff934212340","      SHF.R.U32.HI R167, RZ, 0x3, R30","0"
"0xfff934212350","      FADD2 R26, R68.F32x2.HI_LO, RZ.F32","0"
"0xfff934212360","      MUFU.EX2 R13, R162","0"
"0xfff934212370","      FADD2 R22, R22.F32x2.HI_LO, R104.F32x2.HI_LO","0"
"0xfff934212380","      F2FP.SATFINITE.E2M1.F32.PACK_AB_MERGE_C R104, R105, R104, R28","0"
"0xfff934212390","      FADD2 R26, R26.F32x2.HI_LO, R72.F32x2.HI_LO","0"
"0xfff9342123a0","      F2FP.SATFINITE.E2M1.F32.PACK_AB_MERGE_C R72, R73, R72, R29","0"
"0xfff9342123b0","      FADD2 R28, R36.F32x2.HI_LO, RZ.F32","0"
"0xfff9342123c0","      LOP3.LUT R167, R30, 0x30, R167, 0x78, !PT","0"
"0xfff9342123d0","      FADD2 R106, R106.F32x2.HI_LO, R110.F32x2.HI_LO","0"
"0xfff9342123e0","      F2FP.SATFINITE.E2M1.F32.PACK_AB_MERGE_C R73, R11, R10, RZ","0"
"0xfff9342123f0","      FADD2 R28, R28.F32x2.HI_LO, R40.F32x2.HI_LO","0"
"0xfff934212400","      FSEL R162, R31, R153, !P4","0"
"0xfff934212410","      FADD2 R30, R4.F32x2.HI_LO, RZ.F32","0"
"0xfff934212420","      F2FP.SATFINITE.E2M1.F32.PACK_AB_MERGE_C R41, R41, R40, R32","0"
"0xfff934212430","      MUFU.EX2 R14, R14","0"
"0xfff934212440","      F2FP.SATFINITE.E2M1.F32.PACK_AB_MERGE_C R40, R9, R8, R73","0"
"0xfff934212450","      FADD2 R30, R30.F32x2.HI_LO, R8.F32x2.HI_LO","0"
"0xfff934212460","      F2FP.SATFINITE.E2M1.F32.PACK_AB_MERGE_C R9, R115, R114, RZ","0"
"0xfff934212470","      FADD2 R28, R28.F32x2.HI_LO, R44.F32x2.HI_LO","0"
"0xfff934212480","      FSETP.NE.AND P5, PT, |R33|, +INF , PT","0"
"0xfff934212490","      FADD2 R22, R22.F32x2.HI_LO, R108.F32x2.HI_LO","0"
"0xfff9342124a0","      FSETP.NE.AND P4, PT, |R34|, +INF , PT","0"
"0xfff9342124b0","      MUFU.EX2 R15, R15","0"
"0xfff9342124c0","      SHF.R.U32.HI R24, RZ, 0x3, R21","0"
"0xfff9342124d0","      FADD2 R22, R22.F32x2.HI_LO, R112.F32x2.HI_LO","0"
"0xfff9342124e0","      F2FP.SATFINITE.E2M1.F32.PACK_AB_MERGE_C R9, R113, R112, R9","0"
"0xfff9342124f0","      FADD2 R26, R26.F32x2.HI_LO, R76.F32x2.HI_LO","0"
"0xfff934212500","      FSEL R165, R33, R153, !P5","0"
"0xfff934212510","      FADD2 R32, R6.F32x2.HI_LO, RZ.F32","0"
"0xfff934212520","      FSEL R34, R34, R153, !P4","0"
"0xfff934212530","      MUFU.EX2 R8, R163","0"
"0xfff934212540","      LOP3.LUT R153, R21, 0x30, R24, 0x78, !PT","0"
"0xfff934212550","      FADD2 R24, R70.F32x2.HI_LO, RZ.F32","0"
"0xfff934212560","      F2FP.SATFINITE.E2M1.F32.PACK_AB_MERGE_C R110, R111, R110, R9","0"
"0xfff934212570","      FADD2 R32, R32.F32x2.HI_LO, R10.F32x2.HI_LO","0"
"0xfff934212580","      F2FP.SATFINITE.E2M1.F32.PACK_AB_MERGE_C R11, R51, R50, RZ","0"
"0xfff934212590","      FADD2 R74, R24.F32x2.HI_LO, R74.F32x2.HI_LO","0"
"0xfff9342125a0","      F2FP.SATFINITE.E2M1.F32.PACK_AB_MERGE_C R38, R39, R38, R41","0"
"0xfff9342125b0","      MUFU.EX2 R9, R152","0"
"0xfff9342125c0","      F2FP.SATFINITE.E2M1.F32.PACK_AB_MERGE_C R39, R49, R48, R11","0"
"0xfff9342125d0","      FADD2 R48, R28.F32x2.HI_LO, R48.F32x2.HI_LO","0"
"0xfff9342125e0","      F2FP.SATFINITE.E2M1.F32.PACK_AB_MERGE_C R28, R13, R12, RZ","0"
"0xfff9342125f0","      FADD2 R32, R32.F32x2.HI_LO, R14.F32x2.HI_LO","0"
"0xfff934212600","      F2FP.SATFINITE.E2M1.F32.PACK_AB_MERGE_C R10, R83, R82, RZ","0"
"0xfff934212610","      FADD2 R74, R74.F32x2.HI_LO, R78.F32x2.HI_LO","0"
"0xfff934212620","      F2FP.SATFINITE.E2M1.F32.PACK_AB_MERGE_C R28, R17, R16, R28","0"
"0xfff934212630","      MUFU.EX2 R24, R169","0"
"0xfff934212640","      F2FP.SATFINITE.E2M1.F32.PACK_AB_MERGE_C R10, R81, R80, R10","0"
"0xfff934212650","      FADD2 R12, R32.F32x2.HI_LO, R12.F32x2.HI_LO","0"
"0xfff934212660","      F2FP.SATFINITE.E2M1.F32.PACK_AB_MERGE_C R14, R15, R14, R28","0"
"0xfff934212670","      FADD2 R22, R22.F32x2.HI_LO, R116.F32x2.HI_LO","0"
"0xfff934212680","      F2FP.SATFINITE.E2M1.F32.PACK_AB_MERGE_C R78, R79, R78, R10","0"
"0xfff934212690","      FADD2 R26, R26.F32x2.HI_LO, R80.F32x2.HI_LO","0"
"0xfff9342126a0","      F2FP.SATFINITE.E2M1.F32.PACK_AB_MERGE_C R29, R123, R122, RZ","0"
"0xfff9342126b0","      MUFU.EX2 R25, R168","0"
"0xfff9342126c0","      F2FP.SATFINITE.E2M1.F32.PACK_AB_MERGE_C R15, R9, R8, RZ","0"
"0xfff9342126d0","      FADD2 R26, R26.F32x2.HI_LO, R84.F32x2.HI_LO","0"
"0xfff9342126e0","      F2FP.SATFINITE.E2M1.F32.PACK_AB_MERGE_C R29, R121, R120, R29","0"
"0xfff9342126f0","      FADD2 R120, R22.F32x2.HI_LO, R120.F32x2.HI_LO","0"
"0xfff934212700","      F2FP.SATFINITE.E2M1.F32.PACK_AB_MERGE_C R40, R7, R6, R40","0"
"0xfff934212710","      FADD2 R48, R48.F32x2.HI_LO, R52.F32x2.HI_LO","0"
"0xfff934212720","      F2FP.SATFINITE.E2M1.F32.PACK_AB_MERGE_C R22, R131, R130, RZ","0"
"0xfff934212730","      MUFU.EX2 R21, R170","0"
"0xfff934212740","      F2FP.SATFINITE.E2M1.F32.PACK_AB_MERGE_C R28, R59, R58, RZ","0"
"0xfff934212750","      FADD2 R106, R106.F32x2.HI_LO, R114.F32x2.HI_LO","0"
"0xfff934212760","      F2FP.SATFINITE.E2M1.F32.PACK_AB_MERGE_C R22, R129, R128, R22","0"
"0xfff934212770","      FADD2 R74, R74.F32x2.HI_LO, R82.F32x2.HI_LO","0"
"0xfff934212780","      F2FP.SATFINITE.E2M1.F32.PACK_AB_MERGE_C R102, R103, R102, R104","0"
"0xfff934212790","      F2FP.SATFINITE.E2M1.F32.PACK_AB_MERGE_C R110, R109, R108, R110","0"
"0xfff9342127a0","      MUFU.EX2 R18, R18","0"
"0xfff9342127b0","      F2FP.SATFINITE.E2M1.F32.PACK_AB_MERGE_C R15, R25, R24, R15","0"
"0xfff9342127c0","      F2FP.SATFINITE.E2M1.F32.PACK_AB_MERGE_C R102, R101, R100, R102","0"
"0xfff9342127d0","      F2FP.SATFINITE.E2M1.F32.PACK_AB_MERGE_C R40, R5, R4, R40","0"
"0xfff9342127e0","      CS2R R4, SRZ","0"
"0xfff9342127f0","      F2FP.SATFINITE.E2M1.F32.PACK_AB_MERGE_C R70, R71, R70, R72","0"
"0xfff934212800","      MUFU.EX2 R19, R19","0"
"0xfff934212810","      F2FP.SATFINITE.E2M1.F32.PACK_AB_MERGE_C R15, R21, R20, R15","0"
"0xfff934212820","      FADD2 R20, R12.F32x2.HI_LO, R20.F32x2.HI_LO","0"
"0xfff934212830","@P3   IMAD.MOV.U32 R4, RZ, RZ, R102","0"
"0xfff934212840","      F2FP.SATFINITE.E2M1.F32.PACK_AB_MERGE_C R70, R69, R68, R70","0"
"0xfff934212850","@P3   IMAD.MOV.U32 R5, RZ, RZ, R110","0"
"0xfff934212860","      FADD2 R20, R20.F32x2.HI_LO, R8.F32x2.HI_LO","0"
"0xfff934212870","      F2FP.SATFINITE.E2M1.F32.PACK_AB_MERGE_C R78, R77, R76, R78","0"
"0xfff934212880","      MUFU.EX2 R67, R67","0"
"0xfff934212890","      F2FP.SATFINITE.E2M1.F32.PACK_AB_MERGE_C R38, R37, R36, R38","0"
"0xfff9342128a0","      MUFU.EX2 R65, R65","0"
"0xfff9342128b0","      FADD2 R30, R30.F32x2.HI_LO, R18.F32x2.HI_LO","0"
"0xfff9342128c0","      F2FP.SATFINITE.E2M1.F32.PACK_AB_MERGE_C R18, R19, R18, R14","0"
"0xfff9342128d0","      FADD2 R16, R30.F32x2.HI_LO, R16.F32x2.HI_LO","0"
"0xfff9342128e0","      F2FP.SATFINITE.E2M1.F32.PACK_AB_MERGE_C R30, R91, R90, RZ","0"
"0xfff9342128f0","      MUFU.EX2 R10, R155","0"
"0xfff934212900","      F2FP.SATFINITE.E2M1.F32.PACK_AB_MERGE_C R9, R67, R66, RZ","0"
"0xfff934212910","      F2FP.SATFINITE.E2M1.F32.PACK_AB_MERGE_C R30, R89, R88, R30","0"
"0xfff934212920","      FADD2 R88, R26.F32x2.HI_LO, R88.F32x2.HI_LO","0"
"0xfff934212930","      MUFU.EX2 R11, R157","0"
"0xfff934212940","      F2FP.SATFINITE.E2M1.F32.PACK_AB_MERGE_C R9, R65, R64, R9","0"
"0xfff934212950","      MUFU.EX2 R126, R126","0"
"0xfff934212960","      MUFU.EX2 R127, R127","0"
"0xfff934212970","      FADD2 R26, R16.F32x2.HI_LO, R10.F32x2.HI_LO","0"
"0xfff934212980","      FADD2 R24, R26.F32x2.HI_LO, R24.F32x2.HI_LO","0"
"0xfff934212990","      MUFU.EX2 R56, R56","0"
"0xfff9342129a0","      MUFU.EX2 R57, R57","0"
"0xfff9342129b0","      F2FP.SATFINITE.E2M1.F32.PACK_AB_MERGE_C R16, R127, R126, R22","0"
"0xfff9342129c0","      MUFU.EX2 R12, R34","0"
"0xfff9342129d0","      MUFU.EX2 R13, R166","0"
"0xfff9342129e0","      F2FP.SATFINITE.E2M1.F32.PACK_AB_MERGE_C R28, R57, R56, R28","0"
"0xfff9342129f0","      FADD2 R56, R48.F32x2.HI_LO, R56.F32x2.HI_LO","0"
"0xfff934212a00","      MUFU.EX2 R98, R98","0"
"0xfff934212a10","      MUFU.EX2 R99, R99","0"
"0xfff934212a20","      F2FP.SATFINITE.E2M1.F32.PACK_AB_MERGE_C R22, R13, R12, RZ","0"
"0xfff934212a30","      MUFU.EX2 R118, R118","0"
"0xfff934212a40","      MUFU.EX2 R119, R119","0"
"0xfff934212a50","      F2FP.SATFINITE.E2M1.F32.PACK_AB_MERGE_C R17, R99, R98, RZ","0"
"0xfff934212a60","      MUFU.EX2 R62, R62","0"
"0xfff934212a70","      MUFU.EX2 R63, R63","0"
"0xfff934212a80","      F2FP.SATFINITE.E2M1.F32.PACK_AB_MERGE_C R29, R119, R118, R29","0"
"0xfff934212a90","      FADD2 R106, R106.F32x2.HI_LO, R118.F32x2.HI_LO","0"
"0xfff934212aa0","      F2FP.SATFINITE.E2M1.F32.PACK_AB_MERGE_C R116, R117, R116, R29","0"
"0xfff934212ab0","      FADD2 R106, R106.F32x2.HI_LO, R122.F32x2.HI_LO","0"
"0xfff934212ac0","      MUFU.EX2 R164, R164","0"
"0xfff934212ad0","      FADD2 R106, R106.F32x2.HI_LO, R126.F32x2.HI_LO","0"
"0xfff934212ae0","      FADD2 R130, R106.F32x2.HI_LO, R130.F32x2.HI_LO","0"
"0xfff934212af0","      MUFU.EX2 R165, R165","0"
"0xfff934212b00","      F2FP.SATFINITE.E2M1.F32.PACK_AB_MERGE_C R9, R63, R62, R9","0"
"0xfff934212b10","      MUFU.EX2 R96, R96","0"
"0xfff934212b20","      MUFU.EX2 R97, R97","0"
"0xfff934212b30","      F2FP.SATFINITE.E2M1.F32.PACK_AB_MERGE_C R22, R165, R164, R22","0"
"0xfff934212b40","      MUFU.EX2 R60, R60","0"
"0xfff934212b50","      MUFU.EX2 R61, R61","0"
"0xfff934212b60","      F2FP.SATFINITE.E2M1.F32.PACK_AB_MERGE_C R17, R97, R96, R17","0"
"0xfff934212b70","      MUFU.EX2 R124, R124","0"
"0xfff934212b80","      MUFU.EX2 R125, R125","0"
"0xfff934212b90","      FADD2 R56, R56.F32x2.HI_LO, R60.F32x2.HI_LO","0"
"0xfff934212ba0","      F2FP.SATFINITE.E2M1.F32.PACK_AB_MERGE_C R60, R61, R60, R9","0"
"0xfff934212bb0","      SHF.R.U32.HI R9, RZ, 0x3, R154","0"
"0xfff934212bc0","      FADD2 R64, R56.F32x2.HI_LO, R64.F32x2.HI_LO","0"
"0xfff934212bd0","      MUFU.EX2 R6, R159","0"
"0xfff934212be0","      LOP3.LUT R14, R154, 0x30, R9, 0x78, !PT","0"
"0xfff934212bf0","      MUFU.EX2 R7, R162","0"
"0xfff934212c00","      F2FP.SATFINITE.E2M1.F32.PACK_AB_MERGE_C R8, R125, R124, R16","0"
"0xfff934212c10","      FADD2 R120, R120.F32x2.HI_LO, R124.F32x2.HI_LO","0"
"0xfff934212c20","      FADD2 R128, R120.F32x2.HI_LO, R128.F32x2.HI_LO","0"
"0xfff934212c30","      MUFU.EX2 R86, R86","0"
"0xfff934212c40","      FADD2 R128, R128.F32x2.HI_LO, R130.F32x2.HI_LO","0"
"0xfff934212c50","      FADD R129, R128, R129","0"
"0xfff934212c60","      MUFU.EX2 R87, R87","0"
"0xfff934212c70","      F2FP.SATFINITE.E2M1.F32.PACK_AB_MERGE_C R22, R7, R6, R22","0"
"0xfff934212c80","      FADD2 R20, R20.F32x2.HI_LO, R6.F32x2.HI_LO","0"
"0xfff934212c90","      CS2R R6, SRZ","0"
"0xfff934212ca0","      FFMA R2, R2, R129, RZ","0"
"0xfff934212cb0","@P3   IMAD.MOV.U32 R6, RZ, RZ, R116","0"
"0xfff934212cc0","      FADD2 R20, R20.F32x2.HI_LO, R12.F32x2.HI_LO","0"
"0xfff934212cd0","@P3   IMAD.MOV.U32 R7, RZ, RZ, R8","0"
"0xfff934212ce0","      MUFU.EX2 R94, R94","0"
"0xfff934212cf0","      CS2R R8, SRZ","0"
"0xfff934212d00","      CS2R R12, SRZ","0"
"0xfff934212d10","@P2   IMAD.MOV.U32 R8, RZ, RZ, R70","0"
"0xfff934212d20","      STS.128 [R14], R4","0"
"0xfff934212d30","@P2   IMAD.MOV.U32 R9, RZ, RZ, R78","0"
"0xfff934212d40","@P1   IMAD.MOV.U32 R12, RZ, RZ, R38","0"
"0xfff934212d50","      MUFU.EX2 R95, R95","0"
"0xfff934212d60","      F2FP.SATFINITE.E2M1.F32.PACK_AB_MERGE_C R30, R87, R86, R30","0"
"0xfff934212d70","      FADD2 R74, R74.F32x2.HI_LO, R86.F32x2.HI_LO","0"
"0xfff934212d80","      F2FP.SATFINITE.E2M1.F32.PACK_AB_MERGE_C R84, R85, R84, R30","0"
"0xfff934212d90","      FADD2 R74, R74.F32x2.HI_LO, R90.F32x2.HI_LO","0"
"0xfff934212da0","      MUFU.EX2 R46, R46","0"
"0xfff934212db0","      CS2R R4, SRZ","0"
"0xfff934212dc0","      CS2R R6, SRZ","0"
"0xfff934212dd0","@P0   IMAD.MOV.U32 R4, RZ, RZ, R40","0"
"0xfff934212de0","      MUFU.EX2 R47, R47","0"
"0xfff934212df0","      F2FP.SATFINITE.E2M1.F32.PACK_AB_MERGE_C R16, R95, R94, R17","0"
"0xfff934212e00","@P0   IMAD.MOV.U32 R5, RZ, RZ, R18","0"
"0xfff934212e10","      F2FP.SATFINITE.E2M1.F32.PACK_AB_MERGE_C R17, R11, R10, R15","0"
"0xfff934212e20","      CS2R R10, SRZ","0"
"0xfff934212e30","      CS2R R14, SRZ","0"
"0xfff934212e40","@P2   IMAD.MOV.U32 R10, RZ, RZ, R84","0"
"0xfff934212e50","      FADD2 R74, R74.F32x2.HI_LO, R94.F32x2.HI_LO","0"
"0xfff934212e60","      MUFU.EX2 R54, R54","0"
"0xfff934212e70","@P1   IMAD.MOV.U32 R15, RZ, RZ, R60","0"
"0xfff934212e80","@P0   IMAD.MOV.U32 R6, RZ, RZ, R17","0"
"0xfff934212e90","      FADD2 R98, R74.F32x2.HI_LO, R98.F32x2.HI_LO","0"
"0xfff934212ea0","      MUFU.EX2 R55, R55","0"
"0xfff934212eb0","      FADD2 R42, R42.F32x2.HI_LO, R46.F32x2.HI_LO","0"
"0xfff934212ec0","      F2FP.SATFINITE.E2M1.F32.PACK_AB_MERGE_C R46, R47, R46, R39","0"
"0xfff934212ed0","      FADD2 R50, R42.F32x2.HI_LO, R50.F32x2.HI_LO","0"
"0xfff934212ee0","      F2FP.SATFINITE.E2M1.F32.PACK_AB_MERGE_C R46, R45, R44, R46","0"
"0xfff934212ef0","      MUFU.EX2 R92, R92","0"
"0xfff934212f00","@P1   IMAD.MOV.U32 R13, RZ, RZ, R46","0"
"0xfff934212f10","      MUFU.EX2 R93, R93","0"
"0xfff934212f20","      F2FP.SATFINITE.E2M1.F32.PACK_AB_MERGE_C R28, R55, R54, R28","0"
"0xfff934212f30","      FADD2 R50, R50.F32x2.HI_LO, R54.F32x2.HI_LO","0"
"0xfff934212f40","      F2FP.SATFINITE.E2M1.F32.PACK_AB_MERGE_C R28, R53, R52, R28","0"
"0xfff934212f50","      FADD2 R50, R50.F32x2.HI_LO, R58.F32x2.HI_LO","0"
"0xfff934212f60","      MUFU.EX2 R156, R156","0"
"0xfff934212f70","@P1   IMAD.MOV.U32 R14, RZ, RZ, R28","0"
"0xfff934212f80","      FADD2 R50, R50.F32x2.HI_LO, R62.F32x2.HI_LO","0"
"0xfff934212f90","      FADD2 R66, R50.F32x2.HI_LO, R66.F32x2.HI_LO","0"
"0xfff934212fa0","      MUFU.EX2 R157, R158","0"
"0xfff934212fb0","      F2FP.SATFINITE.E2M1.F32.PACK_AB_MERGE_C R16, R93, R92, R16","0"
"0xfff934212fc0","      FADD2 R88, R88.F32x2.HI_LO, R92.F32x2.HI_LO","0"
"0xfff934212fd0","      FADD2 R64, R64.F32x2.HI_LO, R66.F32x2.HI_LO","0"
"0xfff934212fe0","@P2   IMAD.MOV.U32 R11, RZ, RZ, R16","0"
"0xfff934212ff0","      FADD2 R96, R88.F32x2.HI_LO, R96.F32x2.HI_LO","0"
"0xfff934213000","      FADD R65, R64, R65","0"
"0xfff934213010","      STS.128 [R153], R8","0"
"0xfff934213020","      FADD2 R96, R96.F32x2.HI_LO, R98.F32x2.HI_LO","0"
"0xfff934213030","      STS.128 [R35], R12","0"
"0xfff934213040","      FADD R96, R96, R97","0"
"0xfff934213050","      F2FP.SATFINITE.E2M1.F32.PACK_AB_MERGE_C R19, R157, R156, R22","0"
"0xfff934213060","      FADD2 R24, R24.F32x2.HI_LO, R156.F32x2.HI_LO","0"
"0xfff934213070","      FFMA R151, R151, R96, R2","0"
"0xfff934213080","@P0   IMAD.MOV.U32 R7, RZ, RZ, R19","0"
"0xfff934213090","      FADD2 R164, R24.F32x2.HI_LO, R164.F32x2.HI_LO","0"
"0xfff9342130a0","      FFMA R32, R150, R65, R151","0"
"0xfff9342130b0","      STS.128 [R167], R4","0"
"0xfff9342130c0","      FADD2 R20, R164.F32x2.HI_LO, R20.F32x2.HI_LO","0"
"0xfff9342130d0","      FADD R20, R20, R21","0"
"0xfff9342130e0","      FFMA R32, R149, R20, R32","0"
"0xfff9342130f0","      ISETP.NE.AND P1, PT, R160, RZ, PT","33792"
"0xfff934213100","      STS [R138+UR20], R147","33792"
"0xfff934213110","      WARPSYNC.ALL","33792"
"0xfff934213120","      ISETP.GT.U32.AND P0, PT, R3, 0x5f, PT","33792"
"0xfff934213130","      BSSY.RECONVERGENT B0, 0xfff934213530","33792"
"0xfff934213140","      FFMA R145, R147, R145, R32","33792"
"0xfff934213150","      ISETP.NE.OR P0, PT, R161, UR5, P0","33792"
"0xfff934213160","@!P1  VIADD R5, R141, 0x668","33792"
"0xfff934213170","@!P1  LEA R5, R142, R5, 0x18","33792"
"0xfff934213180","@!P1  SYNCS.ARRIVE.TRANS64.A1T0 RZ, [R5+URZ], RZ","33792"
"0xfff934213190","@P0   BRA 0xfff934213520","33792"
"0xfff9342131a0","      ISETP.GE.AND P0, PT, R139, 0x4, PT","1536"
"0xfff9342131b0","      BSSY.RELIABLE B2, 0xfff9342134b0","1536"
"0xfff9342131c0","      IMAD.MOV.U32 R5, RZ, RZ, R139","1536"
"0xfff9342131d0","@P0   BRA 0xfff9342134a0","1536"
"0xfff9342131e0","      IADD3 R2, PT, PT, -R5, 0x4, RZ","1536"
"0xfff9342131f0","      BSSY.RECONVERGENT B3, 0xfff934213380","1536"
"0xfff934213200","      PLOP3.LUT P0, PT, PT, PT, PT, 0x80, 0x8","1536"
"0xfff934213210","      ISETP.GT.AND P2, PT, R2, 0x3, PT","1536"
"0xfff934213220","@!P2  BRA 0xfff934213370","1536"
"0xfff934213230","      PLOP3.LUT P0, PT, PT, PT, PT, 0x8, 0x80","0"
"0xfff934213240","      IMAD R2, R5, 0x10, R154","0"
"0xfff934213250","      VIADD R5, R5, 0x4","0"
"0xfff934213260","      VIADD R4, R2, 0x10","0"
"0xfff934213270","      SHF.R.U32.HI R7, RZ, 0x3, R2","0"
"0xfff934213280","      VIADD R6, R2, 0x20","0"
"0xfff934213290","      ISETP.GE.AND P2, PT, R5, 0x1, PT","0"
"0xfff9342132a0","      VIADD R8, R2, 0x30","0"
"0xfff9342132b0","      SHF.R.U32.HI R9, RZ, 0x3, R4","0"
"0xfff9342132c0","      SHF.R.U32.HI R11, RZ, 0x3, R6","0"
"0xfff9342132d0","      SHF.R.U32.HI R13, RZ, 0x3, R8","0"
"0xfff9342132e0","      LOP3.LUT R7, R2, 0x30, R7, 0x78, !PT","0"
"0xfff9342132f0","      LOP3.LUT R9, R4, 0x30, R9, 0x78, !PT","0"
"0xfff934213300","      LOP3.LUT R11, R6, 0x30, R11, 0x78, !PT","0"
"0xfff934213310","      STS.128 [R7], RZ","0"
"0xfff934213320","      LOP3.LUT R13, R8, 0x30, R13, 0x78, !PT","0"
"0xfff934213330","      STS.128 [R9], RZ","0"
"0xfff934213340","      STS.128 [R11], RZ","0"
"0xfff934213350","      STS.128 [R13], RZ","0"
"0xfff934213360","@!P2  BRA 0xfff934213240","0"
"0xfff934213370","      BSYNC.RECONVERGENT B3","1536"
"0xfff934213380","      IADD3 R2, PT, PT, -R5, 0x4, RZ","1536"
"0xfff934213390","      BSSY.RECONVERGENT B3, 0xfff934213470","1536"
"0xfff9342133a0","      ISETP.GT.AND P2, PT, R2, 0x1, PT","1536"
"0xfff9342133b0","@!P2  BRA 0xfff934213460","1536"
"0xfff9342133c0","      IMAD R2, R5, 0x10, R154","1024"
"0xfff9342133d0","      PLOP3.LUT P0, PT, PT, PT, PT, 0x8, 0x80","1024"
"0xfff9342133e0","      VIADD R5, R5, 0x2","1024"
"0xfff9342133f0","      VIADD R4, R2, 0x10","1024"
"0xfff934213400","      SHF.R.U32.HI R7, RZ, 0x3, R2","1024"
"0xfff934213410","      SHF.R.U32.HI R9, RZ, 0x3, R4","1024"
"0xfff934213420","      LOP3.LUT R7, R2, 0x30, R7, 0x78, !PT","1024"
"0xfff934213430","      LOP3.LUT R9, R4, 0x30, R9, 0x78, !PT","1024"
"0xfff934213440","      STS.128 [R7], RZ","1024"
"0xfff934213450","      STS.128 [R9], RZ","1024"
"0xfff934213460","      BSYNC.RECONVERGENT B3","1536"
"0xfff934213470","      ISETP.NE.OR P0, PT, R5, 0x4, P0","1536"
"0xfff934213480","@!P0  BREAK.RELIABLE B2","1536"
"0xfff934213490","@!P0  BRA 0xfff934213520","1536"
"0xfff9342134a0","      BSYNC.RELIABLE B2","1024"
"0xfff9342134b0","      IMAD R2, R5, 0x10, R154","1024"
"0xfff9342134c0","      VIADD R5, R5, 0x1","1024"
"0xfff9342134d0","      SHF.R.U32.HI R7, RZ, 0x3, R2","1024"
"0xfff9342134e0","      ISETP.NE.AND P0, PT, R5, 0x4, PT","1024"
"0xfff9342134f0","      LOP3.LUT R7, R2, 0x30, R7, 0x78, !PT","1024"
"0xfff934213500","      STS.128 [R7], RZ","1024"
"0xfff934213510","@P0   BRA 0xfff9342134b0","1024"
"0xfff934213520","      BSYNC.RECONVERGENT B0","33792"
"0xfff934213530","      ISETP.GT.U32.AND P0, PT, R0, 0x7f, PT","33792"
"0xfff934213540","      ISETP.NE.AND P3, PT, R136, RZ, PT","33792"
"0xfff934213550","      ISETP.NE.U32.AND P2, PT, R146, 0x1, PT","33792"
"0xfff934213560","@!P0  WARPSYNC.ALL","33792"
"0xfff934213570","@!P0  BAR.SYNC.DEFER_BLOCKING 0x1, 0x80","33792"
"0xfff934213580","      MEMBAR.ALL.CTA","33792"
"0xfff934213590","      FENCE.VIEW.ASYNC.S","33792"
"0xfff9342135a0","@P3   BRA 0xfff9342135c0","33792"
"0xfff9342135b0","      WARPSYNC.ALL","8448"
"0xfff9342135c0","@!P0  WARPSYNC.ALL","33792"
"0xfff9342135d0","      UIADD3 UR13, UPT, UPT, UR42, 0x1b0, URZ","33792"
"0xfff9342135e0","      IMAD.U32 R2, RZ, RZ, UR42","33792"
"0xfff9342135f0","@!P0  BAR.SYNC.DEFER_BLOCKING 0x1, 0x80","33792"
"0xfff934213600","      IMAD.U32 R5, RZ, RZ, UR13","33792"
"0xfff934213610","@P2   VIADD R5, R2, 0x1a0","33792"
"0xfff934213620","      WARPSYNC.ALL","33792"
"0xfff934213630","      IMAD.IADD R5, R136, 0x1, R5","33792"
"0xfff934213640","      R2UR UR13, R5","33792"
"0xfff934213650","      STTM tmem[UR13], R148","33792"
"0xfff934213660","      FENCE.VIEW.ASYNC.T","33792"
"0xfff934213670","@P3   BRA 0xfff9342136f0","33792"
"0xfff934213680","      WARPSYNC.ALL","8448"
"0xfff934213690","      ELECT P0, URZ, PT","8448"
"0xfff9342136a0","      ISETP.NE.OR P0, PT, R142, RZ, !P0","8448"
"0xfff9342136b0","@!P0  VIADD R5, R141, 0x738","8448"
"0xfff9342136c0","@!P0  LEA R5, R142, R5, 0x18","8448"
"0xfff9342136d0","@!P0  IMAD R146, R146, 0x8, R5","8448"
"0xfff9342136e0","@!P0  SYNCS.ARRIVE.TRANS64.A1T0 RZ, [R146+URZ], RZ","8448"
"0xfff9342136f0","      VIADD R161, R161, 0x1","33792"
"0xfff934213700","      ISETP.NE.AND P0, PT, R161, UR4, PT","33792"
"0xfff934213710","@P0   BRA 0xfff93420d340","33792"
"0xfff934213720","@!P1  VIADD R141, R141, 0x668","2048"
"0xfff934213730","      STS [R138+UR10], R143","2048"
"0xfff934213740","      LOP3.LUT R133, R133, 0x1, RZ, 0x3c, !PT","2048"
"0xfff934213750","@!P1  LEA R141, R142, R141, 0x18","2048"
"0xfff934213760","      STS [R138+UR11], R145","2048"
"0xfff934213770","      WARPSYNC.ALL","2048"
"0xfff934213780","@!P1  SYNCS.ARRIVE.TRANS64.A1T0 RZ, [R141+URZ], RZ","2048"
"0xfff934213790","      UIADD3 UR8, UPT, UPT, UR19, UR8, URZ","2048"
"0xfff9342137a0","      UISETP.GE.AND UP0, UPT, UR8, UR44, UPT","2048"
"0xfff9342137b0","      BRA.U !UP0, 0xfff93420c800","2048"
"0xfff9342137c0","      BRA 0xfff934215770","2048"
"0xfff9342137d0","      WARPSYNC.ALL","2048"
"0xfff9342137e0","      USETMAXREG.DEALLOC.CTAPOOL 0x38","2048"
"0xfff9342137f0","      S2UR UR14, SR_CTAID.X","2048"
"0xfff934213800","      UISETP.GE.AND UP0, UPT, UR14, UR44, UPT","2048"
"0xfff934213810","      BRA.U UP0, 0xfff934215750","2048"
"0xfff934213820","      IMAD.SHL.U32 R3, R0, 0x40, RZ","2048"
"0xfff934213830","      UMOV UR4, UR32","2048"
"0xfff934213840","      UMOV UR5, UR43","2048"
"0xfff934213850","      R2UR UR52, R2","2048"
"0xfff934213860","      UMOV UR8, UR4","2048"
"0xfff934213870","      LOP3.LUT R3, R3, 0x1fc0, RZ, 0xc0, !PT","2048"
"0xfff934213880","      IMAD.U32 R2, R0, 0x10000, RZ","2048"
"0xfff934213890","      UISETP.LT.AND UP0, UPT, UR23, 0x1, UPT","2048"
"0xfff9342138a0","      IMAD.SHL.U32 R4, R0, 0x4, RZ","2048"
"0xfff9342138b0","      LDCU.64 UR48, c[0x0][0x348]","2048"
"0xfff9342138c0","      VIADD R37, R3, UR8","2048"
"0xfff9342138d0","      LOP3.LUT R39, R2, 0x600000, RZ, 0xc0, !PT","2048"
"0xfff9342138e0","      IMAD.MOV.U32 R38, RZ, RZ, RZ","2048"
"0xfff9342138f0","      LOP3.LUT R3, R0, 0x7f, RZ, 0xc0, !PT","2048"
"0xfff934213900","      LDCU UR58, c[0x0][0x370]","2048"
"0xfff934213910","      SHF.R.U32.HI R36, RZ, 0x3, R37","2048"
"0xfff934213920","      VIADD R39, R39, UR42","2048"
"0xfff934213930","      LOP3.LUT R2, R4, 0x1fc, RZ, 0xc0, !PT","2048"
"0xfff934213940","      USEL UR59, UR23, 0x1, !UP0","2048"
"0xfff934213950","      LOP3.LUT R36, R36, 0x30, RZ, 0xc0, !PT","2048"
"0xfff934213960","      UIADD3 UR52, UPT, UPT, UR15, UR52, URZ","2048"
"0xfff934213970","      UMOV UR4, URZ","2048"
"0xfff934213980","      UMOV UR5, URZ","2048"
"0xfff934213990","      IABS R4, UR22","2048"
"0xfff9342139a0","      UMOV UR10, URZ","2048"
"0xfff9342139b0","      IABS R7, UR22","2048"
"0xfff9342139c0","      LDCU UR18, c[0x0][0x390]","2048"
"0xfff9342139d0","      R2UR UR13, R4","2048"
"0xfff9342139e0","      IABS R6, UR14","2048"
"0xfff9342139f0","      R2UR UR9, R6","2048"
"0xfff934213a00","      I2F.RP R4, UR13","2048"
"0xfff934213a10","      IABS R8, UR18","2048"
"0xfff934213a20","      MUFU.RCP R4, R4","2048"
"0xfff934213a30","      VIADD R5, R4, 0xffffffe","2048"
"0xfff934213a40","      IMAD.MOV R4, RZ, RZ, -R7","2048"
"0xfff934213a50","      F2I.FTZ.U32.TRUNC.NTZ R5, R5","2048"
"0xfff934213a60","      R2UR UR11, R5","2048"
"0xfff934213a70","      UIADD3 UR12, UPT, UPT, URZ, -UR11, URZ","2048"
"0xfff934213a80","      UIMAD UR12, UR12, UR13, URZ","2048"
"0xfff934213a90","      UIMAD.WIDE.U32 UR10, UR11, UR12, UR10","2048"
"0xfff934213aa0","      R2UR UR12, R4","2048"
"0xfff934213ab0","      UIMAD.WIDE.U32 UR10, UR11, UR9, URZ","2048"
"0xfff934213ac0","      UMOV UR10, URZ","2048"
"0xfff934213ad0","      UIMAD UR9, UR11, UR12, UR9","2048"
"0xfff934213ae0","      UISETP.GT.U32.AND UP1, UPT, UR13, UR9, UPT","2048"
"0xfff934213af0","@!UP1 UIADD3 UR9, UPT, UPT, UR9, -UR13, URZ","2048"
"0xfff934213b00","@!UP1 UIADD3 UR11, UPT, UPT, UR11, 0x1, URZ","2048"
"0xfff934213b10","      UISETP.GE.U32.AND UP0, UPT, UR9, UR13, UPT","2048"
"0xfff934213b20","      ULOP3.LUT UR9, UR14, UR22, URZ, 0x3c, !UPT","2048"
"0xfff934213b30","      UISETP.GE.AND UP1, UPT, UR9, URZ, UPT","2048"
"0xfff934213b40","@UP0  UIADD3 UR11, UPT, UPT, UR11, 0x1, URZ","2048"
"0xfff934213b50","      UISETP.NE.AND UP0, UPT, UR22, URZ, UPT","2048"
"0xfff934213b60","      UMOV UR16, UR11","2048"
"0xfff934213b70","@!UP1 UIADD3 UR16, UPT, UPT, -UR16, URZ, URZ","2048"
"0xfff934213b80","@!UP0 ULOP3.LUT UR16, URZ, UR22, URZ, 0x33, !UPT","2048"
"0xfff934213b90","      UISETP.GE.AND UP0, UPT, UR16, UR7, UPT","2048"
"0xfff934213ba0","      UIADD3 UR9, UPT, UPT, -UR16, URZ, URZ","2048"
"0xfff934213bb0","      USEL UR20, UR6, UR59, !UP0","2048"
"0xfff934213bc0","      UIMAD UR17, UR22, UR9, UR14","2048"
"0xfff934213bd0","      IABS R4, UR20","2048"
"0xfff934213be0","      IABS R6, UR17","2048"
"0xfff934213bf0","      R2UR UR19, R4","2048"
"0xfff934213c00","      IABS R7, UR20","2048"
"0xfff934213c10","      R2UR UR12, R6","2048"
"0xfff934213c20","      I2F.RP R6, R8","2048"
"0xfff934213c30","      I2F.RP R4, UR19","2048"
"0xfff934213c40","      MUFU.RCP R6, R6","2048"
"0xfff934213c50","      MUFU.RCP R4, R4","2048"
"0xfff934213c60","      VIADD R5, R4, 0xffffffe","2048"
"0xfff934213c70","      IMAD.MOV R4, RZ, RZ, -R7","2048"
"0xfff934213c80","      F2I.FTZ.U32.TRUNC.NTZ R5, R5","2048"
"0xfff934213c90","      R2UR UR13, R4","2048"
"0xfff934213ca0","      VIADD R4, R6, 0xffffffe","2048"
"0xfff934213cb0","      R2UR UR11, R5","2048"
"0xfff934213cc0","      F2I.FTZ.U32.TRUNC.NTZ R5, R4","2048"
"0xfff934213cd0","      IMAD.MOV.U32 R4, RZ, RZ, RZ","2048"
"0xfff934213ce0","      UIADD3 UR9, UPT, UPT, URZ, -UR11, URZ","2048"
"0xfff934213cf0","      UIMAD UR9, UR9, UR19, URZ","2048"
"0xfff934213d00","      IMAD.MOV R7, RZ, RZ, -R5","2048"
"0xfff934213d10","      UIMAD.WIDE.U32 UR10, UR11, UR9, UR10","2048"
"0xfff934213d20","      IMAD R7, R7, R8, RZ","2048"
"0xfff934213d30","      UIMAD.WIDE.U32 UR10, UR11, UR12, URZ","2048"
"0xfff934213d40","      IMAD.HI.U32 R4, R5, R7, R4","2048"
"0xfff934213d50","      UMOV UR9, UR11","2048"
"0xfff934213d60","      UIMAD UR10, UR9, UR13, UR12","2048"
"0xfff934213d70","      UISETP.GT.U32.AND UP1, UPT, UR19, UR10, UPT","2048"
"0xfff934213d80","@!UP1 UIADD3 UR10, UPT, UPT, UR10, -UR19, URZ","2048"
"0xfff934213d90","@!UP1 UIADD3 UR9, UPT, UPT, UR9, 0x1, URZ","2048"
"0xfff934213da0","      UISETP.GE.U32.AND UP0, UPT, UR10, UR19, UPT","2048"
"0xfff934213db0","      ULOP3.LUT UR10, UR17, UR20, URZ, 0x3c, !UPT","2048"
"0xfff934213dc0","      UISETP.GE.AND UP1, UPT, UR10, URZ, UPT","2048"
"0xfff934213dd0","      UIADD3 UR10, UPT, UPT, -UR20, URZ, URZ","2048"
"0xfff934213de0","@UP0  UIADD3 UR9, UPT, UPT, UR9, 0x1, URZ","2048"
"0xfff934213df0","      UISETP.NE.AND UP0, UPT, UR20, URZ, UPT","2048"
"0xfff934213e00","@!UP1 UIADD3 UR9, UPT, UPT, -UR9, URZ, URZ","2048"
"0xfff934213e10","      UISETP.NE.AND UP1, UPT, UR18, URZ, UPT","2048"
"0xfff934213e20","@!UP0 ULOP3.LUT UR9, URZ, UR20, URZ, 0x33, !UPT","2048"
"0xfff934213e30","      UIMAD UR10, UR9, UR10, UR17","2048"
"0xfff934213e40","      ULOP3.LUT UR53, URZ, UR9, URZ, 0x33, !UPT","2048"
"0xfff934213e50","      UIMAD UR10, UR16, UR6, UR10","2048"
"0xfff934213e60","      UIADD3 UR53, UPT, UPT, UR52, UR53, URZ","2048"
"0xfff934213e70","      ULOP3.LUT UR11, UR10, UR18, URZ, 0x3c, !UPT","2048"
"0xfff934213e80","      IABS R6, UR10","2048"
"0xfff934213e90","      UISETP.GE.AND UP0, UPT, UR11, URZ, UPT","2048"
"0xfff934213ea0","      IMAD.MOV.U32 R5, RZ, RZ, R6","2048"
"0xfff934213eb0","      IMAD.HI.U32 R4, R4, R5, RZ","2048"
"0xfff934213ec0","      IMAD.MOV R6, RZ, RZ, -R4","2048"
"0xfff934213ed0","      IMAD R5, R8, R6, R5","2048"
"0xfff934213ee0","      ISETP.GT.U32.AND P1, PT, R8, R5, PT","2048"
"0xfff934213ef0","@!P1  IMAD.IADD R5, R5, 0x1, -R8","2048"
"0xfff934213f00","@!P1  VIADD R4, R4, 0x1","2048"
"0xfff934213f10","      ISETP.GE.U32.AND P0, PT, R5, R8, PT","2048"
"0xfff934213f20","@P0   VIADD R4, R4, 0x1","2048"
"0xfff934213f30","      R2UR UR13, R4","2048"
"0xfff934213f40","@!UP0 UIADD3 UR13, UPT, UPT, -UR13, URZ, URZ","2048"
"0xfff934213f50","      UISETP.GE.AND UP0, UPT, UR53, UR15, UPT","2048"
"0xfff934213f60","@!UP1 ULOP3.LUT UR13, URZ, UR18, URZ, 0x33, !UPT","2048"
"0xfff934213f70","      UIADD3 UR12, UPT, UPT, -UR13, URZ, URZ","2048"
"0xfff934213f80","      UIMAD UR12, UR18, UR12, UR10","2048"
"0xfff934213f90","      BRA.U UP0, 0xfff934215720","2048"
"0xfff934213fa0","      LOP3.LUT P0, RZ, R0, 0x1f, RZ, 0xc0, !PT","2048"
"0xfff934213fb0","      BSSY.RECONVERGENT B0, 0xfff934214330","2048"
"0xfff934213fc0","      IMAD.MOV.U32 R6, RZ, RZ, RZ","2048"
"0xfff934213fd0","      IMAD.MOV.U32 R4, RZ, RZ, RZ","2048"
"0xfff934213fe0","@P0   BRA 0xfff934214320","2048"
"0xfff934213ff0","      LDCU UR62, c[0x0][0x690]","2048"
"0xfff934214000","      LDCU UR64, c[0x0][0xa10]","2048"
"0xfff934214010","      LDCU UR63, c[0x0][0x698]","2048"
"0xfff934214020","      LDCU UR65, c[0x0][0xa18]","2048"
"0xfff934214030","      USHF.R.S32.HI UR20, URZ, 0x1f, UR13","2048"
"0xfff934214040","      USHF.R.S32.HI UR21, URZ, 0x1f, UR62","2048"
"0xfff934214050","      USHF.R.S32.HI UR19, URZ, 0x1f, UR12","2048"
"0xfff934214060","      USHF.R.S32.HI UR57, URZ, 0x1f, UR64","2048"
"0xfff934214070","      UIMAD UR21, UR21, UR13, URZ","2048"
"0xfff934214080","      UIMAD UR57, UR57, UR13, URZ","2048"
"0xfff934214090","      UMOV UR18, UR12","2048"
"0xfff9342140a0","      UIMAD UR21, UR20, UR62, UR21","2048"
"0xfff9342140b0","      UIMAD.WIDE.U32 UR46, UR13, UR62, UR18","2048"
"0xfff9342140c0","      UIMAD.WIDE.U32 UR50, UR13, UR64, UR18","2048"
"0xfff9342140d0","      UIMAD UR20, UR20, UR64, UR57","2048"
"0xfff9342140e0","      LDCU UR56, c[0x0][0x6a0]","2048"
"0xfff9342140f0","      LDCU UR55, c[0x0][0xa20]","2048"
"0xfff934214100","      UIADD3 UR21, UPT, UPT, UR47, UR21, URZ","2048"
"0xfff934214110","      UIADD3 UR20, UPT, UPT, UR51, UR20, URZ","2048"
"0xfff934214120","      LDCU.64 UR10, c[0x0][0x680]","2048"
"0xfff934214130","      USHF.R.S32.HI UR61, URZ, 0x1f, UR63","2048"
"0xfff934214140","      UIMAD UR47, UR21, UR63, URZ","2048"
"0xfff934214150","      USHF.R.S32.HI UR60, URZ, 0x1f, UR65","2048"
"0xfff934214160","      UIMAD UR51, UR20, UR65, URZ","2048"
"0xfff934214170","      LDCU.64 UR16, c[0x0][0xa00]","2048"
"0xfff934214180","      UIMAD.WIDE.U32 UR18, UR46, UR63, URZ","2048"
"0xfff934214190","      UIMAD UR61, UR61, UR46, UR47","2048"
"0xfff9342141a0","      UIMAD.WIDE.U32 UR20, UR50, UR65, URZ","2048"
"0xfff9342141b0","      UIMAD UR51, UR60, UR50, UR51","2048"
"0xfff9342141c0","      UIADD3 UR60, UPT, UPT, UR19, UR61, URZ","2048"
"0xfff9342141d0","      UIADD3 UR19, UPT, UPT, UR21, UR51, URZ","2048"
"0xfff9342141e0","      USHF.R.S32.HI UR57, URZ, 0x1f, UR55","2048"
"0xfff9342141f0","      UIMAD.WIDE.U32 UR46, UR18, UR56, URZ","2048"
"0xfff934214200","      UIMAD.WIDE.U32 UR50, UR20, UR55, URZ","2048"
"0xfff934214210","      USHF.R.S32.HI UR54, URZ, 0x1f, UR56","2048"
"0xfff934214220","      UIMAD UR60, UR60, UR56, URZ","2048"
"0xfff934214230","      UIMAD UR55, UR19, UR55, URZ","2048"
"0xfff934214240","      ULEA UR19, UP0, UR46, UR10, 0x2","2048"
"0xfff934214250","      UIMAD UR18, UR54, UR18, UR60","2048"
"0xfff934214260","      UIMAD UR10, UR57, UR20, UR55","2048"
"0xfff934214270","      ULEA UR16, UP1, UR50, UR16, 0x2","2048"
"0xfff934214280","      IMAD.U32 R6, RZ, RZ, UR19","2048"
"0xfff934214290","      UIADD3 UR18, UPT, UPT, UR47, UR18, URZ","2048"
"0xfff9342142a0","      UIADD3 UR10, UPT, UPT, UR51, UR10, URZ","2048"
"0xfff9342142b0","      ULEA.HI.X UR11, UR46, UR11, UR18, 0x2, UP0","2048"
"0xfff9342142c0","      IMAD.U32 R4, RZ, RZ, UR16","2048"
"0xfff9342142d0","      ULEA.HI.X UR17, UR50, UR17, UR10, 0x2, UP1","2048"
"0xfff9342142e0","      IMAD.U32 R7, RZ, RZ, UR11","2048"
"0xfff9342142f0","      IMAD.U32 R5, RZ, RZ, UR17","2048"
"0xfff934214300","      LDG.E R6, desc[UR40][R6.64]","2048"
"0xfff934214310","      LDG.E R4, desc[UR40][R4.64]","2048"
"0xfff934214320","      BSYNC.RECONVERGENT B0","4096"
"0xfff934214330","      S2UR UR16, SR_CgaCtaId","2048"
"0xfff934214340","      UMOV UR10, 0x400","2048"
"0xfff934214350","      IMAD.U32 R5, RZ, RZ, UR5","2048"
"0xfff934214360","      UIADD3 UR11, UPT, UPT, UR10, 0x668, URZ","2048"
"0xfff934214370","      SHFL.IDX PT, R6, R6, RZ, 0x1f","2048"
"0xfff934214380","      IMAD.U32 R8, RZ, RZ, UR9","2048"
"0xfff934214390","      SHF.L.U32 R5, R5, 0x1f, RZ","2048"
"0xfff9342143a0","      SHFL.IDX PT, R4, R4, RZ, 0x1f","2048"
"0xfff9342143b0","      ULEA UR11, UR16, UR11, 0x18","2048"
"0xfff9342143c0","      SYNCS.PHASECHK.TRANS64.TRYWAIT P0, [UR11], R5","2048"
"0xfff9342143d0","@!P0  BRA 0xfff934216500","2048"
"0xfff9342143e0","      UIADD3 UR10, UPT, UPT, UR10, 0x680, URZ","2048"
"0xfff9342143f0","      IMAD.U32 R5, RZ, RZ, UR4","2048"
"0xfff934214400","      ULOP3.LUT UR4, UR4, 0x1, URZ, 0x3c, !UPT","2048"
"0xfff934214410","      IMAD.U32 R41, RZ, RZ, UR15","2048"
"0xfff934214420","      ULEA UR10, UR16, UR10, 0x18","2048"
"0xfff934214430","      SHF.L.U32 R5, R5, 0x1f, RZ","2048"
"0xfff934214440","      VIADDMNMX R41, R41, -R8, UR15, PT","2048"
"0xfff934214450","      ISETP.GE.AND P1, PT, R41, 0x2, PT","2048"
"0xfff934214460","      SYNCS.PHASECHK.TRANS64.TRYWAIT P0, [UR10], R5","2048"
"0xfff934214470","@!P0  BRA 0xfff934216530","2048"
"0xfff934214480","      FMUL R5, R6, 0.10408341139554977417","2048"
"0xfff934214490","      ULOP3.LUT UR9, UR5, 0x1, URZ, 0x3c, !UPT","2048"
"0xfff9342144a0","      FMUL R42, R4, R5","2048"
"0xfff9342144b0","@!P1  BRA 0xfff934214c20","2048"
"0xfff9342144c0","      UMOV UR16, 0x1","1984"
"0xfff9342144d0","      IMAD.U32 R4, RZ, RZ, UR9","31744"
"0xfff9342144e0","      UMOV UR5, UR9","31744"
"0xfff9342144f0","      SHF.L.U32 R4, R4, 0x1f, RZ","31744"
"0xfff934214500","      SYNCS.PHASECHK.TRANS64.TRYWAIT P0, [UR11], R4","31744"
"0xfff934214510","@!P0  BRA 0xfff934216560","31744"
"0xfff934214520","      LDS R44, [R2+UR33]","31744"
"0xfff934214530","      ISETP.NE.AND P2, PT, R3, RZ, PT","31744"
"0xfff934214540","      IMAD.U32 R43, RZ, RZ, UR4","31744"
"0xfff934214550","      SHF.L.U32 R43, R43, 0x1f, RZ","31744"
"0xfff934214560","@!P2  S2R R5, SR_CgaCtaId","31744"
"0xfff934214570","@!P2  MOV R4, 0x400","31744"
"0xfff934214580","@!P2  VIADD R4, R4, 0x678","31744"
"0xfff934214590","      FSETP.GEU.AND P1, PT, R44, 0.99900001287460327148, PT","31744"
"0xfff9342145a0","@!P2  LEA R40, R5, R4, 0x18","31744"
"0xfff9342145b0","      VOTE.ANY P0, !P1","31744"
"0xfff9342145c0","@!P0  BRA 0xfff934214b90","31744"
"0xfff9342145d0","      R2UR UR9, R39","28161"
"0xfff9342145e0","      R2UR UR17, R39","28161"
"0xfff9342145f0","      FSEL R44, R44, 1, !P1","28161"
"0xfff934214600","      LDTM.x16 R20, tmem[UR9+0x100]","28161"
"0xfff934214610","      NOP","28161"
"0xfff934214620","      FMUL2 R20, R20.F32x2.HI_LO, R44.F32","28161"
"0xfff934214630","      FMUL2 R22, R22.F32x2.HI_LO, R44.F32","28161"
"0xfff934214640","      FMUL2 R24, R24.F32x2.HI_LO, R44.F32","28161"
"0xfff934214650","      FMUL2 R26, R26.F32x2.HI_LO, R44.F32","28161"
"0xfff934214660","      FMUL2 R28, R28.F32x2.HI_LO, R44.F32","28161"
"0xfff934214670","      FMUL2 R30, R30.F32x2.HI_LO, R44.F32","28161"
"0xfff934214680","      FMUL2 R32, R32.F32x2.HI_LO, R44.F32","28161"
"0xfff934214690","      FMUL2 R34, R34.F32x2.HI_LO, R44.F32","28161"
"0xfff9342146a0","      STTM.x16 tmem[UR9+0x100], R20","28161"
"0xfff9342146b0","      LDTM.x16 R4, tmem[UR17+0x110]","28161"
"0xfff9342146c0","      NOP","28161"
"0xfff9342146d0","      FMUL2 R4, R4.F32x2.HI_LO, R44.F32","28161"
"0xfff9342146e0","      FMUL2 R6, R6.F32x2.HI_LO, R44.F32","28161"
"0xfff9342146f0","      FMUL2 R8, R8.F32x2.HI_LO, R44.F32","28161"
"0xfff934214700","      FMUL2 R10, R10.F32x2.HI_LO, R44.F32","28161"
"0xfff934214710","      FMUL2 R12, R12.F32x2.HI_LO, R44.F32","28161"
"0xfff934214720","      FMUL2 R14, R14.F32x2.HI_LO, R44.F32","28161"
"0xfff934214730","      FMUL2 R16, R16.F32x2.HI_LO, R44.F32","28161"
"0xfff934214740","      FMUL2 R18, R18.F32x2.HI_LO, R44.F32","28161"
"0xfff934214750","      STTM.x16 tmem[UR9+0x110], R4","28161"
"0xfff934214760","      LDTM.x16 R20, tmem[UR17+0x120]","28161"
"0xfff934214770","      NOP","28161"
"0xfff934214780","      FMUL2 R20, R20.F32x2.HI_LO, R44.F32","28161"
"0xfff934214790","      FMUL2 R22, R22.F32x2.HI_LO, R44.F32","28161"
"0xfff9342147a0","      FMUL2 R24, R24.F32x2.HI_LO, R44.F32","28161"
"0xfff9342147b0","      FMUL2 R26, R26.F32x2.HI_LO, R44.F32","28161"
"0xfff9342147c0","      FMUL2 R28, R28.F32x2.HI_LO, R44.F32","28161"
"0xfff9342147d0","      FMUL2 R30, R30.F32x2.HI_LO, R44.F32","28161"
"0xfff9342147e0","      FMUL2 R32, R32.F32x2.HI_LO, R44.F32","28161"
"0xfff9342147f0","      FMUL2 R34, R34.F32x2.HI_LO, R44.F32","28161"
"0xfff934214800","      STTM.x16 tmem[UR9+0x120], R20","28161"
"0xfff934214810","      LDTM.x16 R4, tmem[UR17+0x130]","28161"
"0xfff934214820","      NOP","28161"
"0xfff934214830","      FMUL2 R4, R4.F32x2.HI_LO, R44.F32","28161"
"0xfff934214840","      FMUL2 R6, R6.F32x2.HI_LO, R44.F32","28161"
"0xfff934214850","      FMUL2 R8, R8.F32x2.HI_LO, R44.F32","28161"
"0xfff934214860","      FMUL2 R10, R10.F32x2.HI_LO, R44.F32","28161"
"0xfff934214870","      FMUL2 R12, R12.F32x2.HI_LO, R44.F32","28161"
"0xfff934214880","      FMUL2 R14, R14.F32x2.HI_LO, R44.F32","28161"
"0xfff934214890","      FMUL2 R16, R16.F32x2.HI_LO, R44.F32","28161"
"0xfff9342148a0","      FMUL2 R18, R18.F32x2.HI_LO, R44.F32","28161"
"0xfff9342148b0","      STTM.x16 tmem[UR9+0x130], R4","28161"
"0xfff9342148c0","      LDTM.x16 R20, tmem[UR17+0x140]","28161"
"0xfff9342148d0","      NOP","28161"
"0xfff9342148e0","      FMUL2 R20, R20.F32x2.HI_LO, R44.F32","28161"
"0xfff9342148f0","      FMUL2 R22, R22.F32x2.HI_LO, R44.F32","28161"
"0xfff934214900","      FMUL2 R24, R24.F32x2.HI_LO, R44.F32","28161"
"0xfff934214910","      FMUL2 R26, R26.F32x2.HI_LO, R44.F32","28161"
"0xfff934214920","      FMUL2 R28, R28.F32x2.HI_LO, R44.F32","28161"
"0xfff934214930","      FMUL2 R30, R30.F32x2.HI_LO, R44.F32","28161"
"0xfff934214940","      FMUL2 R32, R32.F32x2.HI_LO, R44.F32","28161"
"0xfff934214950","      FMUL2 R34, R34.F32x2.HI_LO, R44.F32","28161"
"0xfff934214960","      STTM.x16 tmem[UR9+0x140], R20","28161"
"0xfff934214970","      LDTM.x16 R4, tmem[UR17+0x150]","28161"
"0xfff934214980","      NOP","28161"
"0xfff934214990","      FMUL2 R4, R4.F32x2.HI_LO, R44.F32","28161"
"0xfff9342149a0","      FMUL2 R6, R6.F32x2.HI_LO, R44.F32","28161"
"0xfff9342149b0","      FMUL2 R8, R8.F32x2.HI_LO, R44.F32","28161"
"0xfff9342149c0","      FMUL2 R10, R10.F32x2.HI_LO, R44.F32","28161"
"0xfff9342149d0","      FMUL2 R12, R12.F32x2.HI_LO, R44.F32","28161"
"0xfff9342149e0","      FMUL2 R14, R14.F32x2.HI_LO, R44.F32","28161"
"0xfff9342149f0","      FMUL2 R16, R16.F32x2.HI_LO, R44.F32","28161"
"0xfff934214a00","      FMUL2 R18, R18.F32x2.HI_LO, R44.F32","28161"
"0xfff934214a10","      STTM.x16 tmem[UR9+0x150], R4","28161"
"0xfff934214a20","      LDTM.x16 R20, tmem[UR17+0x160]","28161"
"0xfff934214a30","      NOP","28161"
"0xfff934214a40","      FMUL2 R20, R20.F32x2.HI_LO, R44.F32","28161"
"0xfff934214a50","      FMUL2 R22, R22.F32x2.HI_LO, R44.F32","28161"
"0xfff934214a60","      FMUL2 R24, R24.F32x2.HI_LO, R44.F32","28161"
"0xfff934214a70","      FMUL2 R26, R26.F32x2.HI_LO, R44.F32","28161"
"0xfff934214a80","      FMUL2 R28, R28.F32x2.HI_LO, R44.F32","28161"
"0xfff934214a90","      FMUL2 R30, R30.F32x2.HI_LO, R44.F32","28161"
"0xfff934214aa0","      FMUL2 R32, R32.F32x2.HI_LO, R44.F32","28161"
"0xfff934214ab0","      FMUL2 R34, R34.F32x2.HI_LO, R44.F32","28161"
"0xfff934214ac0","      STTM.x16 tmem[UR9+0x160], R20","28161"
"0xfff934214ad0","      LDTM.x16 R4, tmem[UR17+0x170]","28161"
"0xfff934214ae0","      NOP","28161"
"0xfff934214af0","      FMUL2 R4, R4.F32x2.HI_LO, R44.F32","28161"
"0xfff934214b00","      FMUL2 R6, R6.F32x2.HI_LO, R44.F32","28161"
"0xfff934214b10","      FMUL2 R8, R8.F32x2.HI_LO, R44.F32","28161"
"0xfff934214b20","      FMUL2 R10, R10.F32x2.HI_LO, R44.F32","28161"
"0xfff934214b30","      FMUL2 R12, R12.F32x2.HI_LO, R44.F32","28161"
"0xfff934214b40","      FMUL2 R14, R14.F32x2.HI_LO, R44.F32","28161"
"0xfff934214b50","      FMUL2 R16, R16.F32x2.HI_LO, R44.F32","28161"
"0xfff934214b60","      FMUL2 R18, R18.F32x2.HI_LO, R44.F32","28161"
"0xfff934214b70","      STTM.x16 tmem[UR9+0x170], R4","28161"
"0xfff934214b80","      FENCE.VIEW.ASYNC.T","28161"
"0xfff934214b90","      BAR.SYNC.DEFER_BLOCKING 0x1, 0x80","31744"
"0xfff934214ba0","      UIADD3 UR16, UPT, UPT, UR16, 0x1, URZ","31744"
"0xfff934214bb0","      ISETP.NE.AND P1, PT, R41, UR16, PT","31744"
"0xfff934214bc0","@!P2  SYNCS.ARRIVE.TRANS64.A1T0 RZ, [R40+URZ], RZ","31744"
"0xfff934214bd0","      SYNCS.PHASECHK.TRANS64.TRYWAIT P0, [UR10], R43","31744"
"0xfff934214be0","@!P0  BRA 0xfff9342165b0","31744"
"0xfff934214bf0","      ULOP3.LUT UR4, UR4, 0x1, URZ, 0x3c, !UPT","31744"
"0xfff934214c00","      ULOP3.LUT UR9, UR5, 0x1, URZ, 0x3c, !UPT","31744"
"0xfff934214c10","@P1   BRA 0xfff9342144d0","31744"
"0xfff934214c20","      IMAD.U32 R4, RZ, RZ, UR9","2048"
"0xfff934214c30","      S2UR UR16, SR_CgaCtaId","2048"
"0xfff934214c40","      UMOV UR9, 0x400","2048"
"0xfff934214c50","      UIADD3 UR10, UPT, UPT, UR9, 0x200, URZ","2048"
"0xfff934214c60","      SHF.L.U32 R4, R4, 0x1f, RZ","2048"
"0xfff934214c70","      SYNCS.PHASECHK.TRANS64.TRYWAIT P0, [UR11], R4","2048"
"0xfff934214c80","      ULEA UR10, UR16, UR10, 0x18","2048"
"0xfff934214c90","      LEA R20, R3, UR10, 0x2","2048"
"0xfff934214ca0","@!P0  BRA 0xfff9342165e0","2048"
"0xfff934214cb0","      LDS R20, [R20]","2048"
"0xfff934214cc0","      UIADD3 UR10, UPT, UPT, UR9, 0x400, URZ","2048"
"0xfff934214cd0","      SHF.L.U32 R8, R38, 0x1f, RZ","2048"
"0xfff934214ce0","      UIADD3 UR9, UPT, UPT, UR9, 0x670, URZ","2048"
"0xfff934214cf0","      ULEA UR10, UR16, UR10, 0x18","2048"
"0xfff934214d00","      ULEA UR9, UR16, UR9, 0x18","2048"
"0xfff934214d10","      LDCU UR11, c[0x0][0xc38]","2048"
"0xfff934214d20","      LEA R4, R3, UR10, 0x2","2048"
"0xfff934214d30","      LDS R5, [R4]","2048"
"0xfff934214d40","      SYNCS.PHASECHK.TRANS64.TRYWAIT P0, [UR9], R8","2048"
"0xfff934214d50","      FSETP.NE.AND P2, PT, R20, RZ, PT","2048"
"0xfff934214d60","      ISETP.NE.OR P1, PT, RZ, UR11, !P2","2048"
"0xfff934214d70","      FSEL R6, R20, 1, P2","2048"
"0xfff934214d80","      MUFU.RCP R6, R6","2048"
"0xfff934214d90","@!P1  MUFU.LG2 R7, R20","2048"
"0xfff934214da0","@!P0  BRA 0xfff934216610","2048"
"0xfff934214db0","      DEPBAR.LE SB0, 0x0","2048"
"0xfff934214dc0","      BAR.SYNC.DEFER_BLOCKING 0x1, 0x80","2048"
"0xfff934214dd0","      ISETP.NE.AND P0, PT, RZ, UR11, PT","2048"
"0xfff934214de0","@!P1  FFMA R5, R42, R5, R7","2048"
"0xfff934214df0","      IMAD.MOV.U32 R22, RZ, RZ, RZ","2048"
"0xfff934214e00","      FMUL R23, R6, 1.0333994396205525845e-05","2048"
"0xfff934214e10","      FSEL R21, RZ, -INF , P0","2048"
"0xfff934214e20","@!P1  FMUL R21, R5, 0.69314718246459960938","2048"
"0xfff934214e30","      IMAD.IADD R28, R39, 0x1, R22","8192"
"0xfff934214e40","      BSSY.RECONVERGENT B0, 0xfff934214f10","8192"
"0xfff934214e50","      IMAD R33, R22, 0x100, R37","8192"
"0xfff934214e60","      R2UR UR9, R28","8192"
"0xfff934214e70","      VIADD R24, R33, 0x10","8192"
"0xfff934214e80","      SHF.R.U32.HI R25, RZ, 0x3, R24","8192"
"0xfff934214e90","      LDTM.x16 R4, tmem[UR9+0x100]","8192"
"0xfff934214ea0","      NOP","8192"
"0xfff934214eb0","@P2   BRA 0xfff934214f00","8192"
"0xfff934214ec0","      CS2R R4, SRZ","0"
"0xfff934214ed0","      CS2R R6, SRZ","0"
"0xfff934214ee0","      CS2R R8, SRZ","0"
"0xfff934214ef0","      CS2R R10, SRZ","0"
"0xfff934214f00","      BSYNC.RECONVERGENT B0","8192"
"0xfff934214f10","      FMUL2 R4, R4.F32x2.HI_LO, R23.F32","8192"
"0xfff934214f20","      BSSY.RECONVERGENT B0, 0xfff934214fe0","8192"
"0xfff934214f30","      LOP3.LUT R34, R24, 0x30, R25, 0x78, !PT","8192"
"0xfff934214f40","      FMUL2 R6, R6.F32x2.HI_LO, R23.F32","8192"
"0xfff934214f50","      FMUL2 R8, R8.F32x2.HI_LO, R23.F32","8192"
"0xfff934214f60","      F2FP.BF16.F32.PACK_AB R24, R5, R4","8192"
"0xfff934214f70","      FMUL2 R10, R10.F32x2.HI_LO, R23.F32","8192"
"0xfff934214f80","@P2   BRA 0xfff934214fd0","8192"
"0xfff934214f90","      CS2R R12, SRZ","0"
"0xfff934214fa0","      CS2R R14, SRZ","0"
"0xfff934214fb0","      CS2R R16, SRZ","0"
"0xfff934214fc0","      CS2R R18, SRZ","0"
"0xfff934214fd0","      BSYNC.RECONVERGENT B0","8192"
"0xfff934214fe0","      R2UR UR9, R28","8192"
"0xfff934214ff0","      FMUL2 R12, R12.F32x2.HI_LO, R23.F32","8192"
"0xfff934215000","      FSETP.NE.AND P2, PT, R20, RZ, PT","8192"
"0xfff934215010","      FMUL2 R14, R14.F32x2.HI_LO, R23.F32","8192"
"0xfff934215020","      F2FP.BF16.F32.PACK_AB R25, R7, R6","8192"
"0xfff934215030","      FMUL2 R16, R16.F32x2.HI_LO, R23.F32","8192"
"0xfff934215040","      F2FP.BF16.F32.PACK_AB R26, R9, R8","8192"
"0xfff934215050","      FMUL2 R18, R18.F32x2.HI_LO, R23.F32","8192"
"0xfff934215060","      F2FP.BF16.F32.PACK_AB R27, R11, R10","8192"
"0xfff934215070","      BSSY.RECONVERGENT B0, 0xfff934215180","8192"
"0xfff934215080","      LOP3.LUT R32, R36, R33, RZ, 0x3c, !PT","8192"
"0xfff934215090","      VIADD R35, R33, 0x20","8192"
"0xfff9342150a0","      F2FP.BF16.F32.PACK_AB R28, R13, R12","8192"
"0xfff9342150b0","      F2FP.BF16.F32.PACK_AB R29, R15, R14","8192"
"0xfff9342150c0","      STS.128 [R32], R24","8192"
"0xfff9342150d0","      F2FP.BF16.F32.PACK_AB R30, R17, R16","8192"
"0xfff9342150e0","      F2FP.BF16.F32.PACK_AB R31, R19, R18","8192"
"0xfff9342150f0","      LDTM.x16 R4, tmem[UR9+0x110]","8192"
"0xfff934215100","      STS.128 [R34], R28","8192"
"0xfff934215110","      NOP","8192"
"0xfff934215120","@P2   BRA 0xfff934215170","8192"
"0xfff934215130","      CS2R R4, SRZ","0"
"0xfff934215140","      CS2R R6, SRZ","0"
"0xfff934215150","      CS2R R8, SRZ","0"
"0xfff934215160","      CS2R R10, SRZ","0"
"0xfff934215170","      BSYNC.RECONVERGENT B0","8192"
"0xfff934215180","      FMUL2 R4, R4.F32x2.HI_LO, R23.F32","8192"
"0xfff934215190","      SHF.R.U32.HI R24, RZ, 0x3, R35","8192"
"0xfff9342151a0","      FMUL2 R6, R6.F32x2.HI_LO, R23.F32","8192"
"0xfff9342151b0","      BSSY.RECONVERGENT B0, 0xfff9342152a0","8192"
"0xfff9342151c0","      FMUL2 R8, R8.F32x2.HI_LO, R23.F32","8192"
"0xfff9342151d0","      F2FP.BF16.F32.PACK_AB R4, R5, R4","8192"
"0xfff9342151e0","      FMUL2 R10, R10.F32x2.HI_LO, R23.F32","8192"
"0xfff9342151f0","      F2FP.BF16.F32.PACK_AB R5, R7, R6","8192"
"0xfff934215200","      LOP3.LUT R24, R35, 0x30, R24, 0x78, !PT","8192"
"0xfff934215210","      F2FP.BF16.F32.PACK_AB R6, R9, R8","8192"
"0xfff934215220","      F2FP.BF16.F32.PACK_AB R7, R11, R10","8192"
"0xfff934215230","      STS.128 [R24], R4","8192"
"0xfff934215240","@P2   BRA 0xfff934215290","8192"
"0xfff934215250","      CS2R R12, SRZ","0"
"0xfff934215260","      CS2R R14, SRZ","0"
"0xfff934215270","      CS2R R16, SRZ","0"
"0xfff934215280","      CS2R R18, SRZ","0"
"0xfff934215290","      BSYNC.RECONVERGENT B0","8192"
"0xfff9342152a0","      VIADD R33, R33, 0x30","8192"
"0xfff9342152b0","      FMUL2 R12, R12.F32x2.HI_LO, R23.F32","8192"
"0xfff9342152c0","      VIADD R22, R22, 0x20","8192"
"0xfff9342152d0","      FMUL2 R14, R14.F32x2.HI_LO, R23.F32","8192"
"0xfff9342152e0","      FMUL2 R16, R16.F32x2.HI_LO, R23.F32","8192"
"0xfff9342152f0","      SHF.R.U32.HI R8, RZ, 0x3, R33","8192"
"0xfff934215300","      FMUL2 R18, R18.F32x2.HI_LO, R23.F32","8192"
"0xfff934215310","      F2FP.BF16.F32.PACK_AB R4, R13, R12","8192"
"0xfff934215320","      F2FP.BF16.F32.PACK_AB R5, R15, R14","8192"
"0xfff934215330","      F2FP.BF16.F32.PACK_AB R6, R17, R16","8192"
"0xfff934215340","      F2FP.BF16.F32.PACK_AB R7, R19, R18","8192"
"0xfff934215350","      LOP3.LUT R8, R33, 0x30, R8, 0x78, !PT","8192"
"0xfff934215360","      ISETP.GE.U32.AND P0, PT, R22, 0x80, PT","8192"
"0xfff934215370","      STS.128 [R8], R4","8192"
"0xfff934215380","@!P0  BRA 0xfff934214e30","8192"
"0xfff934215390","      BAR.SYNC.DEFER_BLOCKING 0x1, 0x80","2048"
"0xfff9342153a0","      ISETP.NE.AND P0, PT, R3, RZ, PT","2048"
"0xfff9342153b0","      BSSY.RECONVERGENT B0, 0xfff934215520","2048"
"0xfff9342153c0","@P0   BRA 0xfff934215510","2048"
"0xfff9342153d0","      S2UR UR11, SR_CgaCtaId","512"
"0xfff9342153e0","      MEMBAR.ALL.CTA","512"
"0xfff9342153f0","      FENCE.VIEW.ASYNC.S","512"
"0xfff934215400","      UIADD3 UR18, UP0, UPT, UR48, 0x780, URZ","512"
"0xfff934215410","      UMOV UR9, 0x400","512"
"0xfff934215420","      UMOV UR16, 0xf0","512"
"0xfff934215430","      UIADD3 UR9, UPT, UPT, UR9, 0x690, URZ","512"
"0xfff934215440","      USHF.L.U32 UR10, UR53, 0x7, URZ","512"
"0xfff934215450","      USHF.R.U32 UR16, UR16, 0x4, URZ","512"
"0xfff934215460","      UMOV UR17, 0x120","512"
"0xfff934215470","      ULOP3.LUT UR17, UR17, 0xf, UR16, 0xf8, !UPT","512"
"0xfff934215480","      USHF.L.U32 UR17, UR17, 0x14, URZ","512"
"0xfff934215490","      UMOV UR16, URZ","512"
"0xfff9342154a0","      UIADD3.X UR19, UPT, UPT, URZ, UR49, URZ, UP0, !UPT","512"
"0xfff9342154b0","      ULEA UR20, UR11, UR9, 0x18","512"
"0xfff9342154c0","      UMOV UR9, URZ","512"
"0xfff9342154d0","      UMOV UR11, URZ","512"
"0xfff9342154e0","      UTMASTG.5D desc[UR16], [UR8], [UR18]","512"
"0xfff9342154f0","      UTMACMDFLUSH","512"
"0xfff934215500","      SYNCS.ARRIVE.TRANS64.A1T0 RZ, [UR20], RZ","512"
"0xfff934215510","      BSYNC.RECONVERGENT B0","2560"
"0xfff934215520","      LDCU UR9, c[0x0][0xc38]","2048"
"0xfff934215530","      UISETP.NE.AND UP0, UPT, UR9, URZ, UPT","2048"
"0xfff934215540","      BRA.U UP0, 0xfff934215710","2048"
"0xfff934215550","      LDCU UR16, c[0x0][0xc10]","2048"
"0xfff934215560","      LDC R9, c[0x0][0xc20]","2048"
"0xfff934215570","      IMAD.U32 R6, RZ, RZ, UR53","2048"
"0xfff934215580","      LDCU UR18, c[0x0][0xc18]","2048"
"0xfff934215590","      IMAD R6, R6, 0x80, R3","2048"
"0xfff9342155a0","      USHF.R.S32.HI UR11, URZ, 0x1f, UR12","2048"
"0xfff9342155b0","      USHF.R.S32.HI UR17, URZ, 0x1f, UR13","2048"
"0xfff9342155c0","      SHF.R.S32.HI R7, RZ, 0x1f, R6","2048"
"0xfff9342155d0","      UMOV UR10, UR12","2048"
"0xfff9342155e0","      USHF.R.S32.HI UR9, URZ, 0x1f, UR16","2048"
"0xfff9342155f0","      UIMAD UR9, UR9, UR13, URZ","2048"
"0xfff934215600","      UIMAD.WIDE.U32 UR12, UR13, UR16, UR10","2048"
"0xfff934215610","      SHF.R.S32.HI R4, RZ, 0x1f, R9","2048"
"0xfff934215620","      UIMAD UR9, UR17, UR16, UR9","2048"
"0xfff934215630","      LDCU.64 UR16, c[0x0][0xc00]","2048"
"0xfff934215640","      UIADD3 UR10, UPT, UPT, UR13, UR9, URZ","2048"
"0xfff934215650","      USHF.R.S32.HI UR9, URZ, 0x1f, UR18","2048"
"0xfff934215660","      UIMAD UR13, UR10, UR18, URZ","2048"
"0xfff934215670","      UIMAD.WIDE.U32 UR10, UR12, UR18, URZ","2048"
"0xfff934215680","      UIMAD UR9, UR9, UR12, UR13","2048"
"0xfff934215690","      UIADD3 UR9, UPT, UPT, UR11, UR9, URZ","2048"
"0xfff9342156a0","      IMAD.WIDE.U32 R6, R9, UR10, R6","2048"
"0xfff9342156b0","      IMAD R5, R9, UR9, RZ","2048"
"0xfff9342156c0","      IMAD R5, R4, UR10, R5","2048"
"0xfff9342156d0","      LEA R4, P0, R6, UR16, 0x2","2048"
"0xfff9342156e0","      IMAD.IADD R5, R7, 0x1, R5","2048"
"0xfff9342156f0","      LEA.HI.X R5, R6, UR17, R5, 0x2, P0","2048"
"0xfff934215700","      STG.E desc[UR40][R4.64], R21","2048"
"0xfff934215710","      LOP3.LUT R38, R38, 0x1, RZ, 0x3c, !PT","2048"
"0xfff934215720","      UIADD3 UR14, UPT, UPT, UR58, UR14, URZ","2048"
"0xfff934215730","      UISETP.GE.AND UP0, UPT, UR14, UR44, UPT","2048"
"0xfff934215740","      BRA.U !UP0, 0xfff934213990","2048"
"0xfff934215750","      DEPBAR.LE SB0, 0x0","2048"
"0xfff934215760","      CCTL.IVALL","2048"
"0xfff934215770","      BSYNC B1","7168"
"0xfff934215780","      ISETP.GT.U32.AND P0, PT, R0, 0x1f, PT","7168"
"0xfff934215790","@P0   EXIT","7168"
"0xfff9342157a0","      S2R R3, SR_CgaCtaId","512"
"0xfff9342157b0","      MOV R0, 0x40","512"
"0xfff9342157c0","      WARPSYNC.ALL","512"
"0xfff9342157d0","      UMOV UR5, 0xffff","512"
"0xfff9342157e0","      UMOV UR8, 0x1","512"
"0xfff9342157f0","      LEA R4, R3, R0, 0x18","512"
"0xfff934215800","      IMAD.U32 R0, RZ, RZ, UR42","512"
"0xfff934215810","      LDS R2, [R4+0x14]","512"
"0xfff934215820","      LOP3.LUT R0, R0, 0xffff, RZ, 0xc0, !PT","512"
"0xfff934215830","      R2UR UR4, R0","512"
"0xfff934215840","      USHF.R.U32.HI UR4, URZ, 0x5, UR4","512"
"0xfff934215850","      USHF.L.U32 UR5, UR5, UR4, URZ","512"
"0xfff934215860","      USHF.L.U32 UR4, UR8, UR4, URZ","512"
"0xfff934215870","      LOP3.LUT R2, R2, UR5, RZ, 0xc0, !PT","512"
"0xfff934215880","      ISETP.NE.AND P0, PT, R2, UR5, PT","512"
"0xfff934215890","@P0   BRA 0xfff934215a00","512"
"0xfff9342158a0","      LDS R0, [R4+0x18]","512"
"0xfff9342158b0","      LOP3.LUT R0, R0, UR4, RZ, 0xc0, !PT","512"
"0xfff9342158c0","      ISETP.NE.AND P0, PT, R0, UR4, PT","512"
"0xfff9342158d0","@P0   BRA 0xfff9342159d0","512"
"0xfff9342158e0","      S2R R2, SR_LANEID","512"
"0xfff9342158f0","      ULOP3.LUT UR5, URZ, UR5, URZ, 0x33, !UPT","512"
"0xfff934215900","      LOP3.LUT R0, RZ, UR4, RZ, 0x33, !PT","512"
"0xfff934215910","      VOTEU.ANY UR4, UPT, PT","512"
"0xfff934215920","      UFLO.U32 UR4, UR4","512"
"0xfff934215930","      REDUX UR7, R0","512"
"0xfff934215940","      IMAD.U32 R5, RZ, RZ, UR5","512"
"0xfff934215950","      UTCATOMSWS.AND URZ, UR5","512"
"0xfff934215960","      REDUX UR6, R5","512"
"0xfff934215970","      IMAD.U32 R3, RZ, RZ, UR7","512"
"0xfff934215980","      ISETP.EQ.U32.AND P0, PT, R2, UR4, PT","512"
"0xfff934215990","      IMAD.U32 R2, RZ, RZ, UR6","512"
"0xfff9342159a0","@P0   ATOMS.AND RZ, [R4+0x14], R2","512"
"0xfff9342159b0","@P0   ATOMS.AND RZ, [R4+0x18], R3","512"
"0xfff9342159c0","      BRA 0xfff934215a20","512"
"0xfff9342159d0","      MOV R2, 0x10770","0"
"0xfff9342159e0","      CALL.REL.NOINC 0xfff934216640","0"
"0xfff9342159f0","      BRA 0xfff934215a20","0"
"0xfff934215a00","      MOV R2, 0x107a0","0"
"0xfff934215a10","      CALL.REL.NOINC 0xfff9342166b0","0"
"0xfff934215a20","      NOP","512"
"0xfff934215a30","      EXIT","512"
"0xfff934215a40","      IMAD.MOV.U32 R6, RZ, RZ, -0x1","0"
"0xfff934215a50","      WARPSYNC.COLLECTIVE R6, 0xfff934215a90","0"
"0xfff934215a60","      ELECT P0, UR79, PT","0"
"0xfff934215a70","      MOV R6, UR79","0"
"0xfff934215a80","      ENDCOLLECTIVE","0"
"0xfff934215a90","      BRA 0xfff9342068a0","0"
"0xfff934215aa0","      YIELD","0"
"0xfff934215ab0","      SYNCS.PHASECHK.TRANS64.TRYWAIT P2, [R9+URZ], R6","0"
"0xfff934215ac0","@!P2  BRA 0xfff934215aa0","0"
"0xfff934215ad0","      BRA 0xfff9342074c0","0"
"0xfff934215ae0","      YIELD","0"
"0xfff934215af0","      SYNCS.PHASECHK.TRANS64.TRYWAIT P2, [R7+URZ], R2","0"
"0xfff934215b00","@!P2  BRA 0xfff934215ae0","0"
"0xfff934215b10","      BRA 0xfff934207850","0"
"0xfff934215b20","      YIELD","0"
"0xfff934215b30","      SYNCS.PHASECHK.TRANS64.TRYWAIT P2, [R7+URZ], R2","0"
"0xfff934215b40","@!P2  BRA 0xfff934215b20","0"
"0xfff934215b50","      BRA 0xfff934207a00","0"
"0xfff934215b60","      YIELD","427628"
"0xfff934215b70","      SYNCS.PHASECHK.TRANS64.TRYWAIT P2, [R106+URZ], R105","427628"
"0xfff934215b80","@!P2  BRA 0xfff934215b60","427628"
"0xfff934215b90","      BRA 0xfff934207e00","15888"
"0xfff934215ba0","      BSSY B3, 0xfff934215c00","14880"
"0xfff934215bb0","      IMAD.MOV.U32 R6, RZ, RZ, -0x1","14880"
"0xfff934215bc0","      WARPSYNC.COLLECTIVE R6, 0xfff934215bf0","14880"
"0xfff934215bd0","      NOP","7440"
"0xfff934215be0","      ENDCOLLECTIVE","7440"
"0xfff934215bf0","      BSYNC B3","14880"
"0xfff934215c00","      BRA 0xfff934207e40","14880"
"0xfff934215c10","      YIELD","70056"
"0xfff934215c20","      SYNCS.PHASECHK.TRANS64.TRYWAIT P2, [R106+URZ], R17","70056"
"0xfff934215c30","@!P2  BRA 0xfff934215c10","70056"
"0xfff934215c40","      BRA 0xfff934208410","14916"
"0xfff934215c50","      BSSY B3, 0xfff934215cb0","14880"
"0xfff934215c60","      IMAD.MOV.U32 R6, RZ, RZ, -0x1","14880"
"0xfff934215c70","      WARPSYNC.COLLECTIVE R6, 0xfff934215ca0","14880"
"0xfff934215c80","      NOP","7440"
"0xfff934215c90","      ENDCOLLECTIVE","7440"
"0xfff934215ca0","      BSYNC B3","14880"
"0xfff934215cb0","      BRA 0xfff934208450","14880"
"0xfff934215cc0","      YIELD","19071"
"0xfff934215cd0","      SYNCS.PHASECHK.TRANS64.TRYWAIT P2, [R106+URZ], R105","19071"
"0xfff934215ce0","@!P2  BRA 0xfff934215cc0","19071"
"0xfff934215cf0","      BRA 0xfff9342084b0","14880"
"0xfff934215d00","      BSSY B3, 0xfff934215d60","14880"
"0xfff934215d10","      IMAD.MOV.U32 R6, RZ, RZ, -0x1","14880"
"0xfff934215d20","      WARPSYNC.COLLECTIVE R6, 0xfff934215d50","14880"
"0xfff934215d30","      NOP","7440"
"0xfff934215d40","      ENDCOLLECTIVE","7440"
"0xfff934215d50","      BSYNC B3","14880"
"0xfff934215d60","      BRA 0xfff9342084f0","14880"
"0xfff934215d70","      IMAD.MOV.U32 R6, RZ, RZ, -0x1","0"
"0xfff934215d80","      WARPSYNC.COLLECTIVE R6, 0xfff934215dc0","0"
"0xfff934215d90","      ELECT P0, UR79, PT","0"
"0xfff934215da0","      MOV R6, UR79","0"
"0xfff934215db0","      ENDCOLLECTIVE","0"
"0xfff934215dc0","      BRA 0xfff934208790","0"
"0xfff934215dd0","      YIELD","0"
"0xfff934215de0","      SYNCS.PHASECHK.TRANS64.TRYWAIT P0, [R50+URZ], R47","0"
"0xfff934215df0","@!P0  BRA 0xfff934215dd0","0"
"0xfff934215e00","      BRA 0xfff9342091b0","0"
"0xfff934215e10","      YIELD","7933"
"0xfff934215e20","      SYNCS.PHASECHK.TRANS64.TRYWAIT P0, [R59+URZ], R48","7933"
"0xfff934215e30","@!P0  BRA 0xfff934215e10","7933"
"0xfff934215e40","      BRA 0xfff934209220","512"
"0xfff934215e50","      YIELD","0"
"0xfff934215e60","      SYNCS.PHASECHK.TRANS64.TRYWAIT P0, [R49+URZ], R48","0"
"0xfff934215e70","@!P0  BRA 0xfff934215e50","0"
"0xfff934215e80","      BRA 0xfff9342092a0","0"
"0xfff934215e90","      YIELD","6657"
"0xfff934215ea0","      SYNCS.PHASECHK.TRANS64.TRYWAIT P0, [R50+URZ], R47","6657"
"0xfff934215eb0","@!P0  BRA 0xfff934215e90","6657"
"0xfff934215ec0","      BRA 0xfff934209340","512"
"0xfff934215ed0","      YIELD","2081"
"0xfff934215ee0","      SYNCS.PHASECHK.TRANS64.TRYWAIT P0, [R52+URZ], R19","2081"
"0xfff934215ef0","@!P0  BRA 0xfff934215ed0","2081"
"0xfff934215f00","      BRA 0xfff934209370","512"
"0xfff934215f10","      YIELD","1365"
"0xfff934215f20","      SYNCS.PHASECHK.TRANS64.TRYWAIT P0, [R48+URZ], R19","1365"
"0xfff934215f30","@!P0  BRA 0xfff934215f10","1365"
"0xfff934215f40","      BRA 0xfff934209be0","16"
"0xfff934215f50","      YIELD","4472"
"0xfff934215f60","      SYNCS.PHASECHK.TRANS64.TRYWAIT P0, [R48+URZ], R19","4472"
"0xfff934215f70","@!P0  BRA 0xfff934215f50","4472"
"0xfff934215f80","      BRA 0xfff934209cc0","16"
"0xfff934215f90","      YIELD","15748"
"0xfff934215fa0","      SYNCS.PHASECHK.TRANS64.TRYWAIT P1, [R49+URZ], R52","15748"
"0xfff934215fb0","@!P1  BRA 0xfff934215f90","15748"
"0xfff934215fc0","      BRA 0xfff93420a120","496"
"0xfff934215fd0","      YIELD","1900"
"0xfff934215fe0","      SYNCS.PHASECHK.TRANS64.TRYWAIT P1, [R51+URZ], R48","1900"
"0xfff934215ff0","@!P1  BRA 0xfff934215fd0","1900"
"0xfff934216000","      BRA 0xfff93420a150","496"
"0xfff934216010","      YIELD","42184"
"0xfff934216020","      SYNCS.PHASECHK.TRANS64.TRYWAIT P1, [R49+URZ], R48","42184"
"0xfff934216030","@!P1  BRA 0xfff934216010","42184"
"0xfff934216040","      BRA 0xfff93420a770","496"
"0xfff934216050","      YIELD","85428"
"0xfff934216060","      SYNCS.PHASECHK.TRANS64.TRYWAIT P1, [R49+URZ], R48","85428"
"0xfff934216070","@!P1  BRA 0xfff934216050","85428"
"0xfff934216080","      BRA 0xfff93420a850","496"
"0xfff934216090","      YIELD","1666498"
"0xfff9342160a0","      SYNCS.PHASECHK.TRANS64.TRYWAIT P1, [R52+URZ], R19","1666498"
"0xfff9342160b0","@!P1  BRA 0xfff934216090","1666498"
"0xfff9342160c0","      BRA 0xfff93420ac10","7440"
"0xfff9342160d0","      YIELD","1444905"
"0xfff9342160e0","      SYNCS.PHASECHK.TRANS64.TRYWAIT P1, [R52+URZ], R63","1444905"
"0xfff9342160f0","@!P1  BRA 0xfff9342160d0","1444905"
"0xfff934216100","      BRA 0xfff93420ad80","7440"
"0xfff934216110","      YIELD","8520"
"0xfff934216120","      SYNCS.PHASECHK.TRANS64.TRYWAIT P1, [R61+URZ], R54","8520"
"0xfff934216130","@!P1  BRA 0xfff934216110","8520"
"0xfff934216140","      BRA 0xfff93420ae40","7359"
"0xfff934216150","      YIELD","0"
"0xfff934216160","      SYNCS.PHASECHK.TRANS64.TRYWAIT P1, [R65+URZ], R52","0"
"0xfff934216170","@!P1  BRA 0xfff934216150","0"
"0xfff934216180","      BRA 0xfff93420ae90","0"
"0xfff934216190","      YIELD","0"
"0xfff9342161a0","      SYNCS.PHASECHK.TRANS64.TRYWAIT P1, [R51+URZ], R52","0"
"0xfff9342161b0","@!P1  BRA 0xfff934216190","0"
"0xfff9342161c0","      BRA 0xfff93420b4d0","0"
"0xfff9342161d0","      YIELD","0"
"0xfff9342161e0","      SYNCS.PHASECHK.TRANS64.TRYWAIT P1, [R52+URZ], R51","0"
"0xfff9342161f0","@!P1  BRA 0xfff9342161d0","0"
"0xfff934216200","      BRA 0xfff93420b600","0"
"0xfff934216210","      YIELD","81746"
"0xfff934216220","      SYNCS.PHASECHK.TRANS64.TRYWAIT P0, [R50+URZ], R49","81746"
"0xfff934216230","@!P0  BRA 0xfff934216210","81746"
"0xfff934216240","      BRA 0xfff93420ba00","496"
"0xfff934216250","      YIELD","0"
"0xfff934216260","      SYNCS.PHASECHK.TRANS64.TRYWAIT P0, [R49+URZ], R50","0"
"0xfff934216270","@!P0  BRA 0xfff934216250","0"
"0xfff934216280","      BRA 0xfff93420baa0","0"
"0xfff934216290","      YIELD","52252"
"0xfff9342162a0","      SYNCS.PHASECHK.TRANS64.TRYWAIT P0, [R51+URZ], R48","52252"
"0xfff9342162b0","@!P0  BRA 0xfff934216290","52252"
"0xfff9342162c0","      BRA 0xfff93420bc10","401"
"0xfff9342162d0","      YIELD","3146"
"0xfff9342162e0","      SYNCS.PHASECHK.TRANS64.TRYWAIT P1, [R50+URZ], R19","3146"
"0xfff9342162f0","@!P1  BRA 0xfff9342162d0","3146"
"0xfff934216300","      BRA 0xfff93420c140","323"
"0xfff934216310","      YIELD","111301"
"0xfff934216320","      SYNCS.PHASECHK.TRANS64.TRYWAIT P1, [R50+URZ], R19","111301"
"0xfff934216330","@!P1  BRA 0xfff934216310","111301"
"0xfff934216340","      BRA 0xfff93420c250","496"
"0xfff934216350","      YIELD","0"
"0xfff934216360","      SYNCS.PHASECHK.TRANS64.TRYWAIT P1, [R52+URZ], R47","0"
"0xfff934216370","@!P1  BRA 0xfff934216350","0"
"0xfff934216380","      BRA 0xfff93420c440","0"
"0xfff934216390","      YIELD","0"
"0xfff9342163a0","      SYNCS.PHASECHK.TRANS64.TRYWAIT P1, [R60+URZ], R19","0"
"0xfff9342163b0","@!P1  BRA 0xfff934216390","0"
"0xfff9342163c0","      BRA 0xfff93420c460","0"
"0xfff9342163d0","      YIELD","0"
"0xfff9342163e0","      SYNCS.PHASECHK.TRANS64.TRYWAIT P1, [R52+URZ], R19","0"
"0xfff9342163f0","@!P1  BRA 0xfff9342163d0","0"
"0xfff934216400","      BRA 0xfff93420c4d0","0"
"0xfff934216410","      YIELD","0"
"0xfff934216420","      SYNCS.PHASECHK.TRANS64.TRYWAIT P1, [R60+URZ], R19","0"
"0xfff934216430","@!P1  BRA 0xfff934216410","0"
"0xfff934216440","      BRA 0xfff93420c540","0"
"0xfff934216450","      SYNCS.PHASECHK.TRANS64.TRYWAIT P0, [R7+URZ], R2","0"
"0xfff934216460","@!P0  BRA 0xfff934216450","0"
"0xfff934216470","      BRA 0xfff93420d2b0","0"
"0xfff934216480","      YIELD","18729"
"0xfff934216490","      SYNCS.PHASECHK.TRANS64.TRYWAIT P0, [R7+URZ], R2","18729"
"0xfff9342164a0","@!P0  BRA 0xfff934216480","18729"
"0xfff9342164b0","      BRA 0xfff93420d470","2048"
"0xfff9342164c0","      YIELD","22148"
"0xfff9342164d0","      SYNCS.PHASECHK.TRANS64.TRYWAIT P0, [R151+URZ], R2","22148"
"0xfff9342164e0","@!P0  BRA 0xfff9342164c0","22148"
"0xfff9342164f0","      BRA 0xfff93420d660","7140"
"0xfff934216500","      SYNCS.PHASECHK.TRANS64.TRYWAIT P0, [UR11], R5","108686"
"0xfff934216510","@!P0  BRA 0xfff934216500","108686"
"0xfff934216520","      BRA 0xfff9342143e0","2048"
"0xfff934216530","      SYNCS.PHASECHK.TRANS64.TRYWAIT P0, [UR10], R5","8354"
"0xfff934216540","@!P0  BRA 0xfff934216530","8354"
"0xfff934216550","      BRA 0xfff934214480","2044"
"0xfff934216560","      IMAD.U32 R4, RZ, RZ, UR5","31744"
"0xfff934216570","      SHF.L.U32 R4, R4, 0x1f, RZ","31744"
"0xfff934216580","      SYNCS.PHASECHK.TRANS64.TRYWAIT P0, [UR11], R4","1104648"
"0xfff934216590","@!P0  BRA 0xfff934216580","1104648"
"0xfff9342165a0","      BRA 0xfff934214520","31744"
"0xfff9342165b0","      SYNCS.PHASECHK.TRANS64.TRYWAIT P0, [UR10], R43","241273"
"0xfff9342165c0","@!P0  BRA 0xfff9342165b0","241273"
"0xfff9342165d0","      BRA 0xfff934214bf0","31744"
"0xfff9342165e0","      SYNCS.PHASECHK.TRANS64.TRYWAIT P0, [UR11], R4","559"
"0xfff9342165f0","@!P0  BRA 0xfff9342165e0","559"
"0xfff934216600","      BRA 0xfff934214cb0","44"
"0xfff934216610","      SYNCS.PHASECHK.TRANS64.TRYWAIT P0, [UR9], R8","0"
"0xfff934216620","@!P0  BRA 0xfff934216610","0"
"0xfff934216630","      BRA 0xfff934214db0","0"
"0xfff934216640","      BPT.TRAP 0x1","0"
"0xfff934216650","      IMAD.MOV.U32 R3, RZ, RZ, 0x0","0"
"0xfff934216660","      RET.REL.NODEC R2, 0xfff934205280","0"
"0xfff934216670","      BPT.TRAP 0x1","0"
"0xfff934216680","      IMAD.MOV.U32 R2, RZ, RZ, R4","0"
"0xfff934216690","      IMAD.MOV.U32 R3, RZ, RZ, 0x0","0"
"0xfff9342166a0","      RET.REL.NODEC R2, 0xfff934205280","0"
"0xfff9342166b0","      BPT.TRAP 0x1","0"
"0xfff9342166c0","      IMAD.MOV.U32 R3, RZ, RZ, 0x0","0"
"0xfff9342166d0","      RET.REL.NODEC R2, 0xfff934205280","0"
"0xfff9342166e0","      BRA 0xfff9342166e0","0"
"0xfff9342166f0","      NOP","0"
"0xfff934216700","      NOP","0"
"0xfff934216710","      NOP","0"
"0xfff934216720","      NOP","0"
"0xfff934216730","      NOP","0"
"0xfff934216740","      NOP","0"
"0xfff934216750","      NOP","0"
"0xfff934216760","      NOP","0"
"0xfff934216770","      NOP","0"
