"Kernel Name","void kernel_streaming_live_fp4pv<config_fp4pv_4wg_dual_score_direct_pscale_scorepack_prescaled_floor_x1sc_fusedmax_qkscfix_diagzero_prepub_earlyreuse_arrivereuse_pscreusefold_skippscarrive_pvfeedready_dualaccum_directrescale_decoupled_pstage2_pregs_force_persistent<(int)128, (int)128, (int)192, (int)128, (int)200, (int)56, (int)112, (int)1>, (bool)1, (int)-1, (bool)0, (bool)1>(std::conditional<T5, globals_fp4pv_mxfp4_dv<T1, T2>, globals_fp4pv<T1, T2||!(bool)1>>::type, int, int, int)",
"Address","Source","Instructions Executed"
"0xfff934205280","      LDC R1, c[0x0][0x37c]","8192"
"0xfff934205290","      LDCU UR4, c[0x0][0x718]","8192"
"0xfff9342052a0","      UMOV UR6, 0x1","8192"
"0xfff9342052b0","      UISETP.GT.AND UP0, UPT, UR4, 0x14000, UPT","8192"
"0xfff9342052c0","      BRA.U UP0, 0xfff9342054d0","8192"
"0xfff9342052d0","      UIMAD UR6, UR4, 0x280, URZ","8192"
"0xfff9342052e0","      UMOV UR4, URZ","8192"
"0xfff9342052f0","      IMAD.U32 R3, RZ, RZ, UR6","8192"
"0xfff934205300","      IABS R0, R3","8192"
"0xfff934205310","      IABS R3, R3","8192"
"0xfff934205320","      R2UR UR8, R0","8192"
"0xfff934205330","      IMAD.MOV R3, RZ, RZ, -R3","8192"
"0xfff934205340","      I2F.RP R0, UR8","8192"
"0xfff934205350","      MUFU.RCP R0, R0","8192"
"0xfff934205360","      VIADD R2, R0, 0xffffffe","8192"
"0xfff934205370","      F2I.FTZ.U32.TRUNC.NTZ R2, R2","8192"
"0xfff934205380","      R2UR UR5, R2","8192"
"0xfff934205390","      UIADD3 UR7, UPT, UPT, URZ, -UR5, URZ","8192"
"0xfff9342053a0","      UIMAD UR7, UR7, UR8, URZ","8192"
"0xfff9342053b0","      UIMAD.WIDE.U32 UR4, UR5, UR7, UR4","8192"
"0xfff9342053c0","      R2UR UR7, R3","8192"
"0xfff9342053d0","      UIMAD.WIDE.U32 UR4, UR5, 0x3200000, URZ","8192"
"0xfff9342053e0","      UIMAD UR4, UR5, UR7, 0x3200000","8192"
"0xfff9342053f0","      UISETP.GT.U32.AND UP1, UPT, UR8, UR4, UPT","8192"
"0xfff934205400","@!UP1 UIADD3 UR4, UPT, UPT, UR4, -UR8, URZ","8192"
"0xfff934205410","@!UP1 UIADD3 UR5, UPT, UPT, UR5, 0x1, URZ","8192"
"0xfff934205420","      UISETP.GE.U32.AND UP0, UPT, UR4, UR8, UPT","8192"
"0xfff934205430","      ULOP3.LUT UR4, UR6, 0x3200000, URZ, 0x3c, !UPT","8192"
"0xfff934205440","      UISETP.GE.AND UP1, UPT, UR4, URZ, UPT","8192"
"0xfff934205450","@UP0  UIADD3 UR5, UPT, UPT, UR5, 0x1, URZ","8192"
"0xfff934205460","      UISETP.NE.AND UP0, UPT, UR6, URZ, UPT","8192"
"0xfff934205470","@!UP1 UIADD3 UR5, UPT, UPT, -UR5, URZ, URZ","8192"
"0xfff934205480","@!UP0 ULOP3.LUT UR5, URZ, UR6, URZ, 0x33, !UPT","8192"
"0xfff934205490","      UMOV UR6, 0x80000000","8192"
"0xfff9342054a0","      UFLO.U32 UR5, UR5","8192"
"0xfff9342054b0","      UIADD3 UR5, UPT, UPT, -UR5, 0x1f, URZ","8192"
"0xfff9342054c0","      USHF.R.U32.HI UR6, URZ, UR5, UR6","8192"
"0xfff9342054d0","      IABS R0, UR6","8192"
"0xfff9342054e0","      LDCU UR22, c[0x0][0x390]","8192"
"0xfff9342054f0","      R2UR UR9, R0","8192"
"0xfff934205500","      LDCU UR4, c[0x0][0x388]","8192"
"0xfff934205510","      I2F.RP R0, UR9","8192"
"0xfff934205520","      UIMAD UR22, UR22, UR4, URZ","8192"
"0xfff934205530","      UMOV UR4, URZ","8192"
"0xfff934205540","      IMAD.U32 R3, RZ, RZ, UR22","8192"
"0xfff934205550","      MUFU.RCP R0, R0","8192"
"0xfff934205560","      IABS R3, R3","8192"
"0xfff934205570","      R2UR UR8, R3","8192"
"0xfff934205580","      VIADD R2, R0, 0xffffffe","8192"
"0xfff934205590","      IABS R0, UR6","8192"
"0xfff9342055a0","      F2I.FTZ.U32.TRUNC.NTZ R2, R2","8192"
"0xfff9342055b0","      IMAD.MOV R0, RZ, RZ, -R0","8192"
"0xfff9342055c0","      R2UR UR5, R2","8192"
"0xfff9342055d0","      UIADD3 UR7, UPT, UPT, URZ, -UR5, URZ","8192"
"0xfff9342055e0","      UIMAD UR7, UR7, UR9, URZ","8192"
"0xfff9342055f0","      UIMAD.WIDE.U32 UR4, UR5, UR7, UR4","8192"
"0xfff934205600","      R2UR UR7, R0","8192"
"0xfff934205610","      UIMAD.WIDE.U32 UR4, UR5, UR8, URZ","8192"
"0xfff934205620","      S2R R0, SR_TID.X","8192"
"0xfff934205630","      UIMAD UR4, UR5, UR7, UR8","8192"
"0xfff934205640","      LDCU UR8, c[0x0][0x398]","8192"
"0xfff934205650","      UISETP.GT.U32.AND UP1, UPT, UR9, UR4, UPT","8192"
"0xfff934205660","@!UP1 UIADD3 UR4, UPT, UPT, UR4, -UR9, URZ","8192"
"0xfff934205670","@!UP1 UIADD3 UR5, UPT, UPT, UR5, 0x1, URZ","8192"
"0xfff934205680","      UISETP.GE.U32.AND UP0, UPT, UR4, UR9, UPT","8192"
"0xfff934205690","      ISETP.GT.U32.AND P0, PT, R0, 0x1f, PT","8192"
"0xfff9342056a0","      ULOP3.LUT UR4, UR22, UR6, URZ, 0x3c, !UPT","8192"
"0xfff9342056b0","      UISETP.GE.AND UP1, UPT, UR4, URZ, UPT","8192"
"0xfff9342056c0","      USHF.R.S32.HI UR4, URZ, 0x1f, UR8","8192"
"0xfff9342056d0","@UP0  UIADD3 UR5, UPT, UPT, UR5, 0x1, URZ","8192"
"0xfff9342056e0","      UISETP.NE.AND UP0, UPT, UR6, URZ, UPT","8192"
"0xfff9342056f0","      ULEA.HI UR4, UR4, UR8, URZ, 0x7","8192"
"0xfff934205700","      UMOV UR7, UR5","8192"
"0xfff934205710","      USHF.R.S32.HI UR4, URZ, 0x7, UR4","8192"
"0xfff934205720","@!UP1 UIADD3 UR7, UPT, UPT, -UR7, URZ, URZ","8192"
"0xfff934205730","      UIMAD UR15, UR6, UR4, URZ","8192"
"0xfff934205740","@!UP0 ULOP3.LUT UR7, URZ, UR6, URZ, 0x33, !UPT","8192"
"0xfff934205750","      UIADD3 UR5, UPT, UPT, -UR7, URZ, URZ","8192"
"0xfff934205760","      UIMAD UR22, UR6, UR5, UR22","8192"
"0xfff934205770","@P0   BRA 0xfff934205a70","8192"
"0xfff934205780","      S2R R3, SR_CgaCtaId","512"
"0xfff934205790","      MOV R2, 0x40","512"
"0xfff9342057a0","      WARPSYNC.ALL","512"
"0xfff9342057b0","      S2R R5, SR_SWINHI","512"
"0xfff9342057c0","      LEA R4, R3, R2, 0x18","512"
"0xfff9342057d0","      MOV R2, 0x400","512"
"0xfff9342057e0","      LDS.U8 R6, [R4+0x1c]","512"
"0xfff9342057f0","      VIADD R2, R2, 0xb90","512"
"0xfff934205800","      LEA R2, R3, R2, 0x18","512"
"0xfff934205810","      MOV R2, R2","512"
"0xfff934205820","      MOV R3, R5","512"
"0xfff934205830","      ISETP.NE.AND P0, PT, R6, RZ, PT","512"
"0xfff934205840","@P0   BRA 0xfff9342059b0","512"
"0xfff934205850","      ELECT P0, URZ, PT","512"
"0xfff934205860","@!P0  BRA 0xfff9342059f0","512"
"0xfff934205870","      UMOV UR4, 0x10","512"
"0xfff934205880","      IMAD.MOV.U32 R6, RZ, RZ, 0xffff","512"
"0xfff934205890","      IMAD.MOV.U32 R8, RZ, RZ, 0x1","512"
"0xfff9342058a0","      DEPBAR.LE SB1, 0x36","512"
"0xfff9342058b0","      UTCATOMSWS.FIND_AND_SET.ALIGN UP0, UR4, UR4","512"
"0xfff9342058c0","      IMAD.U32 R3, RZ, RZ, UR4","512"
"0xfff9342058d0","      BRA.U UP0, 0xfff934205940","512"
"0xfff9342058e0","      NANOSLEEP 0x64","0"
"0xfff9342058f0","      UMOV UR4, 0x10","0"
"0xfff934205900","      DEPBAR.LE SB1, 0x36","0"
"0xfff934205910","      UTCATOMSWS.FIND_AND_SET.ALIGN UP0, UR4, UR4","0"
"0xfff934205920","      IMAD.U32 R3, RZ, RZ, UR4","0"
"0xfff934205930","      BRA.U !UP0, 0xfff9342058e0","0"
"0xfff934205940","      SHF.L.U32 R5, R6, R3, RZ","512"
"0xfff934205950","      SHF.L.U32 R7, R8, R3, RZ","512"
"0xfff934205960","      IMAD.SHL.U32 R3, R3, 0x20, RZ","512"
"0xfff934205970","      ATOMS.OR RZ, [R4+0x14], R5","512"
"0xfff934205980","      ATOMS.OR RZ, [R4+0x18], R7","512"
"0xfff934205990","      STS [R2], R3","512"
"0xfff9342059a0","      BRA 0xfff9342059f0","512"
"0xfff9342059b0","      IMAD.MOV.U32 R3, RZ, RZ, -0x1","0"
"0xfff9342059c0","      MOV R4, 0x770","0"
"0xfff9342059d0","      STS [R2], R3","0"
"0xfff9342059e0","      CALL.REL.NOINC 0xfff9342189b0","0"
"0xfff9342059f0","      WARPSYNC.ALL","1024"
"0xfff934205a00","      S2UR UR5, SR_CgaCtaId","512"
"0xfff934205a10","      ELECT P0, URZ, PT","512"
"0xfff934205a20","      IMAD.MOV.U32 R2, RZ, RZ, 0x1","512"
"0xfff934205a30","      UMOV UR4, 0x40","512"
"0xfff934205a40","      UVIRTCOUNT.DEALLOC.SMPOOL 0x80","512"
"0xfff934205a50","      ULEA UR4, UR5, UR4, 0x18","512"
"0xfff934205a60","@P0   STS.U8 [UR4+0x1c], R2","512"
"0xfff934205a70","      NOP","8192"
"0xfff934205a80","      WARPSYNC.ALL","8192"
"0xfff934205a90","      S2UR UR4, SR_CgaCtaId","8192"
"0xfff934205aa0","      UMOV UR23, 0x400","8192"
"0xfff934205ab0","      BAR.SYNC.DEFER_BLOCKING 0x0","8192"
"0xfff934205ac0","      IMAD.U32 R2, RZ, RZ, UR23","8192"
"0xfff934205ad0","      ISETP.NE.AND P0, PT, R0, RZ, PT","8192"
"0xfff934205ae0","      S2UR UR8, SR_SWINHI","8192"
"0xfff934205af0","      BSSY.RECONVERGENT B0, 0xfff934206800","8192"
"0xfff934205b00","      IMAD.U32 R3, RZ, RZ, UR4","8192"
"0xfff934205b10","      UIADD3 UR4, UPT, UPT, UR23, 0xba0, URZ","8192"
"0xfff934205b20","      NOP","8192"
"0xfff934205b30","      R2UR UR5, R3","8192"
"0xfff934205b40","      LEA R2, R3, R2, 0x18","8192"
"0xfff934205b50","      LDS R4, [R2+0xb90]","8192"
"0xfff934205b60","      ULEA UR4, UR5, UR4, 0x18","8192"
"0xfff934205b70","      UMOV UR4, UR4","8192"
"0xfff934205b80","      UMOV UR5, UR8","8192"
"0xfff934205b90","      ULOP3.LUT UP0, URZ, UR4, 0x3ff, URZ, 0xc0, !UPT","8192"
"0xfff934205ba0","      UMOV UR24, UR4","8192"
"0xfff934205bb0","      UMOV UR27, UR5","8192"
"0xfff934205bc0","@UP0  ULOP3.LUT UR8, UR4, 0xfffffc00, URZ, 0xc0, !UPT","8192"
"0xfff934205bd0","@UP0  UIADD3 UR24, UP1, UPT, UR8, 0x400, URZ","8192"
"0xfff934205be0","      UIADD3 UR25, UP6, UPT, UR24, 0x3000, URZ","8192"
"0xfff934205bf0","@UP0  UIADD3.X UR27, UPT, UPT, URZ, UR5, URZ, UP1, !UPT","8192"
"0xfff934205c00","      ULOP3.LUT UP5, URZ, UR25, 0x3ff, URZ, 0xc0, !UPT","8192"
"0xfff934205c10","      UIADD3.X UR28, UPT, UPT, URZ, UR27, URZ, UP6, !UPT","8192"
"0xfff934205c20","@UP5  ULOP3.LUT UR4, UR25, 0xfffffc00, URZ, 0xc0, !UPT","8192"
"0xfff934205c30","@UP5  UIADD3 UR25, UP4, UPT, UR4, 0x400, URZ","8192"
"0xfff934205c40","      UIADD3 UR26, UP3, UPT, UR25, 0x800, URZ","8192"
"0xfff934205c50","@UP5  UIADD3.X UR28, UPT, UPT, URZ, UR28, URZ, UP4, !UPT","8192"
"0xfff934205c60","      ULOP3.LUT UP2, URZ, UR26, 0x3ff, URZ, 0xc0, !UPT","8192"
"0xfff934205c70","      UIADD3.X UR29, UPT, UPT, URZ, UR28, URZ, UP3, !UPT","8192"
"0xfff934205c80","@UP2  ULOP3.LUT UR4, UR26, 0xfffffc00, URZ, 0xc0, !UPT","8192"
"0xfff934205c90","@UP2  UIADD3 UR26, UP1, UPT, UR4, 0x400, URZ","8192"
"0xfff934205ca0","      UIADD3 UR36, UP0, UPT, UR26, 0x3000, URZ","8192"
"0xfff934205cb0","@UP2  UIADD3.X UR29, UPT, UPT, URZ, UR29, URZ, UP1, !UPT","8192"
"0xfff934205cc0","      ULOP3.LUT UP6, URZ, UR36, 0x3ff, URZ, 0xc0, !UPT","8192"
"0xfff934205cd0","      UIADD3.X UR37, UPT, UPT, URZ, UR29, URZ, UP0, !UPT","8192"
"0xfff934205ce0","@UP6  ULOP3.LUT UR4, UR36, 0xfffffc00, URZ, 0xc0, !UPT","8192"
"0xfff934205cf0","@UP6  UIADD3 UR36, UP0, UPT, UR4, 0x400, URZ","8192"
"0xfff934205d00","      UIADD3 UR30, UP3, UPT, UR36, 0x1000, URZ","8192"
"0xfff934205d10","@UP6  UIADD3.X UR37, UPT, UPT, URZ, UR37, URZ, UP0, !UPT","8192"
"0xfff934205d20","      ULOP3.LUT UP4, URZ, UR30, 0x3ff, URZ, 0xc0, !UPT","8192"
"0xfff934205d30","      UIADD3.X UR33, UPT, UPT, URZ, UR37, URZ, UP3, !UPT","8192"
"0xfff934205d40","@UP4  ULOP3.LUT UR4, UR30, 0xfffffc00, URZ, 0xc0, !UPT","8192"
"0xfff934205d50","@UP4  UIADD3 UR30, UP5, UPT, UR4, 0x400, URZ","8192"
"0xfff934205d60","      UIADD3 UR30, UP6, UPT, UR30, 0x400, URZ","8192"
"0xfff934205d70","@UP4  UIADD3.X UR33, UPT, UPT, URZ, UR33, URZ, UP5, !UPT","8192"
"0xfff934205d80","      ULOP3.LUT UP0, URZ, UR30, 0x3ff, URZ, 0xc0, !UPT","8192"
"0xfff934205d90","      UIADD3.X UR33, UPT, UPT, URZ, UR33, URZ, UP6, !UPT","8192"
"0xfff934205da0","@UP0  ULOP3.LUT UR4, UR30, 0xfffffc00, URZ, 0xc0, !UPT","8192"
"0xfff934205db0","@UP0  UIADD3 UR30, UP1, UPT, UR4, 0x400, URZ","8192"
"0xfff934205dc0","      UIADD3 UR31, UP2, UPT, UR30, 0x4000, URZ","8192"
"0xfff934205dd0","@UP0  UIADD3.X UR33, UPT, UPT, URZ, UR33, URZ, UP1, !UPT","8192"
"0xfff934205de0","      ULOP3.LUT UP3, URZ, UR31, 0x3ff, URZ, 0xc0, !UPT","8192"
"0xfff934205df0","      UIADD3.X UR35, UPT, UPT, URZ, UR33, URZ, UP2, !UPT","8192"
"0xfff934205e00","@UP3  ULOP3.LUT UR4, UR31, 0xfffffc00, URZ, 0xc0, !UPT","8192"
"0xfff934205e10","@UP3  UIADD3 UR31, UP4, UPT, UR4, 0x400, URZ","8192"
"0xfff934205e20","      UIADD3 UR32, UP5, UPT, UR31, 0x400, URZ","8192"
"0xfff934205e30","@UP3  UIADD3.X UR35, UPT, UPT, URZ, UR35, URZ, UP4, !UPT","8192"
"0xfff934205e40","      ULOP3.LUT UP6, URZ, UR32, 0x3ff, URZ, 0xc0, !UPT","8192"
"0xfff934205e50","      UIADD3.X UR41, UPT, UPT, URZ, UR35, URZ, UP5, !UPT","8192"
"0xfff934205e60","@UP6  ULOP3.LUT UR4, UR32, 0xfffffc00, URZ, 0xc0, !UPT","8192"
"0xfff934205e70","@UP6  UIADD3 UR32, UP1, UPT, UR4, 0x400, URZ","8192"
"0xfff934205e80","      UIADD3 UR34, UP0, UPT, UR32, 0x8000, URZ","8192"
"0xfff934205e90","@UP6  UIADD3.X UR41, UPT, UPT, URZ, UR41, URZ, UP1, !UPT","8192"
"0xfff934205ea0","      ULOP3.LUT UP2, URZ, UR34, 0x3ff, URZ, 0xc0, !UPT","8192"
"0xfff934205eb0","      UIADD3.X UR43, UPT, UPT, URZ, UR41, URZ, UP0, !UPT","8192"
"0xfff934205ec0","@UP2  ULOP3.LUT UR4, UR34, 0xfffffc00, URZ, 0xc0, !UPT","8192"
"0xfff934205ed0","@UP2  UIADD3 UR34, UP0, UPT, UR4, 0x400, URZ","8192"
"0xfff934205ee0","@UP2  UIADD3.X UR43, UPT, UPT, URZ, UR43, URZ, UP0, !UPT","8192"
"0xfff934205ef0","@P0   BRA 0xfff9342067f0","8192"
"0xfff934205f00","      LDCU.64 UR10, c[0x0][0x348]","512"
"0xfff934205f10","      R2UR UR39, R3","512"
"0xfff934205f20","      UIADD3 UR51, UPT, UPT, UR23, 0x618, URZ","512"
"0xfff934205f30","      UIADD3 UR49, UPT, UPT, UR23, 0x638, URZ","512"
"0xfff934205f40","      UIADD3 UR47, UPT, UPT, UR23, 0x628, URZ","512"
"0xfff934205f50","      UIADD3 UR12, UPT, UPT, UR23, 0x600, URZ","512"
"0xfff934205f60","      UIADD3 UR45, UPT, UPT, UR23, 0x648, URZ","512"
"0xfff934205f70","      UIADD3 UR13, UPT, UPT, UR23, 0x608, URZ","512"
"0xfff934205f80","      UIADD3 UR14, UPT, UPT, UR23, 0x610, URZ","512"
"0xfff934205f90","      UIADD3 UR50, UP0, UPT, UR10, 0x80, URZ","512"
"0xfff934205fa0","      UIADD3 UR48, UP1, UPT, UR10, 0x200, URZ","512"
"0xfff934205fb0","      UIADD3 UR46, UP2, UPT, UR10, 0x400, URZ","512"
"0xfff934205fc0","      UIADD3 UR16, UPT, UPT, UR23, 0x658, URZ","512"
"0xfff934205fd0","      UIADD3 UR17, UPT, UPT, UR23, 0x668, URZ","512"
"0xfff934205fe0","      UIADD3 UR18, UPT, UPT, UR23, 0x678, URZ","512"
"0xfff934205ff0","      UIADD3 UR19, UPT, UPT, UR23, 0x670, URZ","512"
"0xfff934206000","      UIADD3 UR20, UPT, UPT, UR23, 0x680, URZ","512"
"0xfff934206010","      UIADD3 UR21, UPT, UPT, UR23, 0x688, URZ","512"
"0xfff934206020","      UIADD3 UR40, UPT, UPT, UR23, 0x690, URZ","512"
"0xfff934206030","      UIADD3 UR42, UPT, UPT, UR23, 0x698, URZ","512"
"0xfff934206040","      UIADD3 UR52, UPT, UPT, UR23, 0x6a8, URZ","512"
"0xfff934206050","      UIADD3 UR53, UPT, UPT, UR23, 0x6b0, URZ","512"
"0xfff934206060","      UIADD3 UR54, UPT, UPT, UR23, 0x6b8, URZ","512"
"0xfff934206070","      UIADD3 UR55, UPT, UPT, UR23, 0x6c8, URZ","512"
"0xfff934206080","      UIADD3 UR56, UPT, UPT, UR23, 0x6d8, URZ","512"
"0xfff934206090","      UIADD3 UR57, UPT, UPT, UR23, 0x6e8, URZ","512"
"0xfff9342060a0","      UIADD3 UR58, UPT, UPT, UR23, 0x6f8, URZ","512"
"0xfff9342060b0","      UIADD3 UR59, UPT, UPT, UR23, 0x708, URZ","512"
"0xfff9342060c0","      UIADD3 UR63, UPT, UPT, UR23, 0x718, URZ","512"
"0xfff9342060d0","      UIADD3 UR9, UPT, UPT, UR23, 0x728, URZ","512"
"0xfff9342060e0","      UIADD3 UR67, UPT, UPT, UR23, 0x738, URZ","512"
"0xfff9342060f0","      UIADD3 UR66, UPT, UPT, UR23, 0x748, URZ","512"
"0xfff934206100","      UIADD3 UR62, UPT, UPT, UR23, 0x758, URZ","512"
"0xfff934206110","      UIADD3 UR61, UPT, UPT, UR23, 0x768, URZ","512"
"0xfff934206120","      UIADD3 UR60, UPT, UPT, UR23, 0x778, URZ","512"
"0xfff934206130","      UIADD3 UR65, UPT, UPT, UR23, 0x788, URZ","512"
"0xfff934206140","      UIADD3 UR44, UP3, UPT, UR10, 0x580, URZ","512"
"0xfff934206150","      ULEA UR69, UR39, UR51, 0x18","512"
"0xfff934206160","      UMOV UR4, 0x1","512"
"0xfff934206170","      UIADD3 UR38, UP4, UPT, UR10, 0x780, URZ","512"
"0xfff934206180","      ULEA UR70, UR39, UR49, 0x18","512"
"0xfff934206190","      UIADD3.X UR51, UPT, UPT, URZ, UR11, URZ, UP0, !UPT","512"
"0xfff9342061a0","      ULEA UR71, UR39, UR47, 0x18","512"
"0xfff9342061b0","      UIADD3.X UR49, UPT, UPT, URZ, UR11, URZ, UP1, !UPT","512"
"0xfff9342061c0","      ULEA UR12, UR39, UR12, 0x18","512"
"0xfff9342061d0","      UIADD3 UR4, UPT, UPT, -UR4, 0x100000, URZ","512"
"0xfff9342061e0","      USHF.L.U32 UR5, UR4, 0xb, URZ","512"
"0xfff9342061f0","      USHF.L.U32 UR4, UR4, 0x1, URZ","512"
"0xfff934206200","      UTMACCTL.PF [UR50]","512"
"0xfff934206210","      ULEA UR72, UR39, UR45, 0x18","512"
"0xfff934206220","      UTMACCTL.PF [UR48]","512"
"0xfff934206230","      UIADD3.X UR47, UPT, UPT, URZ, UR11, URZ, UP2, !UPT","512"
"0xfff934206240","      ULEA UR13, UR39, UR13, 0x18","512"
"0xfff934206250","      ULEA UR14, UR39, UR14, 0x18","512"
"0xfff934206260","      ULEA UR16, UR39, UR16, 0x18","512"
"0xfff934206270","      ULEA UR17, UR39, UR17, 0x18","512"
"0xfff934206280","      UTMACCTL.PF [UR46]","512"
"0xfff934206290","      ULEA UR18, UR39, UR18, 0x18","512"
"0xfff9342062a0","      ULEA UR19, UR39, UR19, 0x18","512"
"0xfff9342062b0","      ULEA UR20, UR39, UR20, 0x18","512"
"0xfff9342062c0","      ULEA UR21, UR39, UR21, 0x18","512"
"0xfff9342062d0","      ULEA UR40, UR39, UR40, 0x18","512"
"0xfff9342062e0","      ULEA UR42, UR39, UR42, 0x18","512"
"0xfff9342062f0","      ULEA UR52, UR39, UR52, 0x18","512"
"0xfff934206300","      ULEA UR53, UR39, UR53, 0x18","512"
"0xfff934206310","      ULEA UR54, UR39, UR54, 0x18","512"
"0xfff934206320","      ULEA UR55, UR39, UR55, 0x18","512"
"0xfff934206330","      ULEA UR56, UR39, UR56, 0x18","512"
"0xfff934206340","      ULEA UR57, UR39, UR57, 0x18","512"
"0xfff934206350","      ULEA UR58, UR39, UR58, 0x18","512"
"0xfff934206360","      ULEA UR59, UR39, UR59, 0x18","512"
"0xfff934206370","      ULEA UR63, UR39, UR63, 0x18","512"
"0xfff934206380","      ULEA UR68, UR39, UR9, 0x18","512"
"0xfff934206390","      ULEA UR67, UR39, UR67, 0x18","512"
"0xfff9342063a0","      ULEA UR66, UR39, UR66, 0x18","512"
"0xfff9342063b0","      ULEA UR62, UR39, UR62, 0x18","512"
"0xfff9342063c0","      ULEA UR61, UR39, UR61, 0x18","512"
"0xfff9342063d0","      ULEA UR60, UR39, UR60, 0x18","512"
"0xfff9342063e0","      ULEA UR65, UR39, UR65, 0x18","512"
"0xfff9342063f0","      UIADD3.X UR45, UPT, UPT, URZ, UR11, URZ, UP3, !UPT","512"
"0xfff934206400","      UIADD3.X UR39, UPT, UPT, URZ, UR11, URZ, UP4, !UPT","512"
"0xfff934206410","      UMOV UR8, 0x4","512"
"0xfff934206420","      UMOV UR64, 0x2","512"
"0xfff934206430","      UIADD3 UR8, UPT, UPT, -UR8, 0x100000, URZ","512"
"0xfff934206440","      USHF.L.U32 UR9, UR8, 0xb, URZ","512"
"0xfff934206450","      USHF.L.U32 UR8, UR8, 0x1, URZ","512"
"0xfff934206460","      UIADD3 UR10, UPT, UPT, -UR64, 0x100000, URZ","512"
"0xfff934206470","      USHF.L.U32 UR11, UR10, 0xb, URZ","512"
"0xfff934206480","      USHF.L.U32 UR10, UR10, 0x1, URZ","512"
"0xfff934206490","      UTMACCTL.PF [UR44]","512"
"0xfff9342064a0","      UTMACCTL.PF [UR38]","512"
"0xfff9342064b0","      FENCE.VIEW.ASYNC.S","512"
"0xfff9342064c0","      SYNCS.EXCH.64 URZ, [UR12], UR4","512"
"0xfff9342064d0","      SYNCS.EXCH.64 URZ, [UR13], UR4","512"
"0xfff9342064e0","      SYNCS.EXCH.64 URZ, [UR14], UR4","512"
"0xfff9342064f0","      SYNCS.EXCH.64 URZ, [UR16], UR4","512"
"0xfff934206500","      SYNCS.EXCH.64 URZ, [UR16+0x8], UR4","512"
"0xfff934206510","      SYNCS.EXCH.64 URZ, [UR17], UR8","512"
"0xfff934206520","      SYNCS.EXCH.64 URZ, [UR18], UR4","512"
"0xfff934206530","      SYNCS.EXCH.64 URZ, [UR19], UR4","512"
"0xfff934206540","      SYNCS.EXCH.64 URZ, [UR20], UR4","512"
"0xfff934206550","      SYNCS.EXCH.64 URZ, [UR21], UR4","512"
"0xfff934206560","      SYNCS.EXCH.64 URZ, [UR40], UR4","512"
"0xfff934206570","      SYNCS.EXCH.64 URZ, [UR42], UR4","512"
"0xfff934206580","      SYNCS.EXCH.64 URZ, [UR42+0x8], UR4","512"
"0xfff934206590","      SYNCS.EXCH.64 URZ, [UR52], UR4","512"
"0xfff9342065a0","      SYNCS.EXCH.64 URZ, [UR53], UR4","512"
"0xfff9342065b0","      SYNCS.EXCH.64 URZ, [UR54], UR4","512"
"0xfff9342065c0","      SYNCS.EXCH.64 URZ, [UR54+0x8], UR4","512"
"0xfff9342065d0","      SYNCS.EXCH.64 URZ, [UR55], UR4","512"
"0xfff9342065e0","      SYNCS.EXCH.64 URZ, [UR55+0x8], UR4","512"
"0xfff9342065f0","      SYNCS.EXCH.64 URZ, [UR56], UR4","512"
"0xfff934206600","      SYNCS.EXCH.64 URZ, [UR56+0x8], UR4","512"
"0xfff934206610","      SYNCS.EXCH.64 URZ, [UR57], UR4","512"
"0xfff934206620","      SYNCS.EXCH.64 URZ, [UR57+0x8], UR4","512"
"0xfff934206630","      SYNCS.EXCH.64 URZ, [UR58], UR4","512"
"0xfff934206640","      SYNCS.EXCH.64 URZ, [UR59], UR4","512"
"0xfff934206650","      SYNCS.EXCH.64 URZ, [UR63], UR4","512"
"0xfff934206660","      SYNCS.EXCH.64 URZ, [UR68], UR4","512"
"0xfff934206670","      SYNCS.EXCH.64 URZ, [UR58+0x8], UR4","512"
"0xfff934206680","      SYNCS.EXCH.64 URZ, [UR59+0x8], UR4","512"
"0xfff934206690","      SYNCS.EXCH.64 URZ, [UR63+0x8], UR4","512"
"0xfff9342066a0","      SYNCS.EXCH.64 URZ, [UR68+0x8], UR4","512"
"0xfff9342066b0","      SYNCS.EXCH.64 URZ, [UR67], UR4","512"
"0xfff9342066c0","      SYNCS.EXCH.64 URZ, [UR66], UR4","512"
"0xfff9342066d0","      SYNCS.EXCH.64 URZ, [UR67+0x8], UR4","512"
"0xfff9342066e0","      SYNCS.EXCH.64 URZ, [UR66+0x8], UR4","512"
"0xfff9342066f0","      SYNCS.EXCH.64 URZ, [UR62], UR4","512"
"0xfff934206700","      SYNCS.EXCH.64 URZ, [UR62+0x8], UR4","512"
"0xfff934206710","      SYNCS.EXCH.64 URZ, [UR61], UR4","512"
"0xfff934206720","      SYNCS.EXCH.64 URZ, [UR60], UR4","512"
"0xfff934206730","      SYNCS.EXCH.64 URZ, [UR61+0x8], UR4","512"
"0xfff934206740","      SYNCS.EXCH.64 URZ, [UR60+0x8], UR4","512"
"0xfff934206750","      SYNCS.EXCH.64 URZ, [UR69], UR4","512"
"0xfff934206760","      SYNCS.EXCH.64 URZ, [UR70], UR4","512"
"0xfff934206770","      SYNCS.EXCH.64 URZ, [UR71], UR4","512"
"0xfff934206780","      SYNCS.EXCH.64 URZ, [UR72], UR4","512"
"0xfff934206790","      SYNCS.EXCH.64 URZ, [UR69+0x8], UR4","512"
"0xfff9342067a0","      SYNCS.EXCH.64 URZ, [UR70+0x8], UR4","512"
"0xfff9342067b0","      SYNCS.EXCH.64 URZ, [UR71+0x8], UR4","512"
"0xfff9342067c0","      SYNCS.EXCH.64 URZ, [UR72+0x8], UR4","512"
"0xfff9342067d0","      SYNCS.EXCH.64 URZ, [UR65], UR10","512"
"0xfff9342067e0","      NOP","512"
"0xfff9342067f0","      BSYNC.RECONVERGENT B0","8704"
"0xfff934206800","      LDCU UR4, c[0x0][0x398]","8192"
"0xfff934206810","      SHF.R.U32.HI R2, RZ, 0x7, R0","8192"
"0xfff934206820","      BSSY B0, 0xfff934217590","8192"
"0xfff934206830","      R2UR UR42, R4","8192"
"0xfff934206840","      LDCU UR8, c[0x0][0x390]","8192"
"0xfff934206850","      BAR.SYNC.DEFER_BLOCKING 0x0","8192"
"0xfff934206860","      BAR.SYNC.DEFER_BLOCKING 0x0","8192"
"0xfff934206870","      USHF.R.S32.HI UR5, URZ, 0x1f, UR4","8192"
"0xfff934206880","      ISETP.GT.AND P0, PT, R2, 0x1, PT","8192"
"0xfff934206890","      ULEA.HI UR5, UR5, UR4, URZ, 0x7","8192"
"0xfff9342068a0","      LDCU UR9, c[0x0][0x388]","8192"
"0xfff9342068b0","      USHF.R.S32.HI UR40, URZ, 0x7, UR5","8192"
"0xfff9342068c0","      LDCU.64 UR38, c[0x0][0x358]","8192"
"0xfff9342068d0","      UIMAD UR8, UR8, UR9, URZ","8192"
"0xfff9342068e0","      UIMAD UR44, UR8, UR40, URZ","8192"
"0xfff9342068f0","@P0   BRA 0xfff93420fa00","8192"
"0xfff934206900","      VIMNMX.U32 R2, PT, PT, R2, 0x2, PT","4096"
"0xfff934206910","      IMAD.SHL.U32 R2, R2, 0x4, RZ","4096"
"0xfff934206920","      LDC R4, c[0x2][R2]","4096"
"0xfff934206930","      SHF.R.S32.HI R5, RZ, 0x1f, R4","4096"
"0xfff934206940","      BRX R4, -0x16d0","4096"
"0xfff934206950","      WARPSYNC.ALL","2364"
"0xfff934206960","      USETMAXREG.TRY_ALLOC.CTAPOOL UP0, 0xc8","2364"
"0xfff934206970","      BRA.U !UP0, 0xfff934206950","2364"
"0xfff934206980","      S2UR UR4, SR_CTAID.X","2048"
"0xfff934206990","      UISETP.GE.AND UP0, UPT, UR4, UR44, UPT","2048"
"0xfff9342069a0","      BRA.U UP0, 0xfff934217580","2048"
"0xfff9342069b0","      S2UR UR10, SR_CgaCtaId","2048"
"0xfff9342069c0","      UMOV UR9, 0x400","2048"
"0xfff9342069d0","      IMAD.U32 R166, RZ, RZ, UR4","2048"
"0xfff9342069e0","      LOP3.LUT R132, R0, 0x7f, RZ, 0xc0, !PT","2048"
"0xfff9342069f0","      IMAD.SHL.U32 R138, R0, 0x4, RZ","2048"
"0xfff934206a00","      UIADD3 UR4, UPT, UPT, UR9, 0x790, URZ","2048"
"0xfff934206a10","      SHF.R.U32.HI R167, RZ, 0x5, R0","2048"
"0xfff934206a20","      UIADD3 UR5, UPT, UPT, UR9, 0x400, URZ","2048"
"0xfff934206a30","      IMAD.SHL.U32 R139, R0, 0x40, RZ","2048"
"0xfff934206a40","      LOP3.LUT R138, R138, 0x1fc, RZ, 0xc0, !PT","2048"
"0xfff934206a50","      VIADD R140, R132, 0x20","2048"
"0xfff934206a60","      LOP3.LUT R167, R167, 0x3, RZ, 0xc0, !PT","2048"
"0xfff934206a70","      BSSY B2, 0xfff93420dab0","2048"
"0xfff934206a80","      UISETP.LT.AND UP0, UPT, UR22, 0x1, UPT","2048"
"0xfff934206a90","      VIADD R3, R3, UR40","2048"
"0xfff934206aa0","      LOP3.LUT R133, R0, 0x1f, RZ, 0xc0, !PT","2048"
"0xfff934206ab0","      IMAD.MOV.U32 R134, RZ, RZ, RZ","2048"
"0xfff934206ac0","      CS2R R136, SRZ","2048"
"0xfff934206ad0","      IMAD.MOV.U32 R135, RZ, RZ, 0x1","2048"
"0xfff934206ae0","      LOP3.LUT R139, R139, 0x1fc0, RZ, 0xc0, !PT","2048"
"0xfff934206af0","      LDCU UR12, c[0x0][0x370]","2048"
"0xfff934206b00","      SHF.R.U32.HI R140, RZ, 0x5, R140","2048"
"0xfff934206b10","      LEA R141, R167, UR42, 0x15","2048"
"0xfff934206b20","      ULEA UR4, UR10, UR4, 0x18","2048"
"0xfff934206b30","      ULEA UR14, UR10, UR9, 0x18","2048"
"0xfff934206b40","      UIADD3 UR9, UPT, UPT, UR9, 0x200, URZ","2048"
"0xfff934206b50","      ULEA UR8, UR10, UR5, 0x18","2048"
"0xfff934206b60","      VIADD R142, R138, UR4","2048"
"0xfff934206b70","      UMOV UR4, UR34","2048"
"0xfff934206b80","      UMOV UR5, UR43","2048"
"0xfff934206b90","      USEL UR13, UR22, 0x1, !UP0","2048"
"0xfff934206ba0","      ULEA UR9, UR10, UR9, 0x18","2048"
"0xfff934206bb0","      UMOV UR45, UR4","2048"
"0xfff934206bc0","      IABS R7, UR15","2048"
"0xfff934206bd0","      YIELD","2048"
"0xfff934206be0","      I2F.RP R2, R7","2048"
"0xfff934206bf0","      IABS R8, R166","2048"
"0xfff934206c00","      BSSY B1, 0xfff93420da30","2048"
"0xfff934206c10","      IABS R10, UR15","2048"
"0xfff934206c20","      MUFU.RCP R2, R2","2048"
"0xfff934206c30","      VIADD R4, R2, 0xffffffe","2048"
"0xfff934206c40","      IMAD.MOV R2, RZ, RZ, -R10","2048"
"0xfff934206c50","      F2I.FTZ.U32.TRUNC.NTZ R5, R4","2048"
"0xfff934206c60","      IMAD.MOV.U32 R4, RZ, RZ, RZ","2048"
"0xfff934206c70","      IMAD.MOV R6, RZ, RZ, -R5","2048"
"0xfff934206c80","      IMAD R9, R6, R7, RZ","2048"
"0xfff934206c90","      IMAD.MOV.U32 R6, RZ, RZ, R8","2048"
"0xfff934206ca0","      IMAD.HI.U32 R5, R5, R9, R4","2048"
"0xfff934206cb0","      IMAD.U32 R8, RZ, RZ, UR6","2048"
"0xfff934206cc0","      IMAD.HI.U32 R5, R5, R6, RZ","2048"
"0xfff934206cd0","      IMAD R2, R5, R2, R6","2048"
"0xfff934206ce0","      ISETP.GT.U32.AND P1, PT, R7, R2, PT","2048"
"0xfff934206cf0","@!P1  IMAD.IADD R2, R2, 0x1, -R7","2048"
"0xfff934206d00","@!P1  VIADD R5, R5, 0x1","2048"
"0xfff934206d10","      ISETP.NE.AND P1, PT, RZ, UR15, PT","2048"
"0xfff934206d20","      ISETP.GE.U32.AND P0, PT, R2, R7, PT","2048"
"0xfff934206d30","      LOP3.LUT R2, R166, UR15, RZ, 0x3c, !PT","2048"
"0xfff934206d40","      ISETP.GE.AND P2, PT, R2, RZ, PT","2048"
"0xfff934206d50","@P0   VIADD R5, R5, 0x1","2048"
"0xfff934206d60","      IMAD.MOV.U32 R11, RZ, RZ, R5","2048"
"0xfff934206d70","@!P2  IMAD.MOV R11, RZ, RZ, -R11","2048"
"0xfff934206d80","@!P1  LOP3.LUT R11, RZ, UR15, RZ, 0x33, !PT","2048"
"0xfff934206d90","      ISETP.GE.AND P0, PT, R11, UR7, PT","2048"
"0xfff934206da0","      IMAD.MOV R7, RZ, RZ, -R11","2048"
"0xfff934206db0","      SEL R8, R8, UR13, !P0","2048"
"0xfff934206dc0","      IMAD R13, R7, UR15, R166","2048"
"0xfff934206dd0","      IABS R9, R8","2048"
"0xfff934206de0","      IABS R10, R13","2048"
"0xfff934206df0","      I2F.RP R2, R9","2048"
"0xfff934206e00","      IABS R12, R8","2048"
"0xfff934206e10","      MUFU.RCP R2, R2","2048"
"0xfff934206e20","      VIADD R4, R2, 0xffffffe","2048"
"0xfff934206e30","      IMAD.MOV R2, RZ, RZ, -R12","2048"
"0xfff934206e40","      F2I.FTZ.U32.TRUNC.NTZ R5, R4","2048"
"0xfff934206e50","      IMAD.MOV.U32 R4, RZ, RZ, RZ","2048"
"0xfff934206e60","      IMAD.MOV R6, RZ, RZ, -R5","2048"
"0xfff934206e70","      IMAD R7, R6, R9, RZ","2048"
"0xfff934206e80","      IMAD.MOV.U32 R6, RZ, RZ, R10","2048"
"0xfff934206e90","      IMAD.HI.U32 R5, R5, R7, R4","2048"
"0xfff934206ea0","      IMAD.MOV R4, RZ, RZ, -R8","2048"
"0xfff934206eb0","      IMAD.HI.U32 R5, R5, R6, RZ","2048"
"0xfff934206ec0","      IMAD R2, R5, R2, R6","2048"
"0xfff934206ed0","      ISETP.GT.U32.AND P1, PT, R9, R2, PT","2048"
"0xfff934206ee0","@!P1  IMAD.IADD R2, R2, 0x1, -R9","2048"
"0xfff934206ef0","@!P1  VIADD R5, R5, 0x1","2048"
"0xfff934206f00","      ISETP.NE.AND P1, PT, R8, RZ, PT","2048"
"0xfff934206f10","      ISETP.GE.U32.AND P0, PT, R2, R9, PT","2048"
"0xfff934206f20","      LOP3.LUT R2, R13, R8, RZ, 0x3c, !PT","2048"
"0xfff934206f30","      ISETP.GE.AND P2, PT, R2, RZ, PT","2048"
"0xfff934206f40","@P0   VIADD R5, R5, 0x1","2048"
"0xfff934206f50","@!P2  IMAD.MOV R5, RZ, RZ, -R5","2048"
"0xfff934206f60","@!P1  LOP3.LUT R5, RZ, R8, RZ, 0x33, !PT","2048"
"0xfff934206f70","      LOP3.LUT R2, RZ, R5, RZ, 0x33, !PT","2048"
"0xfff934206f80","      IMAD.IADD R143, R3, 0x1, R2","2048"
"0xfff934206f90","      IMAD R2, R5, R4, R13","2048"
"0xfff934206fa0","      ISETP.GE.AND P0, PT, R143, UR40, PT","2048"
"0xfff934206fb0","      IMAD R11, R11, UR6, R2","2048"
"0xfff934206fc0","@P0   BRA 0xfff93420da20","2048"
"0xfff934206fd0","      ISETP.NE.AND P1, PT, R133, RZ, PT","2048"
"0xfff934206fe0","      BSSY.RECONVERGENT B3, 0xfff9342074e0","2048"
"0xfff934206ff0","      IMAD.MOV R144, RZ, RZ, -R5","2048"
"0xfff934207000","      IMAD.U32 R15, RZ, RZ, UR40","2048"
"0xfff934207010","      IMAD.MOV.U32 R4, RZ, RZ, RZ","2048"
"0xfff934207020","      IMAD.MOV.U32 R8, RZ, RZ, RZ","2048"
"0xfff934207030","@P1   BRA 0xfff9342074d0","2048"
"0xfff934207040","      LDC R8, c[0x0][0x390]","2048"
"0xfff934207050","      LDCU UR10, c[0x0][0x690]","2048"
"0xfff934207060","      LDCU UR11, c[0x0][0xa10]","2048"
"0xfff934207070","      LDCU UR18, c[0x0][0x698]","2048"
"0xfff934207080","      LDCU UR20, c[0x0][0xa18]","2048"
"0xfff934207090","      LDCU UR19, c[0x0][0x6a0]","2048"
"0xfff9342070a0","      USHF.R.S32.HI UR4, URZ, 0x1f, UR10","2048"
"0xfff9342070b0","      USHF.R.S32.HI UR5, URZ, 0x1f, UR11","2048"
"0xfff9342070c0","      IABS R7, R8","2048"
"0xfff9342070d0","      LDCU UR21, c[0x0][0xa20]","2048"
"0xfff9342070e0","      I2F.RP R2, R7","2048"
"0xfff9342070f0","      USHF.R.S32.HI UR16, URZ, 0x1f, UR18","2048"
"0xfff934207100","      USHF.R.S32.HI UR17, URZ, 0x1f, UR20","2048"
"0xfff934207110","      MUFU.RCP R2, R2","2048"
"0xfff934207120","      VIADD R4, R2, 0xffffffe","2048"
"0xfff934207130","      F2I.FTZ.U32.TRUNC.NTZ R5, R4","2048"
"0xfff934207140","      IMAD.MOV.U32 R4, RZ, RZ, RZ","2048"
"0xfff934207150","      IMAD.MOV R6, RZ, RZ, -R5","2048"
"0xfff934207160","      IMAD R9, R6, R7, RZ","2048"
"0xfff934207170","      IABS R6, R11","2048"
"0xfff934207180","      IMAD.HI.U32 R5, R5, R9, R4","2048"
"0xfff934207190","      IMAD.HI.U32 R5, R5, R6, RZ","2048"
"0xfff9342071a0","      IMAD.MOV R2, RZ, RZ, -R5","2048"
"0xfff9342071b0","      IMAD R2, R7, R2, R6","2048"
"0xfff9342071c0","      ISETP.GT.U32.AND P2, PT, R7, R2, PT","2048"
"0xfff9342071d0","@!P2  IMAD.IADD R2, R2, 0x1, -R7","2048"
"0xfff9342071e0","@!P2  VIADD R5, R5, 0x1","2048"
"0xfff9342071f0","      ISETP.NE.AND P2, PT, R8, RZ, PT","2048"
"0xfff934207200","      ISETP.GE.U32.AND P0, PT, R2, R7, PT","2048"
"0xfff934207210","      LOP3.LUT R2, R11, R8, RZ, 0x3c, !PT","2048"
"0xfff934207220","      ISETP.GE.AND P3, PT, R2, RZ, PT","2048"
"0xfff934207230","@P0   VIADD R5, R5, 0x1","2048"
"0xfff934207240","      IMAD.MOV.U32 R9, RZ, RZ, R5","2048"
"0xfff934207250","@!P3  IMAD.MOV R9, RZ, RZ, -R9","2048"
"0xfff934207260","@!P2  LOP3.LUT R9, RZ, R8, RZ, 0x33, !PT","2048"
"0xfff934207270","      SHF.R.S32.HI R2, RZ, 0x1f, R9","2048"
"0xfff934207280","      IMAD.MOV R6, RZ, RZ, -R9","2048"
"0xfff934207290","      IMAD R5, R9, UR4, RZ","2048"
"0xfff9342072a0","      IMAD R6, R8, R6, R11","2048"
"0xfff9342072b0","      IMAD R13, R9, UR5, RZ","2048"
"0xfff9342072c0","      LDCU.64 UR4, c[0x0][0x680]","2048"
"0xfff9342072d0","      IMAD R11, R2, UR10, R5","2048"
"0xfff9342072e0","      SHF.R.S32.HI R7, RZ, 0x1f, R6","2048"
"0xfff9342072f0","      IMAD R13, R2, UR11, R13","2048"
"0xfff934207300","      IMAD.WIDE.U32 R4, R9, UR10, R6","2048"
"0xfff934207310","      IMAD.WIDE.U32 R6, R9, UR11, R6","2048"
"0xfff934207320","      LDCU.64 UR10, c[0x0][0xa00]","2048"
"0xfff934207330","      IMAD.IADD R5, R5, 0x1, R11","2048"
"0xfff934207340","      IMAD.IADD R2, R7, 0x1, R13","2048"
"0xfff934207350","      IMAD R5, R5, UR18, RZ","2048"
"0xfff934207360","      IMAD R9, R2, UR20, RZ","2048"
"0xfff934207370","      IMAD R7, R4, UR16, R5","2048"
"0xfff934207380","      USHF.R.S32.HI UR16, URZ, 0x1f, UR19","2048"
"0xfff934207390","      IMAD.WIDE.U32 R4, R4, UR18, RZ","2048"
"0xfff9342073a0","      IMAD R11, R6, UR17, R9","2048"
"0xfff9342073b0","      USHF.R.S32.HI UR17, URZ, 0x1f, UR21","2048"
"0xfff9342073c0","      IMAD.WIDE.U32 R8, R6, UR20, RZ","2048"
"0xfff9342073d0","      IMAD.IADD R5, R5, 0x1, R7","2048"
"0xfff9342073e0","      IMAD.IADD R2, R9, 0x1, R11","2048"
"0xfff9342073f0","      IMAD R5, R5, UR19, RZ","2048"
"0xfff934207400","      IMAD R9, R2, UR21, RZ","2048"
"0xfff934207410","      IMAD.WIDE.U32 R6, R4, UR19, RZ","2048"
"0xfff934207420","      IMAD R5, R4, UR16, R5","2048"
"0xfff934207430","      LEA R4, P0, R6, UR4, 0x2","2048"
"0xfff934207440","      IMAD.WIDE.U32 R10, R8, UR21, RZ","2048"
"0xfff934207450","      IMAD R9, R8, UR17, R9","2048"
"0xfff934207460","      LEA R8, P2, R10, UR10, 0x2","2048"
"0xfff934207470","      IMAD.IADD R5, R7, 0x1, R5","2048"
"0xfff934207480","      IMAD.IADD R7, R11, 0x1, R9","2048"
"0xfff934207490","      LEA.HI.X R5, R6, UR5, R5, 0x2, P0","2048"
"0xfff9342074a0","      LEA.HI.X R9, R10, UR11, R7, 0x2, P2","2048"
"0xfff9342074b0","      LDG.E R4, desc[UR38][R4.64]","2048"
"0xfff9342074c0","      LDG.E R8, desc[UR38][R8.64]","2048"
"0xfff9342074d0","      BSYNC.RECONVERGENT B3","4096"
"0xfff9342074e0","      UMOV UR4, 0xffffffff","2048"
"0xfff9342074f0","      VIADDMNMX R144, R144, R15, UR40, PT","2048"
"0xfff934207500","      BRA.DIV UR4, 0xfff934217860","2048"
"0xfff934207510","      SHFL.IDX PT, R4, R4, RZ, 0x1f","2048"
"0xfff934207520","      SHFL.IDX PT, R147, R8, RZ, 0x1f","2048"
"0xfff934207530","      S2UR UR5, SR_CgaCtaId","2048"
"0xfff934207540","      UMOV UR4, 0x400","2048"
"0xfff934207550","      SHF.L.U32 R2, R135, 0x1f, RZ","2048"
"0xfff934207560","      IMAD.U32 R145, RZ, RZ, UR4","2048"
"0xfff934207570","      FMUL R4, R4, 0.10408341139554977417","2048"
"0xfff934207580","      BSSY B3, 0xfff934207610","2048"
"0xfff934207590","      ISETP.GE.AND P2, PT, R144, 0x1, PT","2048"
"0xfff9342075a0","      VIADD R5, R145, 0x678","2048"
"0xfff9342075b0","      FMUL R147, R147, R4","2048"
"0xfff9342075c0","      IMAD.U32 R146, RZ, RZ, UR5","2048"
"0xfff9342075d0","      LEA R5, R146, R5, 0x18","2048"
"0xfff9342075e0","      SYNCS.PHASECHK.TRANS64.TRYWAIT P0, [R5+URZ], R2","2048"
"0xfff9342075f0","@!P0  BRA 0xfff934217980","2048"
"0xfff934207600","      BSYNC B3","2048"
"0xfff934207610","      IMAD.MOV.U32 R148, RZ, RZ, -0x800000","2048"
"0xfff934207620","      IMAD.MOV.U32 R149, RZ, RZ, RZ","2048"
"0xfff934207630","@!P2  BRA 0xfff93420d990","2048"
"0xfff934207640","      IMAD R150, R143, 0x80, R132","2048"
"0xfff934207650","      IMAD.MOV.U32 R149, RZ, RZ, RZ","2048"
"0xfff934207660","      IMAD.MOV.U32 R155, RZ, RZ, -0x800000","2048"
"0xfff934207670","      IMAD.MOV.U32 R151, RZ, RZ, RZ","2048"
"0xfff934207680","      YIELD","33792"
"0xfff934207690","      S2UR UR5, SR_CgaCtaId","33792"
"0xfff9342076a0","      UMOV UR4, 0x400","33792"
"0xfff9342076b0","      LOP3.LUT R153, R151, 0x1, RZ, 0xc0, !PT","33792"
"0xfff9342076c0","      IMAD.U32 R145, RZ, RZ, UR4","33792"
"0xfff9342076d0","      ISETP.NE.AND P2, PT, R132, RZ, PT","33792"
"0xfff9342076e0","      IMAD.SHL.U32 R4, R151, 0x8, RZ","33792"
"0xfff9342076f0","      SHF.R.U32.HI R2, RZ, R153, R134","33792"
"0xfff934207700","      VIADD R5, R145, 0x658","33792"
"0xfff934207710","      IMAD.SHL.U32 R159, R151, 0x80, RZ","33792"
"0xfff934207720","      LOP3.LUT R4, R4, 0x8, RZ, 0xc0, !PT","33792"
"0xfff934207730","      LOP3.LUT R2, R2, 0x1, RZ, 0xc0, !PT","33792"
"0xfff934207740","      IMAD.U32 R146, RZ, RZ, UR5","33792"
"0xfff934207750","      LEA R7, R146, R5, 0x18","33792"
"0xfff934207760","      SHF.L.U32 R5, R2, 0x1f, RZ","33792"
"0xfff934207770","      LOP3.LUT R2, R159, 0x80, RZ, 0xc0, !PT","33792"
"0xfff934207780","      IMAD.IADD R4, R7, 0x1, R4","33792"
"0xfff934207790","      SYNCS.PHASECHK.TRANS64.TRYWAIT P0, [R4+URZ], R5","33792"
"0xfff9342077a0","@!P0  BRA 0xfff9342179c0","33792"
"0xfff9342077b0","      IMAD.IADD R2, R141, 0x1, R2","33792"
"0xfff9342077c0","      WARPSYNC.ALL","33792"
"0xfff9342077d0","      IMAD.MOV.U32 R4, RZ, RZ, 0x1","33792"
"0xfff9342077e0","      R2UR UR4, R2","33792"
"0xfff9342077f0","@!P2  VIADD R7, R145, 0x6e8","33792"
"0xfff934207800","      R2UR UR5, R2","33792"
"0xfff934207810","      VIADD R5, R159, 0x7f","33792"
"0xfff934207820","      R2UR UR10, R2","33792"
"0xfff934207830","      BSSY B3, 0xfff9342079d0","33792"
"0xfff934207840","      SHF.L.U32 R157, R4, R153, RZ","33792"
"0xfff934207850","      R2UR UR11, R2","33792"
"0xfff934207860","      LOP3.LUT P0, RZ, R157, R136, RZ, 0xc0, !PT","33792"
"0xfff934207870","@!P2  LEA R2, R146, R7, 0x18","33792"
"0xfff934207880","      LDTM.x32 R100, tmem[UR4]","33792"
"0xfff934207890","      ISETP.GT.AND P1, PT, R5, R150, PT","33792"
"0xfff9342078a0","      LDTM.x32 R68, tmem[UR5+0x20]","33792"
"0xfff9342078b0","@!P2  IMAD R2, R153, 0x8, R2","33792"
"0xfff9342078c0","      LDTM.x32 R36, tmem[UR10+0x40]","33792"
"0xfff9342078d0","      LDTM.x32 R4, tmem[UR11+0x60]","33792"
"0xfff9342078e0","      NOP","33792"
"0xfff9342078f0","@!P2  SYNCS.ARRIVE.TRANS64.A1T0 RZ, [R2+URZ], RZ","33792"
"0xfff934207900","@!P0  BRA 0xfff9342079c0","33792"
"0xfff934207910","      VIADD R161, R145, 0x728","29760"
"0xfff934207920","      SHF.R.U32.HI R2, RZ, R153, R137","29760"
"0xfff934207930","      BSSY B4, 0xfff9342079b0","29760"
"0xfff934207940","      LEA R148, R146, R161, 0x18","29760"
"0xfff934207950","      LOP3.LUT R2, R2, 0x1, RZ, 0xc0, !PT","29760"
"0xfff934207960","      IMAD R161, R153, 0x8, R148","29760"
"0xfff934207970","      SHF.L.U32 R2, R2, 0x1f, RZ","29760"
"0xfff934207980","      SYNCS.PHASECHK.TRANS64.TRYWAIT P0, [R161+URZ], R2","29760"
"0xfff934207990","@!P0  BRA 0xfff934217a00","29760"
"0xfff9342079a0","      BSYNC B4","29760"
"0xfff9342079b0","      LOP3.LUT R137, R157, R137, RZ, 0x3c, !PT","29760"
"0xfff9342079c0","      BSYNC B3","33792"
"0xfff9342079d0","      BSSY.RECONVERGENT B3, 0xfff934208df0","33792"
"0xfff9342079e0","@!P1  BRA 0xfff934208de0","33792"
"0xfff9342079f0","      VIADD R163, R159, 0x7e","2048"
"0xfff934207a00","      VIADD R161, R159, 0x2","2048"
"0xfff934207a10","      ISETP.GT.AND P6, PT, R163, R150, PT","2048"
"0xfff934207a20","      ISETP.GE.AND P0, PT, R163, R150, PT","2048"
"0xfff934207a30","      VIADD R163, R159, 0x4","2048"
"0xfff934207a40","      ISETP.GT.AND P1, PT, R161, R150, PT","2048"
"0xfff934207a50","      ISETP.GE.AND P3, PT, R161, R150, PT","2048"
"0xfff934207a60","      VIADD R161, R159, 0x6","2048"
"0xfff934207a70","      ISETP.GT.AND P4, PT, R163, R150, PT","2048"
"0xfff934207a80","      ISETP.GE.AND P5, PT, R163, R150, PT","2048"
"0xfff934207a90","      VIADD R163, R159, 0x8","2048"
"0xfff934207aa0","      FSEL R34, R34, -INF , !P6","2048"
"0xfff934207ab0","      FSEL R35, R35, -INF , !P0","2048"
"0xfff934207ac0","      ISETP.GT.AND P6, PT, R161, R150, PT","2048"
"0xfff934207ad0","      ISETP.GE.AND P0, PT, R161, R150, PT","2048"
"0xfff934207ae0","      VIADD R161, R159, 0xa","2048"
"0xfff934207af0","      FSEL R102, R102, -INF , !P1","2048"
"0xfff934207b00","      FSEL R103, R103, -INF , !P3","2048"
"0xfff934207b10","      ISETP.GT.AND P1, PT, R163, R150, PT","2048"
"0xfff934207b20","      ISETP.GE.AND P3, PT, R163, R150, PT","2048"
"0xfff934207b30","      VIADD R163, R159, 0xc","2048"
"0xfff934207b40","      FSEL R104, R104, -INF , !P4","2048"
"0xfff934207b50","      FSEL R105, R105, -INF , !P5","2048"
"0xfff934207b60","      ISETP.GT.AND P4, PT, R161, R150, PT","2048"
"0xfff934207b70","      ISETP.GE.AND P5, PT, R161, R150, PT","2048"
"0xfff934207b80","      VIADD R161, R159, 0xe","2048"
"0xfff934207b90","      FSEL R106, R106, -INF , !P6","2048"
"0xfff934207ba0","      FSEL R107, R107, -INF , !P0","2048"
"0xfff934207bb0","      ISETP.GT.AND P6, PT, R163, R150, PT","2048"
"0xfff934207bc0","      ISETP.GE.AND P0, PT, R163, R150, PT","2048"
"0xfff934207bd0","      VIADD R163, R159, 0x10","2048"
"0xfff934207be0","      FSEL R108, R108, -INF , !P1","2048"
"0xfff934207bf0","      FSEL R109, R109, -INF , !P3","2048"
"0xfff934207c00","      ISETP.GT.AND P1, PT, R161, R150, PT","2048"
"0xfff934207c10","      ISETP.GE.AND P3, PT, R161, R150, PT","2048"
"0xfff934207c20","      VIADD R161, R159, 0x12","2048"
"0xfff934207c30","      FSEL R110, R110, -INF , !P4","2048"
"0xfff934207c40","      FSEL R111, R111, -INF , !P5","2048"
"0xfff934207c50","      ISETP.GT.AND P4, PT, R163, R150, PT","2048"
"0xfff934207c60","      ISETP.GE.AND P5, PT, R163, R150, PT","2048"
"0xfff934207c70","      VIADD R163, R159, 0x14","2048"
"0xfff934207c80","      FSEL R112, R112, -INF , !P6","2048"
"0xfff934207c90","      FSEL R113, R113, -INF , !P0","2048"
"0xfff934207ca0","      ISETP.GT.AND P6, PT, R161, R150, PT","2048"
"0xfff934207cb0","      ISETP.GE.AND P0, PT, R161, R150, PT","2048"
"0xfff934207cc0","      VIADD R161, R159, 0x16","2048"
"0xfff934207cd0","      FSEL R114, R114, -INF , !P1","2048"
"0xfff934207ce0","      FSEL R115, R115, -INF , !P3","2048"
"0xfff934207cf0","      ISETP.GT.AND P1, PT, R163, R150, PT","2048"
"0xfff934207d00","      ISETP.GE.AND P3, PT, R163, R150, PT","2048"
"0xfff934207d10","      VIADD R163, R159, 0x18","2048"
"0xfff934207d20","      FSEL R116, R116, -INF , !P4","2048"
"0xfff934207d30","      FSEL R117, R117, -INF , !P5","2048"
"0xfff934207d40","      ISETP.GT.AND P4, PT, R161, R150, PT","2048"
"0xfff934207d50","      ISETP.GE.AND P5, PT, R161, R150, PT","2048"
"0xfff934207d60","      VIADD R161, R159, 0x1a","2048"
"0xfff934207d70","      FSEL R118, R118, -INF , !P6","2048"
"0xfff934207d80","      FSEL R119, R119, -INF , !P0","2048"
"0xfff934207d90","      ISETP.GT.AND P6, PT, R163, R150, PT","2048"
"0xfff934207da0","      ISETP.GE.AND P0, PT, R163, R150, PT","2048"
"0xfff934207db0","      VIADD R163, R159, 0x1c","2048"
"0xfff934207dc0","      FSEL R120, R120, -INF , !P1","2048"
"0xfff934207dd0","      FSEL R121, R121, -INF , !P3","2048"
"0xfff934207de0","      ISETP.GT.AND P1, PT, R161, R150, PT","2048"
"0xfff934207df0","      ISETP.GE.AND P3, PT, R161, R150, PT","2048"
"0xfff934207e00","      VIADD R161, R159, 0x1e","2048"
"0xfff934207e10","      FSEL R122, R122, -INF , !P4","2048"
"0xfff934207e20","      FSEL R123, R123, -INF , !P5","2048"
"0xfff934207e30","      ISETP.GT.AND P4, PT, R163, R150, PT","2048"
"0xfff934207e40","      ISETP.GE.AND P5, PT, R163, R150, PT","2048"
"0xfff934207e50","      VIADD R163, R159, 0x20","2048"
"0xfff934207e60","      FSEL R124, R124, -INF , !P6","2048"
"0xfff934207e70","      FSEL R125, R125, -INF , !P0","2048"
"0xfff934207e80","      ISETP.GT.AND P6, PT, R161, R150, PT","2048"
"0xfff934207e90","      ISETP.GE.AND P0, PT, R161, R150, PT","2048"
"0xfff934207ea0","      VIADD R161, R159, 0x22","2048"
"0xfff934207eb0","      FSEL R126, R126, -INF , !P1","2048"
"0xfff934207ec0","      FSEL R127, R127, -INF , !P3","2048"
"0xfff934207ed0","      ISETP.GT.AND P1, PT, R163, R150, PT","2048"
"0xfff934207ee0","      ISETP.GE.AND P3, PT, R163, R150, PT","2048"
"0xfff934207ef0","      VIADD R163, R159, 0x24","2048"
"0xfff934207f00","      FSEL R128, R128, -INF , !P4","2048"
"0xfff934207f10","      FSEL R129, R129, -INF , !P5","2048"
"0xfff934207f20","      ISETP.GT.AND P4, PT, R161, R150, PT","2048"
"0xfff934207f30","      ISETP.GE.AND P5, PT, R161, R150, PT","2048"
"0xfff934207f40","      VIADD R161, R159, 0x26","2048"
"0xfff934207f50","      FSEL R130, R130, -INF , !P6","2048"
"0xfff934207f60","      FSEL R131, R131, -INF , !P0","2048"
"0xfff934207f70","      ISETP.GT.AND P6, PT, R163, R150, PT","2048"
"0xfff934207f80","      ISETP.GE.AND P0, PT, R163, R150, PT","2048"
"0xfff934207f90","      VIADD R163, R159, 0x28","2048"
"0xfff934207fa0","      FSEL R68, R68, -INF , !P1","2048"
"0xfff934207fb0","      FSEL R69, R69, -INF , !P3","2048"
"0xfff934207fc0","      ISETP.GT.AND P1, PT, R161, R150, PT","2048"
"0xfff934207fd0","      ISETP.GE.AND P3, PT, R161, R150, PT","2048"
"0xfff934207fe0","      VIADD R161, R159, 0x2a","2048"
"0xfff934207ff0","      FSEL R70, R70, -INF , !P4","2048"
"0xfff934208000","      FSEL R71, R71, -INF , !P5","2048"
"0xfff934208010","      ISETP.GT.AND P4, PT, R163, R150, PT","2048"
"0xfff934208020","      ISETP.GE.AND P5, PT, R163, R150, PT","2048"
"0xfff934208030","      VIADD R163, R159, 0x2c","2048"
"0xfff934208040","      FSEL R72, R72, -INF , !P6","2048"
"0xfff934208050","      FSEL R73, R73, -INF , !P0","2048"
"0xfff934208060","      ISETP.GT.AND P6, PT, R161, R150, PT","2048"
"0xfff934208070","      ISETP.GE.AND P0, PT, R161, R150, PT","2048"
"0xfff934208080","      VIADD R161, R159, 0x2e","2048"
"0xfff934208090","      FSEL R74, R74, -INF , !P1","2048"
"0xfff9342080a0","      FSEL R75, R75, -INF , !P3","2048"
"0xfff9342080b0","      ISETP.GT.AND P1, PT, R163, R150, PT","2048"
"0xfff9342080c0","      ISETP.GE.AND P3, PT, R163, R150, PT","2048"
"0xfff9342080d0","      VIADD R163, R159, 0x30","2048"
"0xfff9342080e0","      FSEL R76, R76, -INF , !P4","2048"
"0xfff9342080f0","      FSEL R77, R77, -INF , !P5","2048"
"0xfff934208100","      ISETP.GT.AND P4, PT, R161, R150, PT","2048"
"0xfff934208110","      ISETP.GE.AND P5, PT, R161, R150, PT","2048"
"0xfff934208120","      VIADD R161, R159, 0x32","2048"
"0xfff934208130","      FSEL R78, R78, -INF , !P6","2048"
"0xfff934208140","      FSEL R79, R79, -INF , !P0","2048"
"0xfff934208150","      ISETP.GT.AND P6, PT, R163, R150, PT","2048"
"0xfff934208160","      ISETP.GE.AND P0, PT, R163, R150, PT","2048"
"0xfff934208170","      VIADD R163, R159, 0x34","2048"
"0xfff934208180","      FSEL R80, R80, -INF , !P1","2048"
"0xfff934208190","      FSEL R81, R81, -INF , !P3","2048"
"0xfff9342081a0","      ISETP.GT.AND P1, PT, R161, R150, PT","2048"
"0xfff9342081b0","      ISETP.GE.AND P3, PT, R161, R150, PT","2048"
"0xfff9342081c0","      VIADD R161, R159, 0x36","2048"
"0xfff9342081d0","      FSEL R82, R82, -INF , !P4","2048"
"0xfff9342081e0","      FSEL R83, R83, -INF , !P5","2048"
"0xfff9342081f0","      ISETP.GT.AND P4, PT, R163, R150, PT","2048"
"0xfff934208200","      ISETP.GE.AND P5, PT, R163, R150, PT","2048"
"0xfff934208210","      VIADD R163, R159, 0x38","2048"
"0xfff934208220","      FSEL R84, R84, -INF , !P6","2048"
"0xfff934208230","      FSEL R85, R85, -INF , !P0","2048"
"0xfff934208240","      ISETP.GT.AND P6, PT, R161, R150, PT","2048"
"0xfff934208250","      ISETP.GE.AND P0, PT, R161, R150, PT","2048"
"0xfff934208260","      VIADD R161, R159, 0x3a","2048"
"0xfff934208270","      FSEL R86, R86, -INF , !P1","2048"
"0xfff934208280","      FSEL R87, R87, -INF , !P3","2048"
"0xfff934208290","      ISETP.GT.AND P1, PT, R163, R150, PT","2048"
"0xfff9342082a0","      ISETP.GE.AND P3, PT, R163, R150, PT","2048"
"0xfff9342082b0","      VIADD R163, R159, 0x3c","2048"
"0xfff9342082c0","      FSEL R88, R88, -INF , !P4","2048"
"0xfff9342082d0","      FSEL R89, R89, -INF , !P5","2048"
"0xfff9342082e0","      ISETP.GT.AND P4, PT, R161, R150, PT","2048"
"0xfff9342082f0","      ISETP.GE.AND P5, PT, R161, R150, PT","2048"
"0xfff934208300","      VIADD R161, R159, 0x3e","2048"
"0xfff934208310","      FSEL R90, R90, -INF , !P6","2048"
"0xfff934208320","      FSEL R91, R91, -INF , !P0","2048"
"0xfff934208330","      ISETP.GT.AND P6, PT, R163, R150, PT","2048"
"0xfff934208340","      ISETP.GE.AND P0, PT, R163, R150, PT","2048"
"0xfff934208350","      VIADD R163, R159, 0x40","2048"
"0xfff934208360","      FSEL R92, R92, -INF , !P1","2048"
"0xfff934208370","      FSEL R93, R93, -INF , !P3","2048"
"0xfff934208380","      ISETP.GT.AND P1, PT, R161, R150, PT","2048"
"0xfff934208390","      ISETP.GE.AND P3, PT, R161, R150, PT","2048"
"0xfff9342083a0","      VIADD R161, R159, 0x42","2048"
"0xfff9342083b0","      FSEL R94, R94, -INF , !P4","2048"
"0xfff9342083c0","      FSEL R95, R95, -INF , !P5","2048"
"0xfff9342083d0","      ISETP.GT.AND P4, PT, R163, R150, PT","2048"
"0xfff9342083e0","      ISETP.GE.AND P5, PT, R163, R150, PT","2048"
"0xfff9342083f0","      VIADD R163, R159, 0x44","2048"
"0xfff934208400","      FSEL R96, R96, -INF , !P6","2048"
"0xfff934208410","      FSEL R97, R97, -INF , !P0","2048"
"0xfff934208420","      ISETP.GT.AND P6, PT, R161, R150, PT","2048"
"0xfff934208430","      ISETP.GE.AND P0, PT, R161, R150, PT","2048"
"0xfff934208440","      VIADD R161, R159, 0x46","2048"
"0xfff934208450","      FSEL R98, R98, -INF , !P1","2048"
"0xfff934208460","      FSEL R99, R99, -INF , !P3","2048"
"0xfff934208470","      ISETP.GT.AND P1, PT, R163, R150, PT","2048"
"0xfff934208480","      ISETP.GE.AND P3, PT, R163, R150, PT","2048"
"0xfff934208490","      VIADD R163, R159, 0x48","2048"
"0xfff9342084a0","      FSEL R36, R36, -INF , !P4","2048"
"0xfff9342084b0","      FSEL R37, R37, -INF , !P5","2048"
"0xfff9342084c0","      ISETP.GT.AND P4, PT, R161, R150, PT","2048"
"0xfff9342084d0","      ISETP.GE.AND P5, PT, R161, R150, PT","2048"
"0xfff9342084e0","      VIADD R161, R159, 0x4a","2048"
"0xfff9342084f0","      FSEL R38, R38, -INF , !P6","2048"
"0xfff934208500","      FSEL R39, R39, -INF , !P0","2048"
"0xfff934208510","      ISETP.GT.AND P6, PT, R163, R150, PT","2048"
"0xfff934208520","      ISETP.GE.AND P0, PT, R163, R150, PT","2048"
"0xfff934208530","      VIADD R163, R159, 0x4c","2048"
"0xfff934208540","      FSEL R40, R40, -INF , !P1","2048"
"0xfff934208550","      FSEL R41, R41, -INF , !P3","2048"
"0xfff934208560","      ISETP.GT.AND P1, PT, R161, R150, PT","2048"
"0xfff934208570","      ISETP.GE.AND P3, PT, R161, R150, PT","2048"
"0xfff934208580","      VIADD R161, R159, 0x4e","2048"
"0xfff934208590","      FSEL R42, R42, -INF , !P4","2048"
"0xfff9342085a0","      FSEL R43, R43, -INF , !P5","2048"
"0xfff9342085b0","      ISETP.GT.AND P4, PT, R163, R150, PT","2048"
"0xfff9342085c0","      ISETP.GE.AND P5, PT, R163, R150, PT","2048"
"0xfff9342085d0","      VIADD R163, R159, 0x50","2048"
"0xfff9342085e0","      FSEL R44, R44, -INF , !P6","2048"
"0xfff9342085f0","      FSEL R45, R45, -INF , !P0","2048"
"0xfff934208600","      ISETP.GT.AND P6, PT, R161, R150, PT","2048"
"0xfff934208610","      ISETP.GE.AND P0, PT, R161, R150, PT","2048"
"0xfff934208620","      VIADD R161, R159, 0x52","2048"
"0xfff934208630","      FSEL R46, R46, -INF , !P1","2048"
"0xfff934208640","      FSEL R47, R47, -INF , !P3","2048"
"0xfff934208650","      ISETP.GT.AND P1, PT, R163, R150, PT","2048"
"0xfff934208660","      ISETP.GE.AND P3, PT, R163, R150, PT","2048"
"0xfff934208670","      VIADD R163, R159, 0x54","2048"
"0xfff934208680","      FSEL R48, R48, -INF , !P4","2048"
"0xfff934208690","      FSEL R49, R49, -INF , !P5","2048"
"0xfff9342086a0","      ISETP.GT.AND P4, PT, R161, R150, PT","2048"
"0xfff9342086b0","      ISETP.GE.AND P5, PT, R161, R150, PT","2048"
"0xfff9342086c0","      VIADD R161, R159, 0x56","2048"
"0xfff9342086d0","      FSEL R50, R50, -INF , !P6","2048"
"0xfff9342086e0","      FSEL R51, R51, -INF , !P0","2048"
"0xfff9342086f0","      ISETP.GT.AND P6, PT, R163, R150, PT","2048"
"0xfff934208700","      ISETP.GE.AND P0, PT, R163, R150, PT","2048"
"0xfff934208710","      VIADD R163, R159, 0x58","2048"
"0xfff934208720","      FSEL R52, R52, -INF , !P1","2048"
"0xfff934208730","      FSEL R53, R53, -INF , !P3","2048"
"0xfff934208740","      ISETP.GT.AND P1, PT, R161, R150, PT","2048"
"0xfff934208750","      ISETP.GE.AND P3, PT, R161, R150, PT","2048"
"0xfff934208760","      VIADD R161, R159, 0x5a","2048"
"0xfff934208770","      FSEL R54, R54, -INF , !P4","2048"
"0xfff934208780","      FSEL R55, R55, -INF , !P5","2048"
"0xfff934208790","      ISETP.GT.AND P4, PT, R163, R150, PT","2048"
"0xfff9342087a0","      ISETP.GE.AND P5, PT, R163, R150, PT","2048"
"0xfff9342087b0","      VIADD R163, R159, 0x5c","2048"
"0xfff9342087c0","      FSEL R56, R56, -INF , !P6","2048"
"0xfff9342087d0","      FSEL R57, R57, -INF , !P0","2048"
"0xfff9342087e0","      ISETP.GT.AND P6, PT, R161, R150, PT","2048"
"0xfff9342087f0","      ISETP.GE.AND P0, PT, R161, R150, PT","2048"
"0xfff934208800","      VIADD R161, R159, 0x5e","2048"
"0xfff934208810","      FSEL R58, R58, -INF , !P1","2048"
"0xfff934208820","      FSEL R59, R59, -INF , !P3","2048"
"0xfff934208830","      ISETP.GT.AND P1, PT, R163, R150, PT","2048"
"0xfff934208840","      ISETP.GE.AND P3, PT, R163, R150, PT","2048"
"0xfff934208850","      VIADD R163, R159, 0x60","2048"
"0xfff934208860","      FSEL R60, R60, -INF , !P4","2048"
"0xfff934208870","      FSEL R61, R61, -INF , !P5","2048"
"0xfff934208880","      ISETP.GT.AND P4, PT, R161, R150, PT","2048"
"0xfff934208890","      ISETP.GE.AND P5, PT, R161, R150, PT","2048"
"0xfff9342088a0","      VIADD R161, R159, 0x62","2048"
"0xfff9342088b0","      FSEL R62, R62, -INF , !P6","2048"
"0xfff9342088c0","      FSEL R63, R63, -INF , !P0","2048"
"0xfff9342088d0","      ISETP.GT.AND P6, PT, R163, R150, PT","2048"
"0xfff9342088e0","      ISETP.GE.AND P0, PT, R163, R150, PT","2048"
"0xfff9342088f0","      VIADD R163, R159, 0x64","2048"
"0xfff934208900","      FSEL R64, R64, -INF , !P1","2048"
"0xfff934208910","      FSEL R65, R65, -INF , !P3","2048"
"0xfff934208920","      ISETP.GT.AND P1, PT, R161, R150, PT","2048"
"0xfff934208930","      ISETP.GE.AND P3, PT, R161, R150, PT","2048"
"0xfff934208940","      VIADD R161, R159, 0x66","2048"
"0xfff934208950","      FSEL R66, R66, -INF , !P4","2048"
"0xfff934208960","      FSEL R67, R67, -INF , !P5","2048"
"0xfff934208970","      ISETP.GT.AND P4, PT, R163, R150, PT","2048"
"0xfff934208980","      ISETP.GE.AND P5, PT, R163, R150, PT","2048"
"0xfff934208990","      VIADD R163, R159, 0x68","2048"
"0xfff9342089a0","      FSEL R4, R4, -INF , !P6","2048"
"0xfff9342089b0","      FSEL R5, R5, -INF , !P0","2048"
"0xfff9342089c0","      ISETP.GT.AND P6, PT, R161, R150, PT","2048"
"0xfff9342089d0","      ISETP.GE.AND P0, PT, R161, R150, PT","2048"
"0xfff9342089e0","      VIADD R161, R159, 0x6a","2048"
"0xfff9342089f0","      FSEL R6, R6, -INF , !P1","2048"
"0xfff934208a00","      FSEL R7, R7, -INF , !P3","2048"
"0xfff934208a10","      ISETP.GT.AND P1, PT, R163, R150, PT","2048"
"0xfff934208a20","      ISETP.GE.AND P3, PT, R163, R150, PT","2048"
"0xfff934208a30","      VIADD R163, R159, 0x6c","2048"
"0xfff934208a40","      FSEL R8, R8, -INF , !P4","2048"
"0xfff934208a50","      FSEL R9, R9, -INF , !P5","2048"
"0xfff934208a60","      ISETP.GT.AND P4, PT, R161, R150, PT","2048"
"0xfff934208a70","      ISETP.GE.AND P5, PT, R161, R150, PT","2048"
"0xfff934208a80","      VIADD R161, R159, 0x6e","2048"
"0xfff934208a90","      FSEL R10, R10, -INF , !P6","2048"
"0xfff934208aa0","      FSEL R11, R11, -INF , !P0","2048"
"0xfff934208ab0","      ISETP.GT.AND P6, PT, R163, R150, PT","2048"
"0xfff934208ac0","      ISETP.GE.AND P0, PT, R163, R150, PT","2048"
"0xfff934208ad0","      VIADD R163, R159, 0x70","2048"
"0xfff934208ae0","      FSEL R12, R12, -INF , !P1","2048"
"0xfff934208af0","      FSEL R13, R13, -INF , !P3","2048"
"0xfff934208b00","      ISETP.GT.AND P1, PT, R161, R150, PT","2048"
"0xfff934208b10","      ISETP.GE.AND P3, PT, R161, R150, PT","2048"
"0xfff934208b20","      VIADD R161, R159, 0x72","2048"
"0xfff934208b30","      FSEL R14, R14, -INF , !P4","2048"
"0xfff934208b40","      FSEL R15, R15, -INF , !P5","2048"
"0xfff934208b50","      ISETP.GT.AND P4, PT, R163, R150, PT","2048"
"0xfff934208b60","      ISETP.GE.AND P5, PT, R163, R150, PT","2048"
"0xfff934208b70","      VIADD R163, R159, 0x74","2048"
"0xfff934208b80","      FSEL R16, R16, -INF , !P6","2048"
"0xfff934208b90","      FSEL R17, R17, -INF , !P0","2048"
"0xfff934208ba0","      ISETP.GT.AND P6, PT, R161, R150, PT","2048"
"0xfff934208bb0","      ISETP.GE.AND P0, PT, R161, R150, PT","2048"
"0xfff934208bc0","      VIADD R161, R159, 0x76","2048"
"0xfff934208bd0","      FSEL R18, R18, -INF , !P1","2048"
"0xfff934208be0","      FSEL R19, R19, -INF , !P3","2048"
"0xfff934208bf0","      ISETP.GT.AND P1, PT, R163, R150, PT","2048"
"0xfff934208c00","      ISETP.GE.AND P3, PT, R163, R150, PT","2048"
"0xfff934208c10","      VIADD R163, R159, 0x78","2048"
"0xfff934208c20","      FSEL R20, R20, -INF , !P4","2048"
"0xfff934208c30","      FSEL R21, R21, -INF , !P5","2048"
"0xfff934208c40","      ISETP.GT.AND P4, PT, R161, R150, PT","2048"
"0xfff934208c50","      ISETP.GE.AND P5, PT, R161, R150, PT","2048"
"0xfff934208c60","      VIADD R161, R159, 0x7a","2048"
"0xfff934208c70","      FSEL R24, R24, -INF , !P1","2048"
"0xfff934208c80","      FSEL R25, R25, -INF , !P3","2048"
"0xfff934208c90","      FSEL R22, R22, -INF , !P6","2048"
"0xfff934208ca0","      ISETP.GT.AND P1, PT, R159, R150, PT","2048"
"0xfff934208cb0","      ISETP.GE.AND P3, PT, R159, R150, PT","2048"
"0xfff934208cc0","      VIADD R159, R159, 0x7c","2048"
"0xfff934208cd0","      ISETP.GT.AND P6, PT, R163, R150, PT","2048"
"0xfff934208ce0","      FSEL R23, R23, -INF , !P0","2048"
"0xfff934208cf0","      FSEL R26, R26, -INF , !P4","2048"
"0xfff934208d00","      FSEL R27, R27, -INF , !P5","2048"
"0xfff934208d10","      FSEL R28, R28, -INF , !P6","2048"
"0xfff934208d20","      FSEL R100, R100, -INF , !P1","2048"
"0xfff934208d30","      ISETP.GE.AND P0, PT, R163, R150, PT","2048"
"0xfff934208d40","      ISETP.GT.AND P4, PT, R161, R150, PT","2048"
"0xfff934208d50","      ISETP.GE.AND P5, PT, R161, R150, PT","2048"
"0xfff934208d60","      ISETP.GT.AND P6, PT, R159, R150, PT","2048"
"0xfff934208d70","      ISETP.GE.AND P1, PT, R159, R150, PT","2048"
"0xfff934208d80","      FSEL R101, R101, -INF , !P3","2048"
"0xfff934208d90","      FSEL R29, R29, -INF , !P0","2048"
"0xfff934208da0","      FSEL R30, R30, -INF , !P4","2048"
"0xfff934208db0","      FSEL R31, R31, -INF , !P5","2048"
"0xfff934208dc0","      FSEL R32, R32, -INF , !P6","2048"
"0xfff934208dd0","      FSEL R33, R33, -INF , !P1","2048"
"0xfff934208de0","      BSYNC.RECONVERGENT B3","34304"
"0xfff934208df0","      FMNMX3 R2, R100, -INF , R101, !PT","33792"
"0xfff934208e00","      FMNMX3 R148, R68, -INF , R69, !PT","33792"
"0xfff934208e10","      FMNMX3 R152, R36, -INF , R37, !PT","33792"
"0xfff934208e20","      FMNMX3 R154, R4, -INF , R5, !PT","33792"
"0xfff934208e30","      FMNMX3 R2, R2, R102, R103, !PT","33792"
"0xfff934208e40","      FMNMX3 R148, R148, R70, R71, !PT","33792"
"0xfff934208e50","      FMNMX3 R152, R152, R38, R39, !PT","33792"
"0xfff934208e60","      FMNMX3 R154, R154, R6, R7, !PT","33792"
"0xfff934208e70","      FMNMX3 R2, R2, R104, R105, !PT","33792"
"0xfff934208e80","      FMNMX3 R148, R148, R72, R73, !PT","33792"
"0xfff934208e90","      FMNMX3 R152, R152, R40, R41, !PT","33792"
"0xfff934208ea0","      FMNMX3 R154, R154, R8, R9, !PT","33792"
"0xfff934208eb0","      FMNMX3 R2, R2, R106, R107, !PT","33792"
"0xfff934208ec0","      FMNMX3 R148, R148, R74, R75, !PT","33792"
"0xfff934208ed0","      FMNMX3 R152, R152, R42, R43, !PT","33792"
"0xfff934208ee0","      FMNMX3 R154, R154, R10, R11, !PT","33792"
"0xfff934208ef0","      FMNMX3 R2, R2, R108, R109, !PT","33792"
"0xfff934208f00","      FMNMX3 R148, R148, R76, R77, !PT","33792"
"0xfff934208f10","      FMNMX3 R152, R152, R44, R45, !PT","33792"
"0xfff934208f20","      FMNMX3 R154, R154, R12, R13, !PT","33792"
"0xfff934208f30","      FMNMX3 R2, R2, R110, R111, !PT","33792"
"0xfff934208f40","      FMNMX3 R148, R148, R78, R79, !PT","33792"
"0xfff934208f50","      FMNMX3 R152, R152, R46, R47, !PT","33792"
"0xfff934208f60","      FMNMX3 R154, R154, R14, R15, !PT","33792"
"0xfff934208f70","      FMNMX3 R2, R2, R112, R113, !PT","33792"
"0xfff934208f80","      FMNMX3 R148, R148, R80, R81, !PT","33792"
"0xfff934208f90","      FMNMX3 R152, R152, R48, R49, !PT","33792"
"0xfff934208fa0","      FMNMX3 R154, R154, R16, R17, !PT","33792"
"0xfff934208fb0","      FMNMX3 R2, R2, R114, R115, !PT","33792"
"0xfff934208fc0","      FMNMX3 R148, R148, R82, R83, !PT","33792"
"0xfff934208fd0","      FMNMX3 R152, R152, R50, R51, !PT","33792"
"0xfff934208fe0","      FMNMX3 R154, R154, R18, R19, !PT","33792"
"0xfff934208ff0","      FMNMX3 R2, R2, R116, R117, !PT","33792"
"0xfff934209000","      FMNMX3 R148, R148, R84, R85, !PT","33792"
"0xfff934209010","      FMNMX3 R152, R152, R52, R53, !PT","33792"
"0xfff934209020","      FMNMX3 R154, R154, R20, R21, !PT","33792"
"0xfff934209030","      FMNMX3 R2, R2, R118, R119, !PT","33792"
"0xfff934209040","      FMNMX3 R148, R148, R86, R87, !PT","33792"
"0xfff934209050","      FMNMX3 R152, R152, R54, R55, !PT","33792"
"0xfff934209060","      FMNMX3 R154, R154, R22, R23, !PT","33792"
"0xfff934209070","      FMNMX3 R2, R2, R120, R121, !PT","33792"
"0xfff934209080","      FMNMX3 R148, R148, R88, R89, !PT","33792"
"0xfff934209090","      FMNMX3 R152, R152, R56, R57, !PT","33792"
"0xfff9342090a0","      FMNMX3 R154, R154, R24, R25, !PT","33792"
"0xfff9342090b0","      FMNMX3 R2, R2, R122, R123, !PT","33792"
"0xfff9342090c0","      FMNMX3 R148, R148, R90, R91, !PT","33792"
"0xfff9342090d0","      FMNMX3 R152, R152, R58, R59, !PT","33792"
"0xfff9342090e0","      FMNMX3 R154, R154, R26, R27, !PT","33792"
"0xfff9342090f0","      FMNMX3 R2, R2, R124, R125, !PT","33792"
"0xfff934209100","      FMNMX3 R148, R148, R92, R93, !PT","33792"
"0xfff934209110","      FMNMX3 R152, R152, R60, R61, !PT","33792"
"0xfff934209120","      FMNMX3 R154, R154, R28, R29, !PT","33792"
"0xfff934209130","      FMNMX3 R2, R2, R126, R127, !PT","33792"
"0xfff934209140","      FMNMX3 R148, R148, R94, R95, !PT","33792"
"0xfff934209150","      FMNMX3 R152, R152, R62, R63, !PT","33792"
"0xfff934209160","      FMNMX3 R154, R154, R30, R31, !PT","33792"
"0xfff934209170","      FMNMX3 R2, R2, R128, R129, !PT","33792"
"0xfff934209180","      FMNMX3 R148, R148, R96, R97, !PT","33792"
"0xfff934209190","      FMNMX3 R152, R152, R64, R65, !PT","33792"
"0xfff9342091a0","      FMNMX3 R154, R154, R32, R33, !PT","33792"
"0xfff9342091b0","      FMNMX3 R159, R2, R130, R131, !PT","33792"
"0xfff9342091c0","      FMNMX3 R156, R148, R98, R99, !PT","33792"
"0xfff9342091d0","      FMNMX3 R161, R152, R66, R67, !PT","33792"
"0xfff9342091e0","      FMNMX3 R163, R154, R34, R35, !PT","33792"
"0xfff9342091f0","      FMNMX3 R148, R159, R156, R161, !PT","33792"
"0xfff934209200","      ISETP.NE.AND P1, PT, R151, RZ, PT","33792"
"0xfff934209210","      FMNMX3 R148, R148, R163, R155, !PT","33792"
"0xfff934209220","      ISETP.GT.AND P1, PT, R143, RZ, !P1","33792"
"0xfff934209230","      FSETP.NE.AND P0, PT, |R148|, +INF , PT","33792"
"0xfff934209240","      FSETP.EQ.OR P1, PT, R147, RZ, P1","33792"
"0xfff934209250","      FSETP.EQU.OR P5, PT, |R159|, +INF , !P0","33792"
"0xfff934209260","      FSETP.EQU.OR P3, PT, |R156|, +INF , !P0","33792"
"0xfff934209270","      FSETP.EQU.OR P4, PT, |R161|, +INF , !P0","33792"
"0xfff934209280","      FSETP.EQU.OR P0, PT, |R163|, +INF , !P0","33792"
"0xfff934209290","      FSETP.EQU.OR P1, PT, |R155|, +INF , P1","33792"
"0xfff9342092a0","      PRMT R164, RZ, 0x7610, R164","33792"
"0xfff9342092b0","      FSETP.EQU.OR P1, PT, |R148|, +INF , P1","33792"
"0xfff9342092c0","@!P5  FADD R2, -R148, R159","33792"
"0xfff9342092d0","      LOP3.LUT R134, R157, R134, RZ, 0x3c, !PT","33792"
"0xfff9342092e0","      LOP3.LUT R136, R157, R136, RZ, 0xfc, !PT","33792"
"0xfff9342092f0","@!P5  FFMA R152, R147, R2, 11.392317771911621094","33792"
"0xfff934209300","@!P3  FADD R2, -R148, R156","33792"
"0xfff934209310","@!P5  F2I.FLOOR.NTZ R154, R152","33792"
"0xfff934209320","@!P3  FFMA R156, R147, R2, 11.392317771911621094","33792"
"0xfff934209330","@!P4  FADD R2, -R148, R161","33792"
"0xfff934209340","      PRMT R161, RZ, 0x7610, R161","33792"
"0xfff934209350","@!P4  FFMA R158, R147, R2, 11.392317771911621094","33792"
"0xfff934209360","@!P0  FADD R2, -R148, R163","33792"
"0xfff934209370","@!P3  F2I.FLOOR.NTZ R156, R156","33792"
"0xfff934209380","      IMAD.MOV.U32 R152, RZ, RZ, 0x3f800000","33792"
"0xfff934209390","@!P0  FFMA R159, R147, R2, 11.392317771911621094","33792"
"0xfff9342093a0","@!P1  FADD R2, -R148, R155","33792"
"0xfff9342093b0","@!P5  VIADD R155, R154, 0x7f","33792"
"0xfff9342093c0","@!P4  F2I.FLOOR.NTZ R158, R158","33792"
"0xfff9342093d0","@!P1  FMUL R2, R147, R2","33792"
"0xfff9342093e0","@!P5  ISETP.GT.AND P6, PT, R154, 0x7f, PT","33792"
"0xfff9342093f0","@!P5  SEL R155, R155, 0xfffe, !P6","33792"
"0xfff934209400","@!P0  F2I.FLOOR.NTZ R159, R159","33792"
"0xfff934209410","@!P4  ISETP.GT.AND P6, PT, R158, 0x7f, PT","33792"
"0xfff934209420","@!P1  MUFU.EX2 R152, R2","33792"
"0xfff934209430","@!P5  ISETP.GE.AND P1, PT, R154, -0x7e, PT","33792"
"0xfff934209440","@!P3  VIADD R154, R156, 0x7f","33792"
"0xfff934209450","@!P5  SEL R164, R155, RZ, P1","33792"
"0xfff934209460","@!P4  VIADD R155, R158, 0x7f","33792"
"0xfff934209470","@!P0  ISETP.GT.AND P5, PT, R159, 0x7f, PT","33792"
"0xfff934209480","@!P0  VIADD R160, R159, 0x7f","33792"
"0xfff934209490","@!P3  ISETP.GT.AND P1, PT, R156, 0x7f, PT","33792"
"0xfff9342094a0","@!P4  SEL R155, R155, 0xfffe, !P6","33792"
"0xfff9342094b0","@!P4  ISETP.GE.AND P6, PT, R158, -0x7e, PT","33792"
"0xfff9342094c0","@!P0  SEL R160, R160, 0xfffe, !P5","33792"
"0xfff9342094d0","@!P0  ISETP.GE.AND P5, PT, R159, -0x7e, PT","33792"
"0xfff9342094e0","      PRMT R159, RZ, 0x7610, R159","33792"
"0xfff9342094f0","@!P4  SEL R159, R155, RZ, P6","33792"
"0xfff934209500","@!P3  SEL R154, R154, 0xfffe, !P1","33792"
"0xfff934209510","@!P3  ISETP.GE.AND P1, PT, R156, -0x7e, PT","33792"
"0xfff934209520","      LOP3.LUT R155, R159, 0xffff, RZ, 0xc0, !PT","33792"
"0xfff934209530","@!P3  SEL R161, R154, RZ, P1","33792"
"0xfff934209540","      PRMT R158, RZ, 0x7610, R158","33792"
"0xfff934209550","      IMAD.U32 R2, R155, 0x10000, RZ","33792"
"0xfff934209560","      LOP3.LUT R154, R161, 0xffff, RZ, 0xc0, !PT","33792"
"0xfff934209570","@!P0  SEL R158, R160, RZ, P5","33792"
"0xfff934209580","      LOP3.LUT R168, R154, 0xff, RZ, 0xc0, !PT","33792"
"0xfff934209590","      IMAD.SHL.U32 R154, R154, 0x800000, RZ","33792"
"0xfff9342095a0","      LOP3.LUT R157, R2, 0xff0000, RZ, 0xc0, !PT","33792"
"0xfff9342095b0","      LOP3.LUT R2, R164, 0xffff, RZ, 0xc0, !PT","33792"
"0xfff9342095c0","      LOP3.LUT R162, R158, 0xffff, RZ, 0xc0, !PT","33792"
"0xfff9342095d0","      IMAD R157, R168, 0x100, R157","33792"
"0xfff9342095e0","      LOP3.LUT R156, R155, 0xff, RZ, 0xc0, !PT","33792"
"0xfff9342095f0","      IMAD.SHL.U32 R155, R155, 0x800000, RZ","33792"
"0xfff934209600","      LOP3.LUT R173, R2, 0xff, RZ, 0xc0, !PT","33792"
"0xfff934209610","      IMAD.SHL.U32 R2, R2, 0x800000, RZ","33792"
"0xfff934209620","      LOP3.LUT R165, R162, 0xff, RZ, 0xc0, !PT","33792"
"0xfff934209630","      IMAD R170, R162, 0x1000000, R157","33792"
"0xfff934209640","      LOP3.LUT R163, R155, 0x7f800000, RZ, 0xc0, !PT","33792"
"0xfff934209650","      IMAD.SHL.U32 R169, R162, 0x800000, RZ","33792"
"0xfff934209660","      LOP3.LUT R155, R2, 0x7f800000, RZ, 0xc0, !PT","33792"
"0xfff934209670","      VIADD R162, R156, 0xffffff81","33792"
"0xfff934209680","      FSETP.NEU.AND P5, PT, R147, RZ, PT","33792"
"0xfff934209690","      VIADD R156, R168, 0xffffff81","33792"
"0xfff9342096a0","      LOP3.LUT R157, R154, 0x7f800000, RZ, 0xc0, !PT","33792"
"0xfff9342096b0","      VIADD R168, R165, 0xffffff81","33792"
"0xfff9342096c0","      LOP3.LUT R171, R169, 0x7f800000, RZ, 0xc0, !PT","33792"
"0xfff9342096d0","      VIADD R2, R173, 0xffffff81","33792"
"0xfff9342096e0","      I2FP.F32.S32 R165, R162","33792"
"0xfff9342096f0","      IMAD.IADD R154, R173, 0x1, R170","33792"
"0xfff934209700","      FMUL R169, R163, 6.2003971834201365709e-05","33792"
"0xfff934209710","      LOP3.LUT P3, R159, R159, 0xff, RZ, 0xc0, !PT","33792"
"0xfff934209720","      FMUL R162, R155, 6.2003971834201365709e-05","33792"
"0xfff934209730","      I2FP.F32.S32 R163, R156","33792"
"0xfff934209740","      FMUL R157, R157, 6.2003971834201365709e-05","33792"
"0xfff934209750","      I2FP.F32.S32 R170, R168","33792"
"0xfff934209760","      FADD R168, -R165, 13.9772796630859375","33792"
"0xfff934209770","      I2FP.F32.S32 R2, R2","33792"
"0xfff934209780","      FMUL R171, R171, 6.2003971834201365709e-05","33792"
"0xfff934209790","      FSEL R156, R169, RZ, P3","33792"
"0xfff9342097a0","      FADD R165, -R163, 13.9772796630859375","33792"
"0xfff9342097b0","      LOP3.LUT P1, R164, R164, 0xff, RZ, 0xc0, !PT","33792"
"0xfff9342097c0","      FADD R170, -R170, 13.9772796630859375","33792"
"0xfff9342097d0","      FADD R169, -R2, 13.9772796630859375","33792"
"0xfff9342097e0","      LOP3.LUT P0, R161, R161, 0xff, RZ, 0xc0, !PT","33792"
"0xfff9342097f0","      LOP3.LUT P4, R158, R158, 0xff, RZ, 0xc0, !PT","33792"
"0xfff934209800","      FSEL R2, R162, RZ, P1","33792"
"0xfff934209810","      LEA R160, R153, UR45, 0xd","33792"
"0xfff934209820","      FSEL R157, R157, RZ, P0","33792"
"0xfff934209830","      FSEL R155, R171, RZ, P4","33792"
"0xfff934209840","      FSEL R163, R168, RZ, P3","33792"
"0xfff934209850","      FSEL R165, R165, RZ, P0","33792"
"0xfff934209860","      FSEL R162, R170, RZ, P4","33792"
"0xfff934209870","      FSEL R169, R169, RZ, P1","33792"
"0xfff934209880","@!P5  BRA 0xfff93420b060","33792"
"0xfff934209890","      FMUL R164, R147, R148","33792"
"0xfff9342098a0","      ISETP.NE.AND P3, PT, R161, RZ, PT","33792"
"0xfff9342098b0","      ISETP.NE.AND P4, PT, R159, RZ, PT","33792"
"0xfff9342098c0","      FADD R168, R169, -R164","33792"
"0xfff9342098d0","      FADD R162, R162, -R164","33792"
"0xfff9342098e0","      ISETP.NE.AND P5, PT, R158, RZ, PT","33792"
"0xfff9342098f0","      FFMA2 R100, R100.F32x2.HI_LO, R147.F32, R168.F32","33792"
"0xfff934209900","      FFMA2 R102, R102.F32x2.HI_LO, R147.F32, R168.F32","33792"
"0xfff934209910","      FFMA2 R104, R104.F32x2.HI_LO, R147.F32, R168.F32","33792"
"0xfff934209920","      FFMA2 R106, R106.F32x2.HI_LO, R147.F32, R168.F32","33792"
"0xfff934209930","      MUFU.EX2 R100, R100","33792"
"0xfff934209940","      FFMA2 R108, R108.F32x2.HI_LO, R147.F32, R168.F32","33792"
"0xfff934209950","      FFMA2 R110, R110.F32x2.HI_LO, R147.F32, R168.F32","33792"
"0xfff934209960","      FFMA2 R112, R112.F32x2.HI_LO, R147.F32, R168.F32","33792"
"0xfff934209970","      FFMA2 R114, R114.F32x2.HI_LO, R147.F32, R168.F32","33792"
"0xfff934209980","      MUFU.EX2 R102, R102","33792"
"0xfff934209990","      FFMA2 R116, R116.F32x2.HI_LO, R147.F32, R168.F32","33792"
"0xfff9342099a0","      FFMA2 R118, R118.F32x2.HI_LO, R147.F32, R168.F32","33792"
"0xfff9342099b0","      FFMA2 R120, R120.F32x2.HI_LO, R147.F32, R168.F32","33792"
"0xfff9342099c0","      FFMA2 R122, R122.F32x2.HI_LO, R147.F32, R168.F32","33792"
"0xfff9342099d0","      MUFU.EX2 R103, R103","33792"
"0xfff9342099e0","      FFMA2 R124, R124.F32x2.HI_LO, R147.F32, R168.F32","33792"
"0xfff9342099f0","      FFMA2 R126, R126.F32x2.HI_LO, R147.F32, R168.F32","33792"
"0xfff934209a00","      FFMA2 R128, R128.F32x2.HI_LO, R147.F32, R168.F32","33792"
"0xfff934209a10","      FFMA2 R130, R130.F32x2.HI_LO, R147.F32, R168.F32","33792"
"0xfff934209a20","      MUFU.EX2 R106, R106","33792"
"0xfff934209a30","      FADD R168, R165, -R164","33792"
"0xfff934209a40","      FFMA2 R4, R4.F32x2.HI_LO, R147.F32, R162.F32","33792"
"0xfff934209a50","      FFMA2 R10, R10.F32x2.HI_LO, R147.F32, R162.F32","33792"
"0xfff934209a60","      FFMA2 R70, R70.F32x2.HI_LO, R147.F32, R168.F32","33792"
"0xfff934209a70","      FFMA2 R68, R68.F32x2.HI_LO, R147.F32, R168.F32","33792"
"0xfff934209a80","      MUFU.EX2 R107, R107","33792"
"0xfff934209a90","      FFMA2 R72, R72.F32x2.HI_LO, R147.F32, R168.F32","33792"
"0xfff934209aa0","      FFMA2 R74, R74.F32x2.HI_LO, R147.F32, R168.F32","33792"
"0xfff934209ab0","      FFMA2 R76, R76.F32x2.HI_LO, R147.F32, R168.F32","33792"
"0xfff934209ac0","      FFMA2 R78, R78.F32x2.HI_LO, R147.F32, R168.F32","33792"
"0xfff934209ad0","      MUFU.EX2 R70, R70","33792"
"0xfff934209ae0","      FFMA2 R80, R80.F32x2.HI_LO, R147.F32, R168.F32","33792"
"0xfff934209af0","      FFMA2 R82, R82.F32x2.HI_LO, R147.F32, R168.F32","33792"
"0xfff934209b00","      FFMA2 R84, R84.F32x2.HI_LO, R147.F32, R168.F32","33792"
"0xfff934209b10","      FFMA2 R86, R86.F32x2.HI_LO, R147.F32, R168.F32","33792"
"0xfff934209b20","      MUFU.EX2 R71, R71","33792"
"0xfff934209b30","      FFMA2 R88, R88.F32x2.HI_LO, R147.F32, R168.F32","33792"
"0xfff934209b40","      FFMA2 R90, R90.F32x2.HI_LO, R147.F32, R168.F32","33792"
"0xfff934209b50","      FFMA2 R92, R92.F32x2.HI_LO, R147.F32, R168.F32","33792"
"0xfff934209b60","      FFMA2 R94, R94.F32x2.HI_LO, R147.F32, R168.F32","33792"
"0xfff934209b70","      MUFU.EX2 R74, R74","33792"
"0xfff934209b80","      FFMA2 R96, R96.F32x2.HI_LO, R147.F32, R168.F32","33792"
"0xfff934209b90","      FFMA2 R98, R98.F32x2.HI_LO, R147.F32, R168.F32","33792"
"0xfff934209ba0","      FADD R168, R163, -R164","33792"
"0xfff934209bb0","      FFMA2 R8, R8.F32x2.HI_LO, R147.F32, R162.F32","33792"
"0xfff934209bc0","      MUFU.EX2 R75, R75","33792"
"0xfff934209bd0","      FFMA2 R36, R36.F32x2.HI_LO, R147.F32, R168.F32","33792"
"0xfff934209be0","      FFMA2 R38, R38.F32x2.HI_LO, R147.F32, R168.F32","33792"
"0xfff934209bf0","      FFMA2 R40, R40.F32x2.HI_LO, R147.F32, R168.F32","33792"
"0xfff934209c00","      FFMA2 R42, R42.F32x2.HI_LO, R147.F32, R168.F32","33792"
"0xfff934209c10","      MUFU.EX2 R101, R101","33792"
"0xfff934209c20","      FFMA2 R44, R44.F32x2.HI_LO, R147.F32, R168.F32","33792"
"0xfff934209c30","      FFMA2 R46, R46.F32x2.HI_LO, R147.F32, R168.F32","33792"
"0xfff934209c40","      FFMA2 R48, R48.F32x2.HI_LO, R147.F32, R168.F32","33792"
"0xfff934209c50","      FFMA2 R50, R50.F32x2.HI_LO, R147.F32, R168.F32","33792"
"0xfff934209c60","      MUFU.EX2 R68, R68","33792"
"0xfff934209c70","      FFMA2 R52, R52.F32x2.HI_LO, R147.F32, R168.F32","33792"
"0xfff934209c80","      FFMA2 R54, R54.F32x2.HI_LO, R147.F32, R168.F32","33792"
"0xfff934209c90","      FFMA2 R56, R56.F32x2.HI_LO, R147.F32, R168.F32","33792"
"0xfff934209ca0","      FFMA2 R58, R58.F32x2.HI_LO, R147.F32, R168.F32","33792"
"0xfff934209cb0","      MUFU.EX2 R69, R69","33792"
"0xfff934209cc0","      FFMA2 R60, R60.F32x2.HI_LO, R147.F32, R168.F32","33792"
"0xfff934209cd0","      FFMA2 R62, R62.F32x2.HI_LO, R147.F32, R168.F32","33792"
"0xfff934209ce0","      FFMA2 R64, R64.F32x2.HI_LO, R147.F32, R168.F32","33792"
"0xfff934209cf0","      FFMA2 R66, R66.F32x2.HI_LO, R147.F32, R168.F32","33792"
"0xfff934209d00","      IMAD.IADD R168, R139, 0x1, R160","33792"
"0xfff934209d10","      MUFU.EX2 R104, R104","33792"
"0xfff934209d20","      FFMA2 R6, R6.F32x2.HI_LO, R147.F32, R162.F32","33792"
"0xfff934209d30","      VIADD R170, R168, 0x10","33792"
"0xfff934209d40","      FFMA2 R12, R12.F32x2.HI_LO, R147.F32, R162.F32","33792"
"0xfff934209d50","      VIADD R169, R168, 0x20","33792"
"0xfff934209d60","      FFMA2 R14, R14.F32x2.HI_LO, R147.F32, R162.F32","33792"
"0xfff934209d70","      VIADD R171, R168, 0x30","33792"
"0xfff934209d80","      MUFU.EX2 R105, R105","33792"
"0xfff934209d90","      SHF.R.U32.HI R161, RZ, 0x3, R170","33792"
"0xfff934209da0","      FFMA2 R16, R16.F32x2.HI_LO, R147.F32, R162.F32","33792"
"0xfff934209db0","      SHF.R.U32.HI R160, RZ, 0x3, R169","33792"
"0xfff934209dc0","      FFMA2 R18, R18.F32x2.HI_LO, R147.F32, R162.F32","33792"
"0xfff934209dd0","      LOP3.LUT R170, R170, 0x30, R161, 0x78, !PT","33792"
"0xfff934209de0","      FFMA2 R20, R20.F32x2.HI_LO, R147.F32, R162.F32","33792"
"0xfff934209df0","      LOP3.LUT R169, R169, 0x30, R160, 0x78, !PT","33792"
"0xfff934209e00","      MUFU.EX2 R72, R72","33792"
"0xfff934209e10","      FFMA2 R22, R22.F32x2.HI_LO, R147.F32, R162.F32","33792"
"0xfff934209e20","      SHF.R.U32.HI R172, RZ, 0x3, R171","33792"
"0xfff934209e30","      FFMA2 R24, R24.F32x2.HI_LO, R147.F32, R162.F32","33792"
"0xfff934209e40","      FFMA2 R26, R26.F32x2.HI_LO, R147.F32, R162.F32","33792"
"0xfff934209e50","      LOP3.LUT R171, R171, 0x30, R172, 0x78, !PT","33792"
"0xfff934209e60","      FFMA2 R28, R28.F32x2.HI_LO, R147.F32, R162.F32","33792"
"0xfff934209e70","      MUFU.EX2 R73, R73","33792"
"0xfff934209e80","      FFMA2 R30, R30.F32x2.HI_LO, R147.F32, R162.F32","33792"
"0xfff934209e90","      FFMA2 R32, R32.F32x2.HI_LO, R147.F32, R162.F32","33792"
"0xfff934209ea0","      FFMA2 R158, R34.F32x2.HI_LO, R147.F32, R162.F32","33792"
"0xfff934209eb0","      FADD2 R162, R102.F32x2.HI_LO, RZ.F32","33792"
"0xfff934209ec0","      MUFU.EX2 R4, R4","33792"
"0xfff934209ed0","      FADD2 R160, R70.F32x2.HI_LO, RZ.F32","33792"
"0xfff934209ee0","      FADD2 R162, R162.F32x2.HI_LO, R106.F32x2.HI_LO","33792"
"0xfff934209ef0","      F2FP.SATFINITE.E2M1.F32.PACK_AB_MERGE_C R107, R107, R106, RZ","33792"
"0xfff934209f00","      FADD2 R160, R160.F32x2.HI_LO, R74.F32x2.HI_LO","33792"
"0xfff934209f10","      F2FP.SATFINITE.E2M1.F32.PACK_AB_MERGE_C R106, R75, R74, RZ","33792"
"0xfff934209f20","      FADD2 R34, R100.F32x2.HI_LO, RZ.F32","33792"
"0xfff934209f30","      MUFU.EX2 R5, R5","33792"
"0xfff934209f40","      FADD2 R74, R68.F32x2.HI_LO, RZ.F32","33792"
"0xfff934209f50","      F2FP.SATFINITE.E2M1.F32.PACK_AB_MERGE_C R107, R105, R104, R107","33792"
"0xfff934209f60","      FADD2 R34, R34.F32x2.HI_LO, R104.F32x2.HI_LO","33792"
"0xfff934209f70","      F2FP.SATFINITE.E2M1.F32.PACK_AB_MERGE_C R106, R73, R72, R106","33792"
"0xfff934209f80","      FADD2 R74, R74.F32x2.HI_LO, R72.F32x2.HI_LO","33792"
"0xfff934209f90","      F2FP.SATFINITE.E2M1.F32.PACK_AB_MERGE_C R102, R103, R102, R107","33792"
"0xfff934209fa0","      MUFU.EX2 R10, R10","33792"
"0xfff934209fb0","      F2FP.SATFINITE.E2M1.F32.PACK_AB_MERGE_C R70, R71, R70, R106","33792"
"0xfff934209fc0","      F2FP.SATFINITE.E2M1.F32.PACK_AB_MERGE_C R102, R101, R100, R102","33792"
"0xfff934209fd0","      F2FP.SATFINITE.E2M1.F32.PACK_AB_MERGE_C R70, R69, R68, R70","33792"
"0xfff934209fe0","      MUFU.EX2 R11, R11","33792"
"0xfff934209ff0","      FADD2 R72, R4.F32x2.HI_LO, RZ.F32","33792"
"0xfff93420a000","      MUFU.EX2 R8, R8","33792"
"0xfff93420a010","      MUFU.EX2 R9, R9","33792"
"0xfff93420a020","      F2FP.SATFINITE.E2M1.F32.PACK_AB_MERGE_C R104, R11, R10, RZ","33792"
"0xfff93420a030","      MUFU.EX2 R114, R114","33792"
"0xfff93420a040","      MUFU.EX2 R115, R115","33792"
"0xfff93420a050","      F2FP.SATFINITE.E2M1.F32.PACK_AB_MERGE_C R104, R9, R8, R104","33792"
"0xfff93420a060","      FADD2 R72, R72.F32x2.HI_LO, R8.F32x2.HI_LO","33792"
"0xfff93420a070","      MUFU.EX2 R112, R112","33792"
"0xfff93420a080","      MUFU.EX2 R113, R113","33792"
"0xfff93420a090","      F2FP.SATFINITE.E2M1.F32.PACK_AB_MERGE_C R8, R115, R114, RZ","33792"
"0xfff93420a0a0","      MUFU.EX2 R82, R82","33792"
"0xfff93420a0b0","      MUFU.EX2 R83, R83","33792"
"0xfff93420a0c0","      F2FP.SATFINITE.E2M1.F32.PACK_AB_MERGE_C R8, R113, R112, R8","33792"
"0xfff93420a0d0","      MUFU.EX2 R110, R110","33792"
"0xfff93420a0e0","      MUFU.EX2 R111, R111","33792"
"0xfff93420a0f0","      F2FP.SATFINITE.E2M1.F32.PACK_AB_MERGE_C R9, R83, R82, RZ","33792"
"0xfff93420a100","      MUFU.EX2 R80, R80","33792"
"0xfff93420a110","      MUFU.EX2 R81, R81","33792"
"0xfff93420a120","      FADD2 R162, R162.F32x2.HI_LO, R110.F32x2.HI_LO","33792"
"0xfff93420a130","      F2FP.SATFINITE.E2M1.F32.PACK_AB_MERGE_C R110, R111, R110, R8","33792"
"0xfff93420a140","      FADD2 R162, R162.F32x2.HI_LO, R114.F32x2.HI_LO","33792"
"0xfff93420a150","      MUFU.EX2 R78, R78","33792"
"0xfff93420a160","      MUFU.EX2 R79, R79","33792"
"0xfff93420a170","      F2FP.SATFINITE.E2M1.F32.PACK_AB_MERGE_C R8, R81, R80, R9","33792"
"0xfff93420a180","      MUFU.EX2 R38, R38","33792"
"0xfff93420a190","      MUFU.EX2 R39, R39","33792"
"0xfff93420a1a0","      FADD2 R160, R160.F32x2.HI_LO, R78.F32x2.HI_LO","33792"
"0xfff93420a1b0","      F2FP.SATFINITE.E2M1.F32.PACK_AB_MERGE_C R78, R79, R78, R8","33792"
"0xfff93420a1c0","      FADD2 R160, R160.F32x2.HI_LO, R82.F32x2.HI_LO","33792"
"0xfff93420a1d0","      MUFU.EX2 R50, R50","33792"
"0xfff93420a1e0","      MUFU.EX2 R51, R51","33792"
"0xfff93420a1f0","      FADD2 R164, R38.F32x2.HI_LO, RZ.F32","33792"
"0xfff93420a200","      MUFU.EX2 R42, R42","33792"
"0xfff93420a210","      MUFU.EX2 R43, R43","33792"
"0xfff93420a220","      F2FP.SATFINITE.E2M1.F32.PACK_AB_MERGE_C R8, R51, R50, RZ","33792"
"0xfff93420a230","      MUFU.EX2 R48, R48","33792"
"0xfff93420a240","      MUFU.EX2 R49, R49","33792"
"0xfff93420a250","      FADD2 R164, R164.F32x2.HI_LO, R42.F32x2.HI_LO","33792"
"0xfff93420a260","      F2FP.SATFINITE.E2M1.F32.PACK_AB_MERGE_C R172, R43, R42, RZ","33792"
"0xfff93420a270","      MUFU.EX2 R36, R36","33792"
"0xfff93420a280","      MUFU.EX2 R37, R37","33792"
"0xfff93420a290","      F2FP.SATFINITE.E2M1.F32.PACK_AB_MERGE_C R8, R49, R48, R8","33792"
"0xfff93420a2a0","      MUFU.EX2 R46, R46","33792"
"0xfff93420a2b0","      MUFU.EX2 R47, R47","33792"
"0xfff93420a2c0","      FADD2 R42, R36.F32x2.HI_LO, RZ.F32","33792"
"0xfff93420a2d0","      MUFU.EX2 R122, R122","33792"
"0xfff93420a2e0","      MUFU.EX2 R123, R123","33792"
"0xfff93420a2f0","      FADD2 R164, R164.F32x2.HI_LO, R46.F32x2.HI_LO","33792"
"0xfff93420a300","      F2FP.SATFINITE.E2M1.F32.PACK_AB_MERGE_C R46, R47, R46, R8","33792"
"0xfff93420a310","      FADD2 R50, R164.F32x2.HI_LO, R50.F32x2.HI_LO","33792"
"0xfff93420a320","      MUFU.EX2 R40, R40","33792"
"0xfff93420a330","      MUFU.EX2 R41, R41","33792"
"0xfff93420a340","      F2FP.SATFINITE.E2M1.F32.PACK_AB_MERGE_C R8, R123, R122, RZ","33792"
"0xfff93420a350","      MUFU.EX2 R6, R6","33792"
"0xfff93420a360","      MUFU.EX2 R7, R7","33792"
"0xfff93420a370","      FADD2 R42, R42.F32x2.HI_LO, R40.F32x2.HI_LO","33792"
"0xfff93420a380","      F2FP.SATFINITE.E2M1.F32.PACK_AB_MERGE_C R105, R41, R40, R172","33792"
"0xfff93420a390","      F2FP.SATFINITE.E2M1.F32.PACK_AB_MERGE_C R38, R39, R38, R105","33792"
"0xfff93420a3a0","      MUFU.EX2 R18, R18","33792"
"0xfff93420a3b0","      F2FP.SATFINITE.E2M1.F32.PACK_AB_MERGE_C R38, R37, R36, R38","33792"
"0xfff93420a3c0","      MUFU.EX2 R19, R19","33792"
"0xfff93420a3d0","      FADD2 R40, R6.F32x2.HI_LO, RZ.F32","33792"
"0xfff93420a3e0","      F2FP.SATFINITE.E2M1.F32.PACK_AB_MERGE_C R104, R7, R6, R104","33792"
"0xfff93420a3f0","      FADD2 R40, R40.F32x2.HI_LO, R10.F32x2.HI_LO","33792"
"0xfff93420a400","      SHF.R.U32.HI R11, RZ, 0x3, R168","33792"
"0xfff93420a410","      MUFU.EX2 R108, R108","33792"
"0xfff93420a420","      F2FP.SATFINITE.E2M1.F32.PACK_AB_MERGE_C R104, R5, R4, R104","33792"
"0xfff93420a430","      CS2R R4, SRZ","33792"
"0xfff93420a440","@P1   IMAD.MOV.U32 R4, RZ, RZ, R102","33792"
"0xfff93420a450","      MUFU.EX2 R109, R109","33792"
"0xfff93420a460","      F2FP.SATFINITE.E2M1.F32.PACK_AB_MERGE_C R9, R19, R18, RZ","33792"
"0xfff93420a470","      MUFU.EX2 R120, R120","33792"
"0xfff93420a480","      MUFU.EX2 R121, R121","33792"
"0xfff93420a490","      FADD2 R34, R34.F32x2.HI_LO, R108.F32x2.HI_LO","33792"
"0xfff93420a4a0","      F2FP.SATFINITE.E2M1.F32.PACK_AB_MERGE_C R110, R109, R108, R110","33792"
"0xfff93420a4b0","      FADD2 R34, R34.F32x2.HI_LO, R112.F32x2.HI_LO","33792"
"0xfff93420a4c0","@P1   IMAD.MOV.U32 R5, RZ, RZ, R110","33792"
"0xfff93420a4d0","      MUFU.EX2 R16, R16","33792"
"0xfff93420a4e0","      MUFU.EX2 R17, R17","33792"
"0xfff93420a4f0","      F2FP.SATFINITE.E2M1.F32.PACK_AB_MERGE_C R7, R121, R120, R8","33792"
"0xfff93420a500","      MUFU.EX2 R12, R12","33792"
"0xfff93420a510","      MUFU.EX2 R13, R13","33792"
"0xfff93420a520","      F2FP.SATFINITE.E2M1.F32.PACK_AB_MERGE_C R9, R17, R16, R9","33792"
"0xfff93420a530","      MUFU.EX2 R118, R118","33792"
"0xfff93420a540","      MUFU.EX2 R119, R119","33792"
"0xfff93420a550","      FADD2 R72, R72.F32x2.HI_LO, R12.F32x2.HI_LO","33792"
"0xfff93420a560","      FADD2 R16, R72.F32x2.HI_LO, R16.F32x2.HI_LO","33792"
"0xfff93420a570","      MUFU.EX2 R44, R44","33792"
"0xfff93420a580","      MUFU.EX2 R45, R45","33792"
"0xfff93420a590","      F2FP.SATFINITE.E2M1.F32.PACK_AB_MERGE_C R7, R119, R118, R7","33792"
"0xfff93420a5a0","      FADD2 R162, R162.F32x2.HI_LO, R118.F32x2.HI_LO","33792"
"0xfff93420a5b0","      FADD2 R162, R162.F32x2.HI_LO, R122.F32x2.HI_LO","33792"
"0xfff93420a5c0","      MUFU.EX2 R14, R14","33792"
"0xfff93420a5d0","      MUFU.EX2 R15, R15","33792"
"0xfff93420a5e0","      FADD2 R42, R42.F32x2.HI_LO, R44.F32x2.HI_LO","33792"
"0xfff93420a5f0","      F2FP.SATFINITE.E2M1.F32.PACK_AB_MERGE_C R46, R45, R44, R46","33792"
"0xfff93420a600","      FADD2 R42, R42.F32x2.HI_LO, R48.F32x2.HI_LO","33792"
"0xfff93420a610","      MUFU.EX2 R116, R116","33792"
"0xfff93420a620","      MUFU.EX2 R117, R117","33792"
"0xfff93420a630","      FADD2 R40, R40.F32x2.HI_LO, R14.F32x2.HI_LO","33792"
"0xfff93420a640","      F2FP.SATFINITE.E2M1.F32.PACK_AB_MERGE_C R14, R15, R14, R9","33792"
"0xfff93420a650","      FADD2 R18, R40.F32x2.HI_LO, R18.F32x2.HI_LO","33792"
"0xfff93420a660","      MUFU.EX2 R130, R130","33792"
"0xfff93420a670","      MUFU.EX2 R131, R131","33792"
"0xfff93420a680","      FADD2 R34, R34.F32x2.HI_LO, R116.F32x2.HI_LO","33792"
"0xfff93420a690","      F2FP.SATFINITE.E2M1.F32.PACK_AB_MERGE_C R116, R117, R116, R7","33792"
"0xfff93420a6a0","      FADD2 R120, R34.F32x2.HI_LO, R120.F32x2.HI_LO","33792"
"0xfff93420a6b0","      MUFU.EX2 R58, R58","33792"
"0xfff93420a6c0","      MUFU.EX2 R59, R59","33792"
"0xfff93420a6d0","      F2FP.SATFINITE.E2M1.F32.PACK_AB_MERGE_C R9, R131, R130, RZ","33792"
"0xfff93420a6e0","      MUFU.EX2 R66, R66","33792"
"0xfff93420a6f0","      MUFU.EX2 R67, R67","33792"
"0xfff93420a700","      F2FP.SATFINITE.E2M1.F32.PACK_AB_MERGE_C R6, R59, R58, RZ","33792"
"0xfff93420a710","      MUFU.EX2 R26, R26","33792"
"0xfff93420a720","      MUFU.EX2 R27, R27","33792"
"0xfff93420a730","      F2FP.SATFINITE.E2M1.F32.PACK_AB_MERGE_C R7, R67, R66, RZ","33792"
"0xfff93420a740","      MUFU.EX2 R128, R128","33792"
"0xfff93420a750","      MUFU.EX2 R129, R129","33792"
"0xfff93420a760","      F2FP.SATFINITE.E2M1.F32.PACK_AB_MERGE_C R8, R27, R26, RZ","33792"
"0xfff93420a770","      MUFU.EX2 R20, R20","33792"
"0xfff93420a780","      MUFU.EX2 R21, R21","33792"
"0xfff93420a790","      F2FP.SATFINITE.E2M1.F32.PACK_AB_MERGE_C R9, R129, R128, R9","33792"
"0xfff93420a7a0","      MUFU.EX2 R98, R98","33792"
"0xfff93420a7b0","      MUFU.EX2 R99, R99","33792"
"0xfff93420a7c0","      FADD2 R16, R16.F32x2.HI_LO, R20.F32x2.HI_LO","33792"
"0xfff93420a7d0","      MUFU.EX2 R52, R52","33792"
"0xfff93420a7e0","      MUFU.EX2 R53, R53","33792"
"0xfff93420a7f0","      F2FP.SATFINITE.E2M1.F32.PACK_AB_MERGE_C R15, R99, R98, RZ","33792"
"0xfff93420a800","      MUFU.EX2 R56, R56","33792"
"0xfff93420a810","      MUFU.EX2 R57, R57","33792"
"0xfff93420a820","      FADD2 R42, R42.F32x2.HI_LO, R52.F32x2.HI_LO","33792"
"0xfff93420a830","      MUFU.EX2 R64, R64","33792"
"0xfff93420a840","      MUFU.EX2 R65, R65","33792"
"0xfff93420a850","      F2FP.SATFINITE.E2M1.F32.PACK_AB_MERGE_C R6, R57, R56, R6","33792"
"0xfff93420a860","      FADD2 R56, R42.F32x2.HI_LO, R56.F32x2.HI_LO","33792"
"0xfff93420a870","      MUFU.EX2 R90, R90","33792"
"0xfff93420a880","      MUFU.EX2 R91, R91","33792"
"0xfff93420a890","      F2FP.SATFINITE.E2M1.F32.PACK_AB_MERGE_C R7, R65, R64, R7","33792"
"0xfff93420a8a0","      MUFU.EX2 R24, R24","33792"
"0xfff93420a8b0","      MUFU.EX2 R25, R25","33792"
"0xfff93420a8c0","      F2FP.SATFINITE.E2M1.F32.PACK_AB_MERGE_C R10, R91, R90, RZ","33792"
"0xfff93420a8d0","      MUFU.EX2 R126, R126","33792"
"0xfff93420a8e0","      MUFU.EX2 R127, R127","33792"
"0xfff93420a8f0","      F2FP.SATFINITE.E2M1.F32.PACK_AB_MERGE_C R8, R25, R24, R8","33792"
"0xfff93420a900","      FADD2 R24, R16.F32x2.HI_LO, R24.F32x2.HI_LO","33792"
"0xfff93420a910","      F2FP.SATFINITE.E2M1.F32.PACK_AB_MERGE_C R16, R13, R12, R14","33792"
"0xfff93420a920","      LOP3.LUT R13, R168, 0x30, R11, 0x78, !PT","33792"
"0xfff93420a930","      MUFU.EX2 R96, R96","33792"
"0xfff93420a940","      MUFU.EX2 R97, R97","33792"
"0xfff93420a950","      F2FP.SATFINITE.E2M1.F32.PACK_AB_MERGE_C R9, R127, R126, R9","33792"
"0xfff93420a960","      FADD2 R162, R162.F32x2.HI_LO, R126.F32x2.HI_LO","33792"
"0xfff93420a970","      FADD2 R130, R162.F32x2.HI_LO, R130.F32x2.HI_LO","33792"
"0xfff93420a980","      MUFU.EX2 R158, R158","33792"
"0xfff93420a990","      MUFU.EX2 R159, R159","33792"
"0xfff93420a9a0","      F2FP.SATFINITE.E2M1.F32.PACK_AB_MERGE_C R15, R97, R96, R15","33792"
"0xfff93420a9b0","      MUFU.EX2 R76, R76","33792"
"0xfff93420a9c0","      MUFU.EX2 R77, R77","33792"
"0xfff93420a9d0","      F2FP.SATFINITE.E2M1.F32.PACK_AB_MERGE_C R17, R159, R158, RZ","33792"
"0xfff93420a9e0","      MUFU.EX2 R54, R54","33792"
"0xfff93420a9f0","      MUFU.EX2 R55, R55","33792"
"0xfff93420aa00","      FADD2 R74, R74.F32x2.HI_LO, R76.F32x2.HI_LO","33792"
"0xfff93420aa10","      F2FP.SATFINITE.E2M1.F32.PACK_AB_MERGE_C R78, R77, R76, R78","33792"
"0xfff93420aa20","      FADD2 R74, R74.F32x2.HI_LO, R80.F32x2.HI_LO","33792"
"0xfff93420aa30","      MUFU.EX2 R62, R62","33792"
"0xfff93420aa40","      MUFU.EX2 R63, R63","33792"
"0xfff93420aa50","      F2FP.SATFINITE.E2M1.F32.PACK_AB_MERGE_C R6, R55, R54, R6","33792"
"0xfff93420aa60","      FADD2 R50, R50.F32x2.HI_LO, R54.F32x2.HI_LO","33792"
"0xfff93420aa70","      F2FP.SATFINITE.E2M1.F32.PACK_AB_MERGE_C R52, R53, R52, R6","33792"
"0xfff93420aa80","      FADD2 R50, R50.F32x2.HI_LO, R58.F32x2.HI_LO","33792"
"0xfff93420aa90","      MUFU.EX2 R88, R88","33792"
"0xfff93420aaa0","      MUFU.EX2 R89, R89","33792"
"0xfff93420aab0","      F2FP.SATFINITE.E2M1.F32.PACK_AB_MERGE_C R7, R63, R62, R7","33792"
"0xfff93420aac0","      FADD2 R50, R50.F32x2.HI_LO, R62.F32x2.HI_LO","33792"
"0xfff93420aad0","      FADD2 R66, R50.F32x2.HI_LO, R66.F32x2.HI_LO","33792"
"0xfff93420aae0","      MUFU.EX2 R124, R124","33792"
"0xfff93420aaf0","      MUFU.EX2 R125, R125","33792"
"0xfff93420ab00","      F2FP.SATFINITE.E2M1.F32.PACK_AB_MERGE_C R10, R89, R88, R10","33792"
"0xfff93420ab10","      MUFU.EX2 R94, R94","33792"
"0xfff93420ab20","      MUFU.EX2 R95, R95","33792"
"0xfff93420ab30","      F2FP.SATFINITE.E2M1.F32.PACK_AB_MERGE_C R9, R125, R124, R9","33792"
"0xfff93420ab40","      FADD2 R120, R120.F32x2.HI_LO, R124.F32x2.HI_LO","33792"
"0xfff93420ab50","      FADD2 R120, R120.F32x2.HI_LO, R128.F32x2.HI_LO","33792"
"0xfff93420ab60","      MUFU.EX2 R60, R60","33792"
"0xfff93420ab70","      FADD2 R120, R120.F32x2.HI_LO, R130.F32x2.HI_LO","33792"
"0xfff93420ab80","      FADD R121, R120, R121","33792"
"0xfff93420ab90","      MUFU.EX2 R32, R32","33792"
"0xfff93420aba0","      F2FP.SATFINITE.E2M1.F32.PACK_AB_MERGE_C R15, R95, R94, R15","33792"
"0xfff93420abb0","      FFMA R2, R2, R121, RZ","33792"
"0xfff93420abc0","      MUFU.EX2 R33, R33","33792"
"0xfff93420abd0","      MUFU.EX2 R61, R61","33792"
"0xfff93420abe0","      MUFU.EX2 R86, R86","33792"
"0xfff93420abf0","      F2FP.SATFINITE.E2M1.F32.PACK_AB_MERGE_C R17, R33, R32, R17","33792"
"0xfff93420ac00","      MUFU.EX2 R87, R87","33792"
"0xfff93420ac10","      FADD2 R56, R56.F32x2.HI_LO, R60.F32x2.HI_LO","33792"
"0xfff93420ac20","      F2FP.SATFINITE.E2M1.F32.PACK_AB_MERGE_C R60, R61, R60, R7","33792"
"0xfff93420ac30","      CS2R R6, SRZ","33792"
"0xfff93420ac40","@P1   IMAD.MOV.U32 R6, RZ, RZ, R116","33792"
"0xfff93420ac50","      FADD2 R64, R56.F32x2.HI_LO, R64.F32x2.HI_LO","33792"
"0xfff93420ac60","@P1   IMAD.MOV.U32 R7, RZ, RZ, R9","33792"
"0xfff93420ac70","      MUFU.EX2 R92, R92","33792"
"0xfff93420ac80","      FADD2 R64, R64.F32x2.HI_LO, R66.F32x2.HI_LO","33792"
"0xfff93420ac90","      STS.128 [R13], R4","33792"
"0xfff93420aca0","      FADD R65, R64, R65","33792"
"0xfff93420acb0","      MUFU.EX2 R93, R93","33792"
"0xfff93420acc0","      F2FP.SATFINITE.E2M1.F32.PACK_AB_MERGE_C R10, R87, R86, R10","33792"
"0xfff93420acd0","      FADD2 R160, R160.F32x2.HI_LO, R86.F32x2.HI_LO","33792"
"0xfff93420ace0","      FADD2 R160, R160.F32x2.HI_LO, R90.F32x2.HI_LO","33792"
"0xfff93420acf0","      MUFU.EX2 R22, R22","33792"
"0xfff93420ad00","      FADD2 R160, R160.F32x2.HI_LO, R94.F32x2.HI_LO","33792"
"0xfff93420ad10","      CS2R R12, SRZ","33792"
"0xfff93420ad20","      CS2R R4, SRZ","33792"
"0xfff93420ad30","      CS2R R6, SRZ","33792"
"0xfff93420ad40","@P4   IMAD.MOV.U32 R12, RZ, RZ, R38","33792"
"0xfff93420ad50","      MUFU.EX2 R23, R23","33792"
"0xfff93420ad60","      F2FP.SATFINITE.E2M1.F32.PACK_AB_MERGE_C R15, R93, R92, R15","33792"
"0xfff93420ad70","@P4   IMAD.MOV.U32 R13, RZ, RZ, R46","33792"
"0xfff93420ad80","      FADD2 R98, R160.F32x2.HI_LO, R98.F32x2.HI_LO","33792"
"0xfff93420ad90","@P5   IMAD.MOV.U32 R4, RZ, RZ, R104","33792"
"0xfff93420ada0","@P5   IMAD.MOV.U32 R5, RZ, RZ, R16","33792"
"0xfff93420adb0","      MUFU.EX2 R30, R30","33792"
"0xfff93420adc0","      MUFU.EX2 R31, R31","33792"
"0xfff93420add0","      F2FP.SATFINITE.E2M1.F32.PACK_AB_MERGE_C R8, R23, R22, R8","33792"
"0xfff93420ade0","      FADD2 R18, R18.F32x2.HI_LO, R22.F32x2.HI_LO","33792"
"0xfff93420adf0","      F2FP.SATFINITE.E2M1.F32.PACK_AB_MERGE_C R20, R21, R20, R8","33792"
"0xfff93420ae00","      CS2R R8, SRZ","33792"
"0xfff93420ae10","      FADD2 R18, R18.F32x2.HI_LO, R26.F32x2.HI_LO","33792"
"0xfff93420ae20","      MUFU.EX2 R84, R84","33792"
"0xfff93420ae30","@P0   IMAD.MOV.U32 R8, RZ, RZ, R70","33792"
"0xfff93420ae40","@P3   IMAD.MOV.U32 R9, RZ, RZ, R78","33792"
"0xfff93420ae50","@P5   IMAD.MOV.U32 R6, RZ, RZ, R20","33792"
"0xfff93420ae60","      MUFU.EX2 R85, R85","33792"
"0xfff93420ae70","      F2FP.SATFINITE.E2M1.F32.PACK_AB_MERGE_C R17, R31, R30, R17","33792"
"0xfff93420ae80","      FADD2 R18, R18.F32x2.HI_LO, R30.F32x2.HI_LO","33792"
"0xfff93420ae90","      FADD2 R158, R18.F32x2.HI_LO, R158.F32x2.HI_LO","33792"
"0xfff93420aea0","      MUFU.EX2 R28, R28","33792"
"0xfff93420aeb0","      MUFU.EX2 R29, R29","33792"
"0xfff93420aec0","      FADD2 R74, R74.F32x2.HI_LO, R84.F32x2.HI_LO","33792"
"0xfff93420aed0","      F2FP.SATFINITE.E2M1.F32.PACK_AB_MERGE_C R84, R85, R84, R10","33792"
"0xfff93420aee0","      CS2R R10, SRZ","33792"
"0xfff93420aef0","@P3   IMAD.MOV.U32 R11, RZ, RZ, R15","33792"
"0xfff93420af00","      FADD2 R88, R74.F32x2.HI_LO, R88.F32x2.HI_LO","33792"
"0xfff93420af10","      CS2R R14, SRZ","33792"
"0xfff93420af20","@P3   IMAD.MOV.U32 R10, RZ, RZ, R84","33792"
"0xfff93420af30","@P4   IMAD.MOV.U32 R14, RZ, RZ, R52","33792"
"0xfff93420af40","      FADD2 R88, R88.F32x2.HI_LO, R92.F32x2.HI_LO","33792"
"0xfff93420af50","@P4   IMAD.MOV.U32 R15, RZ, RZ, R60","33792"
"0xfff93420af60","      STS.128 [R170], R8","33792"
"0xfff93420af70","      FADD2 R96, R88.F32x2.HI_LO, R96.F32x2.HI_LO","33792"
"0xfff93420af80","      F2FP.SATFINITE.E2M1.F32.PACK_AB_MERGE_C R17, R29, R28, R17","33792"
"0xfff93420af90","      STS.128 [R169], R12","33792"
"0xfff93420afa0","      FADD2 R24, R24.F32x2.HI_LO, R28.F32x2.HI_LO","33792"
"0xfff93420afb0","      FADD2 R96, R96.F32x2.HI_LO, R98.F32x2.HI_LO","33792"
"0xfff93420afc0","@P5   IMAD.MOV.U32 R7, RZ, RZ, R17","33792"
"0xfff93420afd0","      FADD2 R32, R24.F32x2.HI_LO, R32.F32x2.HI_LO","33792"
"0xfff93420afe0","      FADD R96, R96, R97","33792"
"0xfff93420aff0","      STS.128 [R171], R4","33792"
"0xfff93420b000","      FADD2 R32, R32.F32x2.HI_LO, R158.F32x2.HI_LO","33792"
"0xfff93420b010","      FFMA R157, R157, R96, R2","33792"
"0xfff93420b020","      FADD R32, R32, R33","33792"
"0xfff93420b030","      FFMA R156, R156, R65, R157","33792"
"0xfff93420b040","      FFMA R155, R155, R32, R156","33792"
"0xfff93420b050","      BRA 0xfff93420d3e0","33792"
"0xfff93420b060","      FSETP.NE.AND P0, PT, |R100|, +INF , PT","0"
"0xfff93420b070","      IMAD.IADD R168, R139, 0x1, R160","0"
"0xfff93420b080","      FSETP.NE.AND P4, PT, |R61|, +INF , PT","0"
"0xfff93420b090","      FSEL R100, R100, R169, !P0","0"
"0xfff93420b0a0","      FSETP.NE.AND P0, PT, |R101|, +INF , PT","0"
"0xfff93420b0b0","      FSETP.NE.AND P6, PT, |R16|, +INF , PT","0"
"0xfff93420b0c0","      FSEL R101, R101, R169, !P0","0"
"0xfff93420b0d0","      MUFU.EX2 R100, R100","0"
"0xfff93420b0e0","      FSETP.NE.AND P0, PT, |R102|, +INF , PT","0"
"0xfff93420b0f0","      FSEL R61, R61, R163, !P4","0"
"0xfff93420b100","      FSEL R102, R102, R169, !P0","0"
"0xfff93420b110","      FSETP.NE.AND P0, PT, |R103|, +INF , PT","0"
"0xfff93420b120","      MUFU.EX2 R101, R101","0"
"0xfff93420b130","      FSEL R16, R16, R162, !P6","0"
"0xfff93420b140","      FSEL R103, R103, R169, !P0","0"
"0xfff93420b150","      FSETP.NE.AND P0, PT, |R104|, +INF , PT","0"
"0xfff93420b160","      FSETP.NE.AND P4, PT, |R17|, +INF , PT","0"
"0xfff93420b170","      MUFU.EX2 R102, R102","0"
"0xfff93420b180","      FSEL R104, R104, R169, !P0","0"
"0xfff93420b190","      FSETP.NE.AND P0, PT, |R105|, +INF , PT","0"
"0xfff93420b1a0","      FSETP.NE.AND P6, PT, |R19|, +INF , PT","0"
"0xfff93420b1b0","      FSEL R105, R105, R169, !P0","0"
"0xfff93420b1c0","      MUFU.EX2 R104, R104","0"
"0xfff93420b1d0","      FSETP.NE.AND P0, PT, |R106|, +INF , PT","0"
"0xfff93420b1e0","      ISETP.NE.AND P1, PT, R161, RZ, PT","0"
"0xfff93420b1f0","      FSEL R106, R106, R169, !P0","0"
"0xfff93420b200","      FSETP.NE.AND P0, PT, |R107|, +INF , PT","0"
"0xfff93420b210","      MUFU.EX2 R105, R105","0"
"0xfff93420b220","      FSETP.NE.AND P5, PT, |R18|, +INF , PT","0"
"0xfff93420b230","      FSEL R107, R107, R169, !P0","0"
"0xfff93420b240","      FSETP.NE.AND P0, PT, |R110|, +INF , PT","0"
"0xfff93420b250","      FSEL R17, R17, R162, !P4","0"
"0xfff93420b260","      MUFU.EX2 R106, R106","0"
"0xfff93420b270","      FSEL R110, R110, R169, !P0","0"
"0xfff93420b280","      FSETP.NE.AND P0, PT, |R111|, +INF , PT","0"
"0xfff93420b290","      FSEL R161, R19, R162, !P6","0"
"0xfff93420b2a0","      FSEL R111, R111, R169, !P0","0"
"0xfff93420b2b0","      MUFU.EX2 R107, R107","0"
"0xfff93420b2c0","      FSETP.NE.AND P0, PT, |R112|, +INF , PT","0"
"0xfff93420b2d0","      FSETP.NE.AND P4, PT, |R12|, +INF , PT","0"
"0xfff93420b2e0","      FSEL R112, R112, R169, !P0","0"
"0xfff93420b2f0","      FSETP.NE.AND P0, PT, |R113|, +INF , PT","0"
"0xfff93420b300","      MUFU.EX2 R103, R103","0"
"0xfff93420b310","      FSETP.NE.AND P6, PT, |R22|, +INF , PT","0"
"0xfff93420b320","      FSEL R113, R113, R169, !P0","0"
"0xfff93420b330","      FSETP.NE.AND P0, PT, |R114|, +INF , PT","0"
"0xfff93420b340","      FSEL R22, R22, R162, !P6","0"
"0xfff93420b350","      MUFU.EX2 R112, R112","0"
"0xfff93420b360","      FSEL R114, R114, R169, !P0","0"
"0xfff93420b370","      FSETP.NE.AND P0, PT, |R115|, +INF , PT","0"
"0xfff93420b380","      FSETP.NE.AND P6, PT, |R25|, +INF , PT","0"
"0xfff93420b390","      FSEL R115, R115, R169, !P0","0"
"0xfff93420b3a0","      MUFU.EX2 R114, R114","0"
"0xfff93420b3b0","      FSETP.NE.AND P0, PT, |R108|, +INF , PT","0"
"0xfff93420b3c0","      FSEL R170, R25, R162, !P6","0"
"0xfff93420b3d0","      FSEL R108, R108, R169, !P0","0"
"0xfff93420b3e0","      FSETP.NE.AND P0, PT, |R109|, +INF , PT","0"
"0xfff93420b3f0","      MUFU.EX2 R115, R115","0"
"0xfff93420b400","      FSETP.NE.AND P6, PT, |R20|, +INF , PT","0"
"0xfff93420b410","      FSEL R109, R109, R169, !P0","0"
"0xfff93420b420","      FSETP.NE.AND P0, PT, |R118|, +INF , PT","0"
"0xfff93420b430","      FSEL R20, R20, R162, !P6","0"
"0xfff93420b440","      MUFU.EX2 R113, R113","0"
"0xfff93420b450","      FSEL R118, R118, R169, !P0","0"
"0xfff93420b460","      FSETP.NE.AND P0, PT, |R119|, +INF , PT","0"
"0xfff93420b470","      FSETP.NE.AND P6, PT, |R29|, +INF , PT","0"
"0xfff93420b480","      FSEL R119, R119, R169, !P0","0"
"0xfff93420b490","      MUFU.EX2 R110, R110","0"
"0xfff93420b4a0","      FSETP.NE.AND P0, PT, |R120|, +INF , PT","0"
"0xfff93420b4b0","      FSEL R29, R29, R162, !P6","0"
"0xfff93420b4c0","      FSEL R120, R120, R169, !P0","0"
"0xfff93420b4d0","      FSETP.NE.AND P0, PT, |R121|, +INF , PT","0"
"0xfff93420b4e0","      MUFU.EX2 R111, R111","0"
"0xfff93420b4f0","      FSETP.NE.AND P6, PT, |R31|, +INF , PT","0"
"0xfff93420b500","      FSEL R121, R121, R169, !P0","0"
"0xfff93420b510","      FSETP.NE.AND P0, PT, |R122|, +INF , PT","0"
"0xfff93420b520","      F2FP.SATFINITE.E2M1.F32.PACK_AB_MERGE_C R173, R107, R106, RZ","0"
"0xfff93420b530","      MUFU.EX2 R108, R108","0"
"0xfff93420b540","      FSEL R122, R122, R169, !P0","0"
"0xfff93420b550","      FSETP.NE.AND P0, PT, |R123|, +INF , PT","0"
"0xfff93420b560","      F2FP.SATFINITE.E2M1.F32.PACK_AB_MERGE_C R173, R105, R104, R173","0"
"0xfff93420b570","      FSEL R123, R123, R169, !P0","0"
"0xfff93420b580","      MUFU.EX2 R122, R122","0"
"0xfff93420b590","      FSETP.NE.AND P0, PT, |R116|, +INF , PT","0"
"0xfff93420b5a0","      ISETP.NE.AND P3, PT, R164, RZ, PT","0"
"0xfff93420b5b0","      VIADD R164, R168, 0x10","0"
"0xfff93420b5c0","      FSEL R116, R116, R169, !P0","0"
"0xfff93420b5d0","      FSETP.NE.AND P0, PT, |R117|, +INF , PT","0"
"0xfff93420b5e0","      MUFU.EX2 R123, R123","0"
"0xfff93420b5f0","      FSEL R117, R117, R169, !P0","0"
"0xfff93420b600","      FSETP.NE.AND P0, PT, |R124|, +INF , PT","0"
"0xfff93420b610","      MUFU.EX2 R109, R109","0"
"0xfff93420b620","      FSEL R124, R124, R169, !P0","0"
"0xfff93420b630","      FSETP.NE.AND P0, PT, |R125|, +INF , PT","0"
"0xfff93420b640","      FSEL R125, R125, R169, !P0","0"
"0xfff93420b650","      MUFU.EX2 R120, R120","0"
"0xfff93420b660","      FSETP.NE.AND P0, PT, |R126|, +INF , PT","0"
"0xfff93420b670","      FSEL R126, R126, R169, !P0","0"
"0xfff93420b680","      FSETP.NE.AND P0, PT, |R127|, +INF , PT","0"
"0xfff93420b690","      MUFU.EX2 R121, R121","0"
"0xfff93420b6a0","      FSEL R127, R127, R169, !P0","0"
"0xfff93420b6b0","      FSETP.NE.AND P0, PT, |R128|, +INF , PT","0"
"0xfff93420b6c0","      MUFU.EX2 R16, R16","0"
"0xfff93420b6d0","      FSEL R128, R128, R169, !P0","0"
"0xfff93420b6e0","      FSETP.NE.AND P0, PT, |R129|, +INF , PT","0"
"0xfff93420b6f0","      FSEL R129, R129, R169, !P0","0"
"0xfff93420b700","      MUFU.EX2 R17, R17","0"
"0xfff93420b710","      FSETP.NE.AND P0, PT, |R130|, +INF , PT","0"
"0xfff93420b720","      FSEL R130, R130, R169, !P0","0"
"0xfff93420b730","      FSETP.NE.AND P0, PT, |R131|, +INF , PT","0"
"0xfff93420b740","      MUFU.EX2 R118, R118","0"
"0xfff93420b750","      FSEL R131, R131, R169, !P0","0"
"0xfff93420b760","      VIADD R169, R168, 0x30","0"
"0xfff93420b770","      FSETP.NE.AND P0, PT, |R68|, +INF , PT","0"
"0xfff93420b780","      MUFU.EX2 R119, R119","0"
"0xfff93420b790","      FSEL R68, R68, R165, !P0","0"
"0xfff93420b7a0","      FSETP.NE.AND P0, PT, |R69|, +INF , PT","0"
"0xfff93420b7b0","      FSEL R69, R69, R165, !P0","0"
"0xfff93420b7c0","      MUFU.EX2 R68, R68","0"
"0xfff93420b7d0","      FSETP.NE.AND P0, PT, |R70|, +INF , PT","0"
"0xfff93420b7e0","      FSEL R70, R70, R165, !P0","0"
"0xfff93420b7f0","      FSETP.NE.AND P0, PT, |R71|, +INF , PT","0"
"0xfff93420b800","      MUFU.EX2 R69, R69","0"
"0xfff93420b810","      FSEL R71, R71, R165, !P0","0"
"0xfff93420b820","      FSETP.NE.AND P0, PT, |R72|, +INF , PT","0"
"0xfff93420b830","      MUFU.EX2 R70, R70","0"
"0xfff93420b840","      FSEL R72, R72, R165, !P0","0"
"0xfff93420b850","      FSETP.NE.AND P0, PT, |R73|, +INF , PT","0"
"0xfff93420b860","      FSEL R73, R73, R165, !P0","0"
"0xfff93420b870","      MUFU.EX2 R71, R71","0"
"0xfff93420b880","      FSETP.NE.AND P0, PT, |R74|, +INF , PT","0"
"0xfff93420b890","      FSEL R74, R74, R165, !P0","0"
"0xfff93420b8a0","      FSETP.NE.AND P0, PT, |R75|, +INF , PT","0"
"0xfff93420b8b0","      MUFU.EX2 R72, R72","0"
"0xfff93420b8c0","      FSEL R75, R75, R165, !P0","0"
"0xfff93420b8d0","      FSETP.NE.AND P0, PT, |R78|, +INF , PT","0"
"0xfff93420b8e0","      MUFU.EX2 R74, R74","0"
"0xfff93420b8f0","      FSEL R78, R78, R165, !P0","0"
"0xfff93420b900","      FSETP.NE.AND P0, PT, |R79|, +INF , PT","0"
"0xfff93420b910","      FSEL R79, R79, R165, !P0","0"
"0xfff93420b920","      MUFU.EX2 R75, R75","0"
"0xfff93420b930","      FSETP.NE.AND P0, PT, |R80|, +INF , PT","0"
"0xfff93420b940","      FSEL R80, R80, R165, !P0","0"
"0xfff93420b950","      FSETP.NE.AND P0, PT, |R81|, +INF , PT","0"
"0xfff93420b960","      MUFU.EX2 R73, R73","0"
"0xfff93420b970","      FSEL R81, R81, R165, !P0","0"
"0xfff93420b980","      FSETP.NE.AND P0, PT, |R82|, +INF , PT","0"
"0xfff93420b990","      MUFU.EX2 R80, R80","0"
"0xfff93420b9a0","      FSEL R82, R82, R165, !P0","0"
"0xfff93420b9b0","      FSETP.NE.AND P0, PT, |R83|, +INF , PT","0"
"0xfff93420b9c0","      F2FP.SATFINITE.E2M1.F32.PACK_AB_MERGE_C R172, R75, R74, RZ","0"
"0xfff93420b9d0","      FSEL R83, R83, R165, !P0","0"
"0xfff93420b9e0","      MUFU.EX2 R82, R82","0"
"0xfff93420b9f0","      FSETP.NE.AND P0, PT, |R76|, +INF , PT","0"
"0xfff93420ba00","      F2FP.SATFINITE.E2M1.F32.PACK_AB_MERGE_C R172, R73, R72, R172","0"
"0xfff93420ba10","      FSEL R76, R76, R165, !P0","0"
"0xfff93420ba20","      FSETP.NE.AND P0, PT, |R77|, +INF , PT","0"
"0xfff93420ba30","      MUFU.EX2 R83, R83","0"
"0xfff93420ba40","      FSEL R77, R77, R165, !P0","0"
"0xfff93420ba50","      FSETP.NE.AND P0, PT, |R86|, +INF , PT","0"
"0xfff93420ba60","      MUFU.EX2 R81, R81","0"
"0xfff93420ba70","      FSEL R86, R86, R165, !P0","0"
"0xfff93420ba80","      FSETP.NE.AND P0, PT, |R87|, +INF , PT","0"
"0xfff93420ba90","      FSEL R87, R87, R165, !P0","0"
"0xfff93420baa0","      MUFU.EX2 R78, R78","0"
"0xfff93420bab0","      FSETP.NE.AND P0, PT, |R88|, +INF , PT","0"
"0xfff93420bac0","      FSEL R88, R88, R165, !P0","0"
"0xfff93420bad0","      FSETP.NE.AND P0, PT, |R89|, +INF , PT","0"
"0xfff93420bae0","      MUFU.EX2 R79, R79","0"
"0xfff93420baf0","      FSEL R89, R89, R165, !P0","0"
"0xfff93420bb00","      FSETP.NE.AND P0, PT, |R90|, +INF , PT","0"
"0xfff93420bb10","      MUFU.EX2 R116, R116","0"
"0xfff93420bb20","      FSEL R90, R90, R165, !P0","0"
"0xfff93420bb30","      FSETP.NE.AND P0, PT, |R91|, +INF , PT","0"
"0xfff93420bb40","      FSEL R91, R91, R165, !P0","0"
"0xfff93420bb50","      MUFU.EX2 R117, R117","0"
"0xfff93420bb60","      FSETP.NE.AND P0, PT, |R84|, +INF , PT","0"
"0xfff93420bb70","      FSEL R84, R84, R165, !P0","0"
"0xfff93420bb80","      FSETP.NE.AND P0, PT, |R85|, +INF , PT","0"
"0xfff93420bb90","      MUFU.EX2 R22, R22","0"
"0xfff93420bba0","      FSEL R85, R85, R165, !P0","0"
"0xfff93420bbb0","      FSETP.NE.AND P0, PT, |R92|, +INF , PT","0"
"0xfff93420bbc0","      MUFU.EX2 R130, R130","0"
"0xfff93420bbd0","      FSEL R92, R92, R165, !P0","0"
"0xfff93420bbe0","      FSETP.NE.AND P0, PT, |R93|, +INF , PT","0"
"0xfff93420bbf0","      FSEL R93, R93, R165, !P0","0"
"0xfff93420bc00","      MUFU.EX2 R131, R131","0"
"0xfff93420bc10","      FSETP.NE.AND P0, PT, |R94|, +INF , PT","0"
"0xfff93420bc20","      FSEL R94, R94, R165, !P0","0"
"0xfff93420bc30","      FSETP.NE.AND P0, PT, |R95|, +INF , PT","0"
"0xfff93420bc40","      MUFU.EX2 R128, R128","0"
"0xfff93420bc50","      FSEL R95, R95, R165, !P0","0"
"0xfff93420bc60","      FSETP.NE.AND P0, PT, |R96|, +INF , PT","0"
"0xfff93420bc70","      MUFU.EX2 R94, R94","0"
"0xfff93420bc80","      FSEL R96, R96, R165, !P0","0"
"0xfff93420bc90","      FSETP.NE.AND P0, PT, |R97|, +INF , PT","0"
"0xfff93420bca0","      FSEL R97, R97, R165, !P0","0"
"0xfff93420bcb0","      MUFU.EX2 R96, R96","0"
"0xfff93420bcc0","      FSETP.NE.AND P0, PT, |R98|, +INF , PT","0"
"0xfff93420bcd0","      FSEL R98, R98, R165, !P0","0"
"0xfff93420bce0","      FSETP.NE.AND P0, PT, |R99|, +INF , PT","0"
"0xfff93420bcf0","      MUFU.EX2 R97, R97","0"
"0xfff93420bd00","      FSEL R99, R99, R165, !P0","0"
"0xfff93420bd10","      FSETP.NE.AND P0, PT, |R36|, +INF , PT","0"
"0xfff93420bd20","      MUFU.EX2 R98, R98","0"
"0xfff93420bd30","      FSEL R36, R36, R163, !P0","0"
"0xfff93420bd40","      FSETP.NE.AND P0, PT, |R37|, +INF , PT","0"
"0xfff93420bd50","      FSEL R37, R37, R163, !P0","0"
"0xfff93420bd60","      MUFU.EX2 R36, R36","0"
"0xfff93420bd70","      FSETP.NE.AND P0, PT, |R38|, +INF , PT","0"
"0xfff93420bd80","      FSEL R38, R38, R163, !P0","0"
"0xfff93420bd90","      FSETP.NE.AND P0, PT, |R39|, +INF , PT","0"
"0xfff93420bda0","      MUFU.EX2 R37, R37","0"
"0xfff93420bdb0","      FSEL R39, R39, R163, !P0","0"
"0xfff93420bdc0","      FSETP.NE.AND P0, PT, |R40|, +INF , PT","0"
"0xfff93420bdd0","      MUFU.EX2 R38, R38","0"
"0xfff93420bde0","      FSEL R40, R40, R163, !P0","0"
"0xfff93420bdf0","      FSETP.NE.AND P0, PT, |R41|, +INF , PT","0"
"0xfff93420be00","      FSEL R41, R41, R163, !P0","0"
"0xfff93420be10","      MUFU.EX2 R39, R39","0"
"0xfff93420be20","      FSETP.NE.AND P0, PT, |R42|, +INF , PT","0"
"0xfff93420be30","      FSEL R42, R42, R163, !P0","0"
"0xfff93420be40","      FSETP.NE.AND P0, PT, |R43|, +INF , PT","0"
"0xfff93420be50","      MUFU.EX2 R40, R40","0"
"0xfff93420be60","      FSEL R43, R43, R163, !P0","0"
"0xfff93420be70","      FSETP.NE.AND P0, PT, |R46|, +INF , PT","0"
"0xfff93420be80","      MUFU.EX2 R42, R42","0"
"0xfff93420be90","      FSEL R46, R46, R163, !P0","0"
"0xfff93420bea0","      FSETP.NE.AND P0, PT, |R47|, +INF , PT","0"
"0xfff93420beb0","      FSEL R47, R47, R163, !P0","0"
"0xfff93420bec0","      MUFU.EX2 R43, R43","0"
"0xfff93420bed0","      FSETP.NE.AND P0, PT, |R48|, +INF , PT","0"
"0xfff93420bee0","      FSEL R48, R48, R163, !P0","0"
"0xfff93420bef0","      FSETP.NE.AND P0, PT, |R49|, +INF , PT","0"
"0xfff93420bf00","      MUFU.EX2 R46, R46","0"
"0xfff93420bf10","      FSEL R49, R49, R163, !P0","0"
"0xfff93420bf20","      FSETP.NE.AND P0, PT, |R50|, +INF , PT","0"
"0xfff93420bf30","      MUFU.EX2 R48, R48","0"
"0xfff93420bf40","      FSEL R50, R50, R163, !P0","0"
"0xfff93420bf50","      FSETP.NE.AND P0, PT, |R51|, +INF , PT","0"
"0xfff93420bf60","      F2FP.SATFINITE.E2M1.F32.PACK_AB_MERGE_C R174, R43, R42, RZ","0"
"0xfff93420bf70","      FSEL R51, R51, R163, !P0","0"
"0xfff93420bf80","      MUFU.EX2 R50, R50","0"
"0xfff93420bf90","      FSETP.NE.AND P0, PT, |R44|, +INF , PT","0"
"0xfff93420bfa0","      FSEL R44, R44, R163, !P0","0"
"0xfff93420bfb0","      FSETP.NE.AND P0, PT, |R45|, +INF , PT","0"
"0xfff93420bfc0","      MUFU.EX2 R51, R51","0"
"0xfff93420bfd0","      FSEL R45, R45, R163, !P0","0"
"0xfff93420bfe0","      FSETP.NE.AND P0, PT, |R54|, +INF , PT","0"
"0xfff93420bff0","      MUFU.EX2 R49, R49","0"
"0xfff93420c000","      FSEL R54, R54, R163, !P0","0"
"0xfff93420c010","      FSETP.NE.AND P0, PT, |R55|, +INF , PT","0"
"0xfff93420c020","      FSEL R55, R55, R163, !P0","0"
"0xfff93420c030","      MUFU.EX2 R47, R47","0"
"0xfff93420c040","      FSETP.NE.AND P0, PT, |R56|, +INF , PT","0"
"0xfff93420c050","      FSEL R56, R56, R163, !P0","0"
"0xfff93420c060","      FSETP.NE.AND P0, PT, |R57|, +INF , PT","0"
"0xfff93420c070","      MUFU.EX2 R41, R41","0"
"0xfff93420c080","      FSEL R57, R57, R163, !P0","0"
"0xfff93420c090","      FSETP.NE.AND P0, PT, |R58|, +INF , PT","0"
"0xfff93420c0a0","      MUFU.EX2 R99, R99","0"
"0xfff93420c0b0","      FSEL R58, R58, R163, !P0","0"
"0xfff93420c0c0","      FSETP.NE.AND P0, PT, |R59|, +INF , PT","0"
"0xfff93420c0d0","      FSEL R59, R59, R163, !P0","0"
"0xfff93420c0e0","      MUFU.EX2 R44, R44","0"
"0xfff93420c0f0","      FSETP.NE.AND P0, PT, |R52|, +INF , PT","0"
"0xfff93420c100","      FSEL R52, R52, R163, !P0","0"
"0xfff93420c110","      FSETP.NE.AND P0, PT, |R53|, +INF , PT","0"
"0xfff93420c120","      MUFU.EX2 R45, R45","0"
"0xfff93420c130","      FSEL R53, R53, R163, !P0","0"
"0xfff93420c140","      FSETP.NE.AND P0, PT, |R60|, +INF , PT","0"
"0xfff93420c150","      MUFU.EX2 R95, R95","0"
"0xfff93420c160","      FSEL R60, R60, R163, !P0","0"
"0xfff93420c170","      FSETP.NE.AND P0, PT, |R62|, +INF , PT","0"
"0xfff93420c180","      FSEL R62, R62, R163, !P0","0"
"0xfff93420c190","      MUFU.EX2 R58, R58","0"
"0xfff93420c1a0","      FSETP.NE.AND P0, PT, |R63|, +INF , PT","0"
"0xfff93420c1b0","      FSEL R63, R63, R163, !P0","0"
"0xfff93420c1c0","      FSETP.NE.AND P0, PT, |R64|, +INF , PT","0"
"0xfff93420c1d0","      MUFU.EX2 R59, R59","0"
"0xfff93420c1e0","      FSEL R64, R64, R163, !P0","0"
"0xfff93420c1f0","      FSETP.NE.AND P0, PT, |R65|, +INF , PT","0"
"0xfff93420c200","      MUFU.EX2 R129, R129","0"
"0xfff93420c210","      FSEL R65, R65, R163, !P0","0"
"0xfff93420c220","      FSETP.NE.AND P0, PT, |R66|, +INF , PT","0"
"0xfff93420c230","      FSEL R66, R66, R163, !P0","0"
"0xfff93420c240","      MUFU.EX2 R52, R52","0"
"0xfff93420c250","      FSETP.NE.AND P0, PT, |R67|, +INF , PT","0"
"0xfff93420c260","      FSEL R67, R67, R163, !P0","0"
"0xfff93420c270","      FSETP.NE.AND P0, PT, |R4|, +INF , PT","0"
"0xfff93420c280","      MUFU.EX2 R66, R66","0"
"0xfff93420c290","      FSEL R4, R4, R162, !P0","0"
"0xfff93420c2a0","      FSETP.NE.AND P0, PT, |R5|, +INF , PT","0"
"0xfff93420c2b0","      MUFU.EX2 R67, R67","0"
"0xfff93420c2c0","      FSEL R5, R5, R162, !P0","0"
"0xfff93420c2d0","      FSETP.NE.AND P0, PT, |R6|, +INF , PT","0"
"0xfff93420c2e0","      FSEL R6, R6, R162, !P0","0"
"0xfff93420c2f0","      MUFU.EX2 R4, R4","0"
"0xfff93420c300","      FSETP.NE.AND P0, PT, |R7|, +INF , PT","0"
"0xfff93420c310","      FSEL R7, R7, R162, !P0","0"
"0xfff93420c320","      FSETP.NE.AND P0, PT, |R8|, +INF , PT","0"
"0xfff93420c330","      MUFU.EX2 R5, R5","0"
"0xfff93420c340","      FSEL R8, R8, R162, !P0","0"
"0xfff93420c350","      FSETP.NE.AND P0, PT, |R9|, +INF , PT","0"
"0xfff93420c360","      MUFU.EX2 R6, R6","0"
"0xfff93420c370","      FSEL R9, R9, R162, !P0","0"
"0xfff93420c380","      FSETP.NE.AND P0, PT, |R10|, +INF , PT","0"
"0xfff93420c390","      FSEL R10, R10, R162, !P0","0"
"0xfff93420c3a0","      MUFU.EX2 R8, R8","0"
"0xfff93420c3b0","      FSETP.NE.AND P0, PT, |R11|, +INF , PT","0"
"0xfff93420c3c0","      FSEL R11, R11, R162, !P0","0"
"0xfff93420c3d0","      FSETP.NE.AND P0, PT, |R14|, +INF , PT","0"
"0xfff93420c3e0","      MUFU.EX2 R10, R10","0"
"0xfff93420c3f0","      FSEL R14, R14, R162, !P0","0"
"0xfff93420c400","      FSETP.NE.AND P0, PT, |R15|, +INF , PT","0"
"0xfff93420c410","      MUFU.EX2 R11, R11","0"
"0xfff93420c420","      FSEL R15, R15, R162, !P0","0"
"0xfff93420c430","      ISETP.NE.AND P0, PT, R159, RZ, PT","0"
"0xfff93420c440","      FSEL R159, R18, R162, !P5","0"
"0xfff93420c450","      FSETP.NE.AND P5, PT, |R13|, +INF , PT","0"
"0xfff93420c460","      MUFU.EX2 R9, R9","0"
"0xfff93420c470","      FSEL R18, R12, R162, !P4","0"
"0xfff93420c480","      FSETP.NE.AND P4, PT, |R23|, +INF , PT","0"
"0xfff93420c490","      FSEL R19, R13, R162, !P5","0"
"0xfff93420c4a0","      FSETP.NE.AND P5, PT, |R24|, +INF , PT","0"
"0xfff93420c4b0","      MUFU.EX2 R12, R159","0"
"0xfff93420c4c0","      FSEL R175, R23, R162, !P4","0"
"0xfff93420c4d0","      FSETP.NE.AND P4, PT, |R26|, +INF , PT","0"
"0xfff93420c4e0","      FSEL R171, R24, R162, !P5","0"
"0xfff93420c4f0","      FADD2 R24, R102.F32x2.HI_LO, RZ.F32","0"
"0xfff93420c500","      FSETP.NE.AND P5, PT, |R27|, +INF , PT","0"
"0xfff93420c510","      MUFU.EX2 R13, R161","0"
"0xfff93420c520","      FSEL R26, R26, R162, !P4","0"
"0xfff93420c530","      FADD2 R106, R24.F32x2.HI_LO, R106.F32x2.HI_LO","0"
"0xfff93420c540","      FSETP.NE.AND P4, PT, |R21|, +INF , PT","0"
"0xfff93420c550","      FADD2 R24, R38.F32x2.HI_LO, RZ.F32","0"
"0xfff93420c560","      FSEL R27, R27, R162, !P5","0"
"0xfff93420c570","      FADD2 R106, R106.F32x2.HI_LO, R110.F32x2.HI_LO","0"
"0xfff93420c580","      FSETP.NE.AND P5, PT, |R28|, +INF , PT","0"
"0xfff93420c590","      MUFU.EX2 R7, R7","0"
"0xfff93420c5a0","      FSEL R21, R21, R162, !P4","0"
"0xfff93420c5b0","      FADD2 R42, R24.F32x2.HI_LO, R42.F32x2.HI_LO","0"
"0xfff93420c5c0","      FSETP.NE.AND P4, PT, |R30|, +INF , PT","0"
"0xfff93420c5d0","      FADD2 R106, R106.F32x2.HI_LO, R114.F32x2.HI_LO","0"
"0xfff93420c5e0","      FSEL R28, R28, R162, !P5","0"
"0xfff93420c5f0","      FADD2 R42, R42.F32x2.HI_LO, R46.F32x2.HI_LO","0"
"0xfff93420c600","      ISETP.NE.AND P5, PT, R158, RZ, PT","0"
"0xfff93420c610","      MUFU.EX2 R14, R14","0"
"0xfff93420c620","      FSEL R158, R30, R162, !P4","0"
"0xfff93420c630","      VIADD R30, R168, 0x20","0"
"0xfff93420c640","      FSEL R159, R31, R162, !P6","0"
"0xfff93420c650","      FADD2 R106, R106.F32x2.HI_LO, R118.F32x2.HI_LO","0"
"0xfff93420c660","      FSETP.NE.AND P4, PT, |R32|, +INF , PT","0"
"0xfff93420c670","      FADD2 R42, R42.F32x2.HI_LO, R50.F32x2.HI_LO","0"
"0xfff93420c680","      FSETP.NE.AND P6, PT, |R33|, +INF , PT","0"
"0xfff93420c690","      MUFU.EX2 R15, R15","0"
"0xfff93420c6a0","      FSEL R160, R32, R162, !P4","0"
"0xfff93420c6b0","      FADD2 R106, R106.F32x2.HI_LO, R122.F32x2.HI_LO","0"
"0xfff93420c6c0","      FSEL R161, R33, R162, !P6","0"
"0xfff93420c6d0","      FADD2 R32, R68.F32x2.HI_LO, RZ.F32","0"
"0xfff93420c6e0","      FSETP.NE.AND P4, PT, |R34|, +INF , PT","0"
"0xfff93420c6f0","      FSETP.NE.AND P6, PT, |R35|, +INF , PT","0"
"0xfff93420c700","      FADD2 R32, R32.F32x2.HI_LO, R72.F32x2.HI_LO","0"
"0xfff93420c710","      SHF.R.U32.HI R31, RZ, 0x3, R30","0"
"0xfff93420c720","      FADD2 R72, R4.F32x2.HI_LO, RZ.F32","0"
"0xfff93420c730","      FSEL R163, R34, R162, !P4","0"
"0xfff93420c740","      MUFU.EX2 R26, R26","0"
"0xfff93420c750","      FSEL R165, R35, R162, !P6","0"
"0xfff93420c760","      FADD2 R72, R72.F32x2.HI_LO, R8.F32x2.HI_LO","0"
"0xfff93420c770","      LOP3.LUT R162, R30, 0x30, R31, 0x78, !PT","0"
"0xfff93420c780","      FADD2 R30, R70.F32x2.HI_LO, RZ.F32","0"
"0xfff93420c790","      SHF.R.U32.HI R34, RZ, 0x3, R169","0"
"0xfff93420c7a0","      SHF.R.U32.HI R23, RZ, 0x3, R164","0"
"0xfff93420c7b0","      FADD2 R74, R30.F32x2.HI_LO, R74.F32x2.HI_LO","0"
"0xfff93420c7c0","      LOP3.LUT R169, R169, 0x30, R34, 0x78, !PT","0"
"0xfff93420c7d0","      FADD2 R30, R100.F32x2.HI_LO, RZ.F32","0"
"0xfff93420c7e0","      LOP3.LUT R164, R164, 0x30, R23, 0x78, !PT","0"
"0xfff93420c7f0","      FADD2 R74, R74.F32x2.HI_LO, R78.F32x2.HI_LO","0"
"0xfff93420c800","      MUFU.EX2 R23, R175","0"
"0xfff93420c810","      FADD2 R30, R30.F32x2.HI_LO, R104.F32x2.HI_LO","0"
"0xfff93420c820","      F2FP.SATFINITE.E2M1.F32.PACK_AB_MERGE_C R104, R11, R10, RZ","0"
"0xfff93420c830","      FADD2 R34, R36.F32x2.HI_LO, RZ.F32","0"
"0xfff93420c840","      F2FP.SATFINITE.E2M1.F32.PACK_AB_MERGE_C R105, R41, R40, R174","0"
"0xfff93420c850","      FADD2 R30, R30.F32x2.HI_LO, R108.F32x2.HI_LO","0"
"0xfff93420c860","      F2FP.SATFINITE.E2M1.F32.PACK_AB_MERGE_C R104, R9, R8, R104","0"
"0xfff93420c870","      FADD2 R34, R34.F32x2.HI_LO, R40.F32x2.HI_LO","0"
"0xfff93420c880","      F2FP.SATFINITE.E2M1.F32.PACK_AB_MERGE_C R8, R115, R114, RZ","0"
"0xfff93420c890","      FADD2 R40, R6.F32x2.HI_LO, RZ.F32","0"
"0xfff93420c8a0","      F2FP.SATFINITE.E2M1.F32.PACK_AB_MERGE_C R9, R83, R82, RZ","0"
"0xfff93420c8b0","      MUFU.EX2 R27, R27","0"
"0xfff93420c8c0","      F2FP.SATFINITE.E2M1.F32.PACK_AB_MERGE_C R8, R113, R112, R8","0"
"0xfff93420c8d0","      FADD2 R40, R40.F32x2.HI_LO, R10.F32x2.HI_LO","0"
"0xfff93420c8e0","      F2FP.SATFINITE.E2M1.F32.PACK_AB_MERGE_C R104, R7, R6, R104","0"
"0xfff93420c8f0","      FADD2 R30, R30.F32x2.HI_LO, R112.F32x2.HI_LO","0"
"0xfff93420c900","      F2FP.SATFINITE.E2M1.F32.PACK_AB_MERGE_C R110, R111, R110, R8","0"
"0xfff93420c910","      FADD2 R40, R40.F32x2.HI_LO, R14.F32x2.HI_LO","0"
"0xfff93420c920","      F2FP.SATFINITE.E2M1.F32.PACK_AB_MERGE_C R8, R81, R80, R9","0"
"0xfff93420c930","      MUFU.EX2 R18, R18","0"
"0xfff93420c940","      F2FP.SATFINITE.E2M1.F32.PACK_AB_MERGE_C R9, R13, R12, RZ","0"
"0xfff93420c950","      FADD2 R30, R30.F32x2.HI_LO, R116.F32x2.HI_LO","0"
"0xfff93420c960","      F2FP.SATFINITE.E2M1.F32.PACK_AB_MERGE_C R78, R79, R78, R8","0"
"0xfff93420c970","      FADD2 R12, R40.F32x2.HI_LO, R12.F32x2.HI_LO","0"
"0xfff93420c980","      F2FP.SATFINITE.E2M1.F32.PACK_AB_MERGE_C R8, R51, R50, RZ","0"
"0xfff93420c990","      FADD2 R34, R34.F32x2.HI_LO, R44.F32x2.HI_LO","0"
"0xfff93420c9a0","      F2FP.SATFINITE.E2M1.F32.PACK_AB_MERGE_C R9, R17, R16, R9","0"
"0xfff93420c9b0","      MUFU.EX2 R19, R19","0"
"0xfff93420c9c0","      F2FP.SATFINITE.E2M1.F32.PACK_AB_MERGE_C R8, R49, R48, R8","0"
"0xfff93420c9d0","      FADD2 R12, R12.F32x2.HI_LO, R22.F32x2.HI_LO","0"
"0xfff93420c9e0","      F2FP.SATFINITE.E2M1.F32.PACK_AB_MERGE_C R14, R15, R14, R9","0"
"0xfff93420c9f0","      FADD2 R34, R34.F32x2.HI_LO, R48.F32x2.HI_LO","0"
"0xfff93420ca00","      F2FP.SATFINITE.E2M1.F32.PACK_AB_MERGE_C R46, R47, R46, R8","0"
"0xfff93420ca10","      FADD2 R74, R74.F32x2.HI_LO, R82.F32x2.HI_LO","0"
"0xfff93420ca20","      F2FP.SATFINITE.E2M1.F32.PACK_AB_MERGE_C R8, R123, R122, RZ","0"
"0xfff93420ca30","      MUFU.EX2 R53, R53","0"
"0xfff93420ca40","      F2FP.SATFINITE.E2M1.F32.PACK_AB_MERGE_C R10, R27, R26, RZ","0"
"0xfff93420ca50","      FADD2 R26, R12.F32x2.HI_LO, R26.F32x2.HI_LO","0"
"0xfff93420ca60","      F2FP.SATFINITE.E2M1.F32.PACK_AB_MERGE_C R7, R121, R120, R8","0"
"0xfff93420ca70","      FADD2 R120, R30.F32x2.HI_LO, R120.F32x2.HI_LO","0"
"0xfff93420ca80","      F2FP.SATFINITE.E2M1.F32.PACK_AB_MERGE_C R11, R131, R130, RZ","0"
"0xfff93420ca90","      F2FP.SATFINITE.E2M1.F32.PACK_AB_MERGE_C R7, R119, R118, R7","0"
"0xfff93420caa0","      MUFU.EX2 R56, R56","0"
"0xfff93420cab0","      F2FP.SATFINITE.E2M1.F32.PACK_AB_MERGE_C R6, R59, R58, RZ","0"
"0xfff93420cac0","      FADD2 R72, R72.F32x2.HI_LO, R18.F32x2.HI_LO","0"
"0xfff93420cad0","      F2FP.SATFINITE.E2M1.F32.PACK_AB_MERGE_C R116, R117, R116, R7","0"
"0xfff93420cae0","      F2FP.SATFINITE.E2M1.F32.PACK_AB_MERGE_C R7, R99, R98, RZ","0"
"0xfff93420caf0","      FADD2 R72, R72.F32x2.HI_LO, R16.F32x2.HI_LO","0"
"0xfff93420cb00","      F2FP.SATFINITE.E2M1.F32.PACK_AB_MERGE_C R11, R129, R128, R11","0"
"0xfff93420cb10","      MUFU.EX2 R57, R57","0"
"0xfff93420cb20","      F2FP.SATFINITE.E2M1.F32.PACK_AB_MERGE_C R7, R97, R96, R7","0"
"0xfff93420cb30","      FADD2 R34, R34.F32x2.HI_LO, R52.F32x2.HI_LO","0"
"0xfff93420cb40","      F2FP.SATFINITE.E2M1.F32.PACK_AB_MERGE_C R102, R103, R102, R173","0"
"0xfff93420cb50","      F2FP.SATFINITE.E2M1.F32.PACK_AB_MERGE_C R12, R95, R94, R7","0"
"0xfff93420cb60","      F2FP.SATFINITE.E2M1.F32.PACK_AB_MERGE_C R7, R67, R66, RZ","0"
"0xfff93420cb70","      MUFU.EX2 R64, R64","0"
"0xfff93420cb80","      F2FP.SATFINITE.E2M1.F32.PACK_AB_MERGE_C R102, R101, R100, R102","0"
"0xfff93420cb90","      F2FP.SATFINITE.E2M1.F32.PACK_AB_MERGE_C R110, R109, R108, R110","0"
"0xfff93420cba0","      SHF.R.U32.HI R13, RZ, 0x3, R168","0"
"0xfff93420cbb0","      F2FP.SATFINITE.E2M1.F32.PACK_AB_MERGE_C R104, R5, R4, R104","0"
"0xfff93420cbc0","      MUFU.EX2 R65, R65","0"
"0xfff93420cbd0","      F2FP.SATFINITE.E2M1.F32.PACK_AB_MERGE_C R6, R57, R56, R6","0"
"0xfff93420cbe0","      FADD2 R56, R34.F32x2.HI_LO, R56.F32x2.HI_LO","0"
"0xfff93420cbf0","      F2FP.SATFINITE.E2M1.F32.PACK_AB_MERGE_C R70, R71, R70, R172","0"
"0xfff93420cc00","      CS2R R4, SRZ","0"
"0xfff93420cc10","      F2FP.SATFINITE.E2M1.F32.PACK_AB_MERGE_C R38, R39, R38, R105","0"
"0xfff93420cc20","@P3   IMAD.MOV.U32 R4, RZ, RZ, R102","0"
"0xfff93420cc30","      LOP3.LUT R13, R168, 0x30, R13, 0x78, !PT","0"
"0xfff93420cc40","      MUFU.EX2 R90, R90","0"
"0xfff93420cc50","@P3   IMAD.MOV.U32 R5, RZ, RZ, R110","0"
"0xfff93420cc60","      F2FP.SATFINITE.E2M1.F32.PACK_AB_MERGE_C R70, R69, R68, R70","0"
"0xfff93420cc70","      F2FP.SATFINITE.E2M1.F32.PACK_AB_MERGE_C R38, R37, R36, R38","0"
"0xfff93420cc80","      F2FP.SATFINITE.E2M1.F32.PACK_AB_MERGE_C R46, R45, R44, R46","0"
"0xfff93420cc90","      MUFU.EX2 R91, R91","0"
"0xfff93420cca0","      F2FP.SATFINITE.E2M1.F32.PACK_AB_MERGE_C R7, R65, R64, R7","0"
"0xfff93420ccb0","      F2FP.SATFINITE.E2M1.F32.PACK_AB_MERGE_C R18, R19, R18, R14","0"
"0xfff93420ccc0","      MUFU.EX2 R126, R126","0"
"0xfff93420ccd0","      MUFU.EX2 R127, R127","0"
"0xfff93420cce0","      F2FP.SATFINITE.E2M1.F32.PACK_AB_MERGE_C R15, R91, R90, RZ","0"
"0xfff93420ccf0","      MUFU.EX2 R8, R163","0"
"0xfff93420cd00","      MUFU.EX2 R9, R165","0"
"0xfff93420cd10","      F2FP.SATFINITE.E2M1.F32.PACK_AB_MERGE_C R11, R127, R126, R11","0"
"0xfff93420cd20","      FADD2 R106, R106.F32x2.HI_LO, R126.F32x2.HI_LO","0"
"0xfff93420cd30","      FADD2 R130, R106.F32x2.HI_LO, R130.F32x2.HI_LO","0"
"0xfff93420cd40","      MUFU.EX2 R76, R76","0"
"0xfff93420cd50","      MUFU.EX2 R77, R77","0"
"0xfff93420cd60","      F2FP.SATFINITE.E2M1.F32.PACK_AB_MERGE_C R16, R9, R8, RZ","0"
"0xfff93420cd70","      MUFU.EX2 R54, R54","0"
"0xfff93420cd80","      MUFU.EX2 R55, R55","0"
"0xfff93420cd90","      FADD2 R32, R32.F32x2.HI_LO, R76.F32x2.HI_LO","0"
"0xfff93420cda0","      F2FP.SATFINITE.E2M1.F32.PACK_AB_MERGE_C R78, R77, R76, R78","0"
"0xfff93420cdb0","      FADD2 R32, R32.F32x2.HI_LO, R80.F32x2.HI_LO","0"
"0xfff93420cdc0","      MUFU.EX2 R62, R62","0"
"0xfff93420cdd0","      MUFU.EX2 R63, R63","0"
"0xfff93420cde0","      F2FP.SATFINITE.E2M1.F32.PACK_AB_MERGE_C R6, R55, R54, R6","0"
"0xfff93420cdf0","      FADD2 R42, R42.F32x2.HI_LO, R54.F32x2.HI_LO","0"
"0xfff93420ce00","      F2FP.SATFINITE.E2M1.F32.PACK_AB_MERGE_C R52, R53, R52, R6","0"
"0xfff93420ce10","      FADD2 R42, R42.F32x2.HI_LO, R58.F32x2.HI_LO","0"
"0xfff93420ce20","      MUFU.EX2 R88, R88","0"
"0xfff93420ce30","      MUFU.EX2 R89, R89","0"
"0xfff93420ce40","      F2FP.SATFINITE.E2M1.F32.PACK_AB_MERGE_C R7, R63, R62, R7","0"
"0xfff93420ce50","      FADD2 R42, R42.F32x2.HI_LO, R62.F32x2.HI_LO","0"
"0xfff93420ce60","      FADD2 R66, R42.F32x2.HI_LO, R66.F32x2.HI_LO","0"
"0xfff93420ce70","      MUFU.EX2 R24, R171","0"
"0xfff93420ce80","      MUFU.EX2 R25, R170","0"
"0xfff93420ce90","      F2FP.SATFINITE.E2M1.F32.PACK_AB_MERGE_C R15, R89, R88, R15","0"
"0xfff93420cea0","      MUFU.EX2 R124, R124","0"
"0xfff93420ceb0","      MUFU.EX2 R125, R125","0"
"0xfff93420cec0","      F2FP.SATFINITE.E2M1.F32.PACK_AB_MERGE_C R10, R25, R24, R10","0"
"0xfff93420ced0","      F2FP.SATFINITE.E2M1.F32.PACK_AB_MERGE_C R10, R23, R22, R10","0"
"0xfff93420cee0","      MUFU.EX2 R60, R60","0"
"0xfff93420cef0","      MUFU.EX2 R160, R160","0"
"0xfff93420cf00","      F2FP.SATFINITE.E2M1.F32.PACK_AB_MERGE_C R11, R125, R124, R11","0"
"0xfff93420cf10","      FADD2 R120, R120.F32x2.HI_LO, R124.F32x2.HI_LO","0"
"0xfff93420cf20","      FADD2 R120, R120.F32x2.HI_LO, R128.F32x2.HI_LO","0"
"0xfff93420cf30","      MUFU.EX2 R161, R161","0"
"0xfff93420cf40","      FADD2 R120, R120.F32x2.HI_LO, R130.F32x2.HI_LO","0"
"0xfff93420cf50","      FADD R121, R120, R121","0"
"0xfff93420cf60","      MUFU.EX2 R61, R61","0"
"0xfff93420cf70","      FFMA R2, R2, R121, RZ","0"
"0xfff93420cf80","      MUFU.EX2 R86, R86","0"
"0xfff93420cf90","      F2FP.SATFINITE.E2M1.F32.PACK_AB_MERGE_C R16, R161, R160, R16","0"
"0xfff93420cfa0","      MUFU.EX2 R87, R87","0"
"0xfff93420cfb0","      FADD2 R56, R56.F32x2.HI_LO, R60.F32x2.HI_LO","0"
"0xfff93420cfc0","      F2FP.SATFINITE.E2M1.F32.PACK_AB_MERGE_C R60, R61, R60, R7","0"
"0xfff93420cfd0","      CS2R R6, SRZ","0"
"0xfff93420cfe0","@P3   IMAD.MOV.U32 R6, RZ, RZ, R116","0"
"0xfff93420cff0","      FADD2 R64, R56.F32x2.HI_LO, R64.F32x2.HI_LO","0"
"0xfff93420d000","@P3   IMAD.MOV.U32 R7, RZ, RZ, R11","0"
"0xfff93420d010","      MUFU.EX2 R92, R92","0"
"0xfff93420d020","      FADD2 R64, R64.F32x2.HI_LO, R66.F32x2.HI_LO","0"
"0xfff93420d030","      STS.128 [R13], R4","0"
"0xfff93420d040","      FADD R65, R64, R65","0"
"0xfff93420d050","      MUFU.EX2 R93, R93","0"
"0xfff93420d060","      F2FP.SATFINITE.E2M1.F32.PACK_AB_MERGE_C R15, R87, R86, R15","0"
"0xfff93420d070","      FADD2 R74, R74.F32x2.HI_LO, R86.F32x2.HI_LO","0"
"0xfff93420d080","      FADD2 R74, R74.F32x2.HI_LO, R90.F32x2.HI_LO","0"
"0xfff93420d090","      MUFU.EX2 R158, R158","0"
"0xfff93420d0a0","      FADD2 R74, R74.F32x2.HI_LO, R94.F32x2.HI_LO","0"
"0xfff93420d0b0","      CS2R R4, SRZ","0"
"0xfff93420d0c0","      CS2R R6, SRZ","0"
"0xfff93420d0d0","@P5   IMAD.MOV.U32 R4, RZ, RZ, R104","0"
"0xfff93420d0e0","      FADD2 R98, R74.F32x2.HI_LO, R98.F32x2.HI_LO","0"
"0xfff93420d0f0","      MUFU.EX2 R159, R159","0"
"0xfff93420d100","      F2FP.SATFINITE.E2M1.F32.PACK_AB_MERGE_C R12, R93, R92, R12","0"
"0xfff93420d110","@P5   IMAD.MOV.U32 R5, RZ, RZ, R18","0"
"0xfff93420d120","      MUFU.EX2 R84, R84","0"
"0xfff93420d130","      MUFU.EX2 R85, R85","0"
"0xfff93420d140","      F2FP.SATFINITE.E2M1.F32.PACK_AB_MERGE_C R16, R159, R158, R16","0"
"0xfff93420d150","      FADD2 R22, R26.F32x2.HI_LO, R158.F32x2.HI_LO","0"
"0xfff93420d160","      FADD2 R22, R22.F32x2.HI_LO, R8.F32x2.HI_LO","0"
"0xfff93420d170","      CS2R R8, SRZ","0"
"0xfff93420d180","      MUFU.EX2 R20, R20","0"
"0xfff93420d190","@P1   IMAD.MOV.U32 R8, RZ, RZ, R70","0"
"0xfff93420d1a0","@P1   IMAD.MOV.U32 R9, RZ, RZ, R78","0"
"0xfff93420d1b0","      MUFU.EX2 R21, R21","0"
"0xfff93420d1c0","      FADD2 R32, R32.F32x2.HI_LO, R84.F32x2.HI_LO","0"
"0xfff93420d1d0","      F2FP.SATFINITE.E2M1.F32.PACK_AB_MERGE_C R84, R85, R84, R15","0"
"0xfff93420d1e0","      CS2R R14, SRZ","0"
"0xfff93420d1f0","      FADD2 R88, R32.F32x2.HI_LO, R88.F32x2.HI_LO","0"
"0xfff93420d200","@P0   IMAD.MOV.U32 R14, RZ, RZ, R52","0"
"0xfff93420d210","      MUFU.EX2 R28, R28","0"
"0xfff93420d220","@P0   IMAD.MOV.U32 R15, RZ, RZ, R60","0"
"0xfff93420d230","      FADD2 R88, R88.F32x2.HI_LO, R92.F32x2.HI_LO","0"
"0xfff93420d240","      FADD2 R96, R88.F32x2.HI_LO, R96.F32x2.HI_LO","0"
"0xfff93420d250","      MUFU.EX2 R29, R29","0"
"0xfff93420d260","      FADD2 R72, R72.F32x2.HI_LO, R20.F32x2.HI_LO","0"
"0xfff93420d270","      F2FP.SATFINITE.E2M1.F32.PACK_AB_MERGE_C R20, R21, R20, R10","0"
"0xfff93420d280","      CS2R R10, SRZ","0"
"0xfff93420d290","      FADD2 R96, R96.F32x2.HI_LO, R98.F32x2.HI_LO","0"
"0xfff93420d2a0","@P1   IMAD.MOV.U32 R11, RZ, RZ, R12","0"
"0xfff93420d2b0","      CS2R R12, SRZ","0"
"0xfff93420d2c0","@P1   IMAD.MOV.U32 R10, RZ, RZ, R84","0"
"0xfff93420d2d0","      FADD2 R24, R72.F32x2.HI_LO, R24.F32x2.HI_LO","0"
"0xfff93420d2e0","@P0   IMAD.MOV.U32 R12, RZ, RZ, R38","0"
"0xfff93420d2f0","      FADD R96, R96, R97","0"
"0xfff93420d300","@P0   IMAD.MOV.U32 R13, RZ, RZ, R46","0"
"0xfff93420d310","      STS.128 [R164], R8","0"
"0xfff93420d320","@P5   IMAD.MOV.U32 R6, RZ, RZ, R20","0"
"0xfff93420d330","      FFMA R157, R157, R96, R2","0"
"0xfff93420d340","      STS.128 [R162], R12","0"
"0xfff93420d350","      F2FP.SATFINITE.E2M1.F32.PACK_AB_MERGE_C R16, R29, R28, R16","0"
"0xfff93420d360","      FADD2 R24, R24.F32x2.HI_LO, R28.F32x2.HI_LO","0"
"0xfff93420d370","      FFMA R156, R156, R65, R157","0"
"0xfff93420d380","@P5   IMAD.MOV.U32 R7, RZ, RZ, R16","0"
"0xfff93420d390","      FADD2 R160, R24.F32x2.HI_LO, R160.F32x2.HI_LO","0"
"0xfff93420d3a0","      STS.128 [R169], R4","0"
"0xfff93420d3b0","      FADD2 R22, R160.F32x2.HI_LO, R22.F32x2.HI_LO","0"
"0xfff93420d3c0","      FADD R22, R22, R23","0"
"0xfff93420d3d0","      FFMA R155, R155, R22, R156","0"
"0xfff93420d3e0","      STS [R138+UR14], R152","33792"
"0xfff93420d3f0","      UMOV UR4, 0xffffffff","33792"
"0xfff93420d400","      ISETP.NE.AND P1, PT, R133, RZ, PT","33792"
"0xfff93420d410","      FFMA R149, R152, R149, R155","33792"
"0xfff93420d420","      BRA.DIV UR4, 0xfff934217a40","33792"
"0xfff93420d430","      NOP","33792"
"0xfff93420d440","@!P1  VIADD R7, R145, 0x668","33792"
"0xfff93420d450","      ISETP.GT.U32.AND P0, PT, R132, 0x5f, PT","33792"
"0xfff93420d460","      IMAD R5, R153, 0x200, R142","33792"
"0xfff93420d470","      BSSY.RECONVERGENT B4, 0xfff93420d860","33792"
"0xfff93420d480","@!P1  LEA R7, R146, R7, 0x18","33792"
"0xfff93420d490","      ISETP.NE.OR P0, PT, R151, R143, P0","33792"
"0xfff93420d4a0","@!P1  SYNCS.ARRIVE.TRANS64.A1T0 RZ, [R7+URZ], RZ","33792"
"0xfff93420d4b0","      STS [R5], R154","33792"
"0xfff93420d4c0","@P0   BRA 0xfff93420d850","33792"
"0xfff93420d4d0","      ISETP.GE.AND P0, PT, R140, 0x4, PT","1536"
"0xfff93420d4e0","      BSSY.RELIABLE B3, 0xfff93420d7e0","1536"
"0xfff93420d4f0","      IMAD.MOV.U32 R5, RZ, RZ, R140","1536"
"0xfff93420d500","@P0   BRA 0xfff93420d7d0","1536"
"0xfff93420d510","      IADD3 R2, PT, PT, -R5, 0x4, RZ","1536"
"0xfff93420d520","      BSSY.RECONVERGENT B5, 0xfff93420d6b0","1536"
"0xfff93420d530","      PLOP3.LUT P0, PT, PT, PT, PT, 0x80, 0x8","1536"
"0xfff93420d540","      ISETP.GT.AND P3, PT, R2, 0x3, PT","1536"
"0xfff93420d550","@!P3  BRA 0xfff93420d6a0","1536"
"0xfff93420d560","      PLOP3.LUT P0, PT, PT, PT, PT, 0x8, 0x80","0"
"0xfff93420d570","      IMAD R2, R5, 0x10, R168","0"
"0xfff93420d580","      VIADD R5, R5, 0x4","0"
"0xfff93420d590","      VIADD R4, R2, 0x10","0"
"0xfff93420d5a0","      SHF.R.U32.HI R7, RZ, 0x3, R2","0"
"0xfff93420d5b0","      VIADD R6, R2, 0x20","0"
"0xfff93420d5c0","      ISETP.GE.AND P3, PT, R5, 0x1, PT","0"
"0xfff93420d5d0","      VIADD R8, R2, 0x30","0"
"0xfff93420d5e0","      SHF.R.U32.HI R9, RZ, 0x3, R4","0"
"0xfff93420d5f0","      SHF.R.U32.HI R11, RZ, 0x3, R6","0"
"0xfff93420d600","      SHF.R.U32.HI R13, RZ, 0x3, R8","0"
"0xfff93420d610","      LOP3.LUT R7, R2, 0x30, R7, 0x78, !PT","0"
"0xfff93420d620","      LOP3.LUT R9, R4, 0x30, R9, 0x78, !PT","0"
"0xfff93420d630","      LOP3.LUT R11, R6, 0x30, R11, 0x78, !PT","0"
"0xfff93420d640","      STS.128 [R7], RZ","0"
"0xfff93420d650","      LOP3.LUT R13, R8, 0x30, R13, 0x78, !PT","0"
"0xfff93420d660","      STS.128 [R9], RZ","0"
"0xfff93420d670","      STS.128 [R11], RZ","0"
"0xfff93420d680","      STS.128 [R13], RZ","0"
"0xfff93420d690","@!P3  BRA 0xfff93420d570","0"
"0xfff93420d6a0","      BSYNC.RECONVERGENT B5","1536"
"0xfff93420d6b0","      IADD3 R2, PT, PT, -R5, 0x4, RZ","1536"
"0xfff93420d6c0","      BSSY.RECONVERGENT B5, 0xfff93420d7a0","1536"
"0xfff93420d6d0","      ISETP.GT.AND P3, PT, R2, 0x1, PT","1536"
"0xfff93420d6e0","@!P3  BRA 0xfff93420d790","1536"
"0xfff93420d6f0","      IMAD R2, R5, 0x10, R168","1024"
"0xfff93420d700","      PLOP3.LUT P0, PT, PT, PT, PT, 0x8, 0x80","1024"
"0xfff93420d710","      VIADD R5, R5, 0x2","1024"
"0xfff93420d720","      VIADD R4, R2, 0x10","1024"
"0xfff93420d730","      SHF.R.U32.HI R7, RZ, 0x3, R2","1024"
"0xfff93420d740","      SHF.R.U32.HI R9, RZ, 0x3, R4","1024"
"0xfff93420d750","      LOP3.LUT R7, R2, 0x30, R7, 0x78, !PT","1024"
"0xfff93420d760","      LOP3.LUT R9, R4, 0x30, R9, 0x78, !PT","1024"
"0xfff93420d770","      STS.128 [R7], RZ","1024"
"0xfff93420d780","      STS.128 [R9], RZ","1024"
"0xfff93420d790","      BSYNC.RECONVERGENT B5","1536"
"0xfff93420d7a0","      ISETP.NE.OR P0, PT, R5, 0x4, P0","1536"
"0xfff93420d7b0","@!P0  BREAK.RELIABLE B3","1536"
"0xfff93420d7c0","@!P0  BRA 0xfff93420d850","1536"
"0xfff93420d7d0","      BSYNC.RELIABLE B3","1024"
"0xfff93420d7e0","      IMAD R2, R5, 0x10, R168","1024"
"0xfff93420d7f0","      VIADD R5, R5, 0x1","1024"
"0xfff93420d800","      SHF.R.U32.HI R7, RZ, 0x3, R2","1024"
"0xfff93420d810","      ISETP.NE.AND P0, PT, R5, 0x4, PT","1024"
"0xfff93420d820","      LOP3.LUT R7, R2, 0x30, R7, 0x78, !PT","1024"
"0xfff93420d830","      STS.128 [R7], RZ","1024"
"0xfff93420d840","@P0   BRA 0xfff93420d7e0","1024"
"0xfff93420d850","      BSYNC.RECONVERGENT B4","33792"
"0xfff93420d860","      ISETP.GT.U32.AND P0, PT, R0, 0x7f, PT","33792"
"0xfff93420d870","      ISETP.NE.AND P3, PT, R167, RZ, PT","33792"
"0xfff93420d880","@!P0  WARPSYNC.ALL","33792"
"0xfff93420d890","@!P0  BAR.SYNC.DEFER_BLOCKING 0x1, 0x80","33792"
"0xfff93420d8a0","      MEMBAR.ALL.CTA","33792"
"0xfff93420d8b0","      FENCE.VIEW.ASYNC.S","33792"
"0xfff93420d8c0","@P3   BRA 0xfff93420d8e0","33792"
"0xfff93420d8d0","      WARPSYNC.ALL","8448"
"0xfff93420d8e0","@!P0  WARPSYNC.ALL","33792"
"0xfff93420d8f0","@!P0  BAR.SYNC.DEFER_BLOCKING 0x1, 0x80","33792"
"0xfff93420d900","      VIADD R151, R151, 0x1","33792"
"0xfff93420d910","@!P2  VIADD R5, R145, 0x708","33792"
"0xfff93420d920","      IMAD.MOV.U32 R155, RZ, RZ, R148","33792"
"0xfff93420d930","@!P2  LEA R2, R146, R5, 0x18","33792"
"0xfff93420d940","@!P2  IMAD R153, R153, 0x8, R2","33792"
"0xfff93420d950","@!P0  BAR.SYNC.DEFER_BLOCKING 0x1, 0x80","33792"
"0xfff93420d960","      ISETP.NE.AND P0, PT, R151, R144, PT","33792"
"0xfff93420d970","@!P2  SYNCS.ARRIVE.TRANS64.A1T0 RZ, [R153+URZ], RZ","33792"
"0xfff93420d980","@P0   BRA 0xfff934207680","33792"
"0xfff93420d990","      STS [R138+UR8], R148","2048"
"0xfff93420d9a0","      UMOV UR4, 0xffffffff","2048"
"0xfff93420d9b0","      LOP3.LUT R135, R135, 0x1, RZ, 0x3c, !PT","2048"
"0xfff93420d9c0","      STS [R138+UR9], R149","2048"
"0xfff93420d9d0","      BRA.DIV UR4, 0xfff934217ab0","2048"
"0xfff93420d9e0","      NOP","2048"
"0xfff93420d9f0","@!P1  VIADD R145, R145, 0x668","2048"
"0xfff93420da00","@!P1  LEA R145, R146, R145, 0x18","2048"
"0xfff93420da10","@!P1  SYNCS.ARRIVE.TRANS64.A1T0 RZ, [R145+URZ], RZ","2048"
"0xfff93420da20","      BSYNC B1","2048"
"0xfff93420da30","      LDCU UR4, c[0x0][0x390]","2048"
"0xfff93420da40","      VIADD R166, R166, UR12","2048"
"0xfff93420da50","      LDCU UR5, c[0x0][0x388]","2048"
"0xfff93420da60","      UIMAD UR4, UR4, UR5, URZ","2048"
"0xfff93420da70","      UIMAD UR4, UR4, UR40, URZ","2048"
"0xfff93420da80","      ISETP.GE.AND P0, PT, R166, UR4, PT","2048"
"0xfff93420da90","@!P0  BRA 0xfff934206bc0","2048"
"0xfff93420daa0","      BSYNC B2","2048"
"0xfff93420dab0","      BRA 0xfff934217580","2048"
"0xfff93420dac0","      WARPSYNC.ALL","2048"
"0xfff93420dad0","      USETMAXREG.DEALLOC.CTAPOOL 0x18","2048"
"0xfff93420dae0","      S2UR UR14, SR_CTAID.X","2048"
"0xfff93420daf0","      UISETP.GE.AND UP0, UPT, UR14, UR44, UPT","2048"
"0xfff93420db00","      BRA.U UP0, 0xfff934217580","2048"
"0xfff93420db10","      UISETP.LT.AND UP0, UPT, UR22, 0x1, UPT","2048"
"0xfff93420db20","      VIADD R0, R3, UR40","2048"
"0xfff93420db30","      UMOV UR4, URZ","2048"
"0xfff93420db40","      UMOV UR5, URZ","2048"
"0xfff93420db50","      USEL UR53, UR22, 0x1, !UP0","2048"
"0xfff93420db60","      UMOV UR8, URZ","2048"
"0xfff93420db70","      UMOV UR9, URZ","2048"
"0xfff93420db80","      UMOV UR10, URZ","2048"
"0xfff93420db90","      UIMAD UR17, UR6, UR40, URZ","2048"
"0xfff93420dba0","      IABS R4, UR14","2048"
"0xfff93420dbb0","      UMOV UR12, URZ","2048"
"0xfff93420dbc0","      R2UR UR16, R4","2048"
"0xfff93420dbd0","      IABS R2, UR17","2048"
"0xfff93420dbe0","      IABS R5, UR17","2048"
"0xfff93420dbf0","      R2UR UR18, R2","2048"
"0xfff93420dc00","      I2F.RP R2, UR18","2048"
"0xfff93420dc10","      MUFU.RCP R2, R2","2048"
"0xfff93420dc20","      VIADD R3, R2, 0xffffffe","2048"
"0xfff93420dc30","      IMAD.MOV R2, RZ, RZ, -R5","2048"
"0xfff93420dc40","      F2I.FTZ.U32.TRUNC.NTZ R3, R3","2048"
"0xfff93420dc50","      R2UR UR13, R3","2048"
"0xfff93420dc60","      UIADD3 UR11, UPT, UPT, URZ, -UR13, URZ","2048"
"0xfff93420dc70","      UIMAD UR11, UR11, UR18, URZ","2048"
"0xfff93420dc80","      UIMAD.WIDE.U32 UR12, UR13, UR11, UR12","2048"
"0xfff93420dc90","      R2UR UR11, R2","2048"
"0xfff93420dca0","      UIMAD.WIDE.U32 UR12, UR13, UR16, URZ","2048"
"0xfff93420dcb0","      UIMAD UR11, UR13, UR11, UR16","2048"
"0xfff93420dcc0","      UISETP.GT.U32.AND UP1, UPT, UR18, UR11, UPT","2048"
"0xfff93420dcd0","@!UP1 UIADD3 UR11, UPT, UPT, UR11, -UR18, URZ","2048"
"0xfff93420dce0","@!UP1 UIADD3 UR13, UPT, UPT, UR13, 0x1, URZ","2048"
"0xfff93420dcf0","      UISETP.GE.U32.AND UP0, UPT, UR11, UR18, UPT","2048"
"0xfff93420dd00","      ULOP3.LUT UR11, UR14, UR17, URZ, 0x3c, !UPT","2048"
"0xfff93420dd10","      UISETP.GE.AND UP1, UPT, UR11, URZ, UPT","2048"
"0xfff93420dd20","@UP0  UIADD3 UR13, UPT, UPT, UR13, 0x1, URZ","2048"
"0xfff93420dd30","      UISETP.NE.AND UP0, UPT, UR17, URZ, UPT","2048"
"0xfff93420dd40","@!UP1 UIADD3 UR13, UPT, UPT, -UR13, URZ, URZ","2048"
"0xfff93420dd50","@!UP0 ULOP3.LUT UR13, URZ, UR17, URZ, 0x33, !UPT","2048"
"0xfff93420dd60","      UISETP.GE.AND UP0, UPT, UR13, UR7, UPT","2048"
"0xfff93420dd70","      UIADD3 UR11, UPT, UPT, -UR13, URZ, URZ","2048"
"0xfff93420dd80","      USEL UR12, UR6, UR53, !UP0","2048"
"0xfff93420dd90","      UIMAD UR11, UR17, UR11, UR14","2048"
"0xfff93420dda0","      IABS R5, UR12","2048"
"0xfff93420ddb0","      I2F.RP R4, R5","2048"
"0xfff93420ddc0","      MUFU.RCP R4, R4","2048"
"0xfff93420ddd0","      VIADD R2, R4, 0xffffffe","2048"
"0xfff93420dde0","      IABS R4, UR11","2048"
"0xfff93420ddf0","      ULOP3.LUT UR11, UR11, UR12, URZ, 0x3c, !UPT","2048"
"0xfff93420de00","      F2I.FTZ.U32.TRUNC.NTZ R3, R2","2048"
"0xfff93420de10","      ISETP.LE.AND P2, PT, RZ, UR11, PT","2048"
"0xfff93420de20","      IMAD.MOV.U32 R2, RZ, RZ, RZ","2048"
"0xfff93420de30","      IMAD.MOV R6, RZ, RZ, -R3","2048"
"0xfff93420de40","      IMAD R7, R6, R5, RZ","2048"
"0xfff93420de50","      IABS R6, UR12","2048"
"0xfff93420de60","      IMAD.HI.U32 R3, R3, R7, R2","2048"
"0xfff93420de70","      IMAD.MOV R2, RZ, RZ, -R6","2048"
"0xfff93420de80","      IMAD.HI.U32 R3, R3, R4, RZ","2048"
"0xfff93420de90","      IMAD R2, R3, R2, R4","2048"
"0xfff93420dea0","      ISETP.GT.U32.AND P1, PT, R5, R2, PT","2048"
"0xfff93420deb0","@!P1  IMAD.IADD R2, R2, 0x1, -R5","2048"
"0xfff93420dec0","@!P1  VIADD R3, R3, 0x1","2048"
"0xfff93420ded0","      ISETP.NE.AND P1, PT, RZ, UR12, PT","2048"
"0xfff93420dee0","      ISETP.GE.U32.AND P0, PT, R2, R5, PT","2048"
"0xfff93420def0","@P0   VIADD R3, R3, 0x1","2048"
"0xfff93420df00","      IMAD.MOV.U32 R2, RZ, RZ, R3","2048"
"0xfff93420df10","@!P2  IMAD.MOV R2, RZ, RZ, -R2","2048"
"0xfff93420df20","@!P1  LOP3.LUT R2, RZ, UR12, RZ, 0x33, !PT","2048"
"0xfff93420df30","      LOP3.LUT R3, RZ, R2, RZ, 0x33, !PT","2048"
"0xfff93420df40","      IMAD.IADD R3, R0, 0x1, R3","2048"
"0xfff93420df50","      ISETP.GE.AND P0, PT, R3, UR40, PT","2048"
"0xfff93420df60","@P0   BRA 0xfff93420f970","2048"
"0xfff93420df70","      IMAD.MOV R2, RZ, RZ, -R2","2048"
"0xfff93420df80","      IMAD.U32 R3, RZ, RZ, UR40","2048"
"0xfff93420df90","      VIADDMNMX R2, R2, R3, UR40, PT","2048"
"0xfff93420dfa0","      R2UR UR58, R2","2048"
"0xfff93420dfb0","      UISETP.GE.AND UP0, UPT, UR58, 0x1, UPT","2048"
"0xfff93420dfc0","      BRA.U !UP0, 0xfff93420f970","2048"
"0xfff93420dfd0","      S2UR UR18, SR_CgaCtaId","2048"
"0xfff93420dfe0","      UISETP.GE.U32.AND UP0, UPT, UR58, 0x4, UPT","2048"
"0xfff93420dff0","      UMOV UR19, 0x400","2048"
"0xfff93420e000","      ULOP3.LUT UR56, UR58, 0x3, URZ, 0xc0, !UPT","2048"
"0xfff93420e010","      UIADD3 UR47, UPT, UPT, UR19, 0x6b8, URZ","2048"
"0xfff93420e020","      UMOV UR20, UR10","2048"
"0xfff93420e030","      UMOV UR21, UR9","2048"
"0xfff93420e040","      UMOV UR45, UR8","2048"
"0xfff93420e050","      UMOV UR46, UR4","2048"
"0xfff93420e060","      ULEA UR47, UR18, UR47, 0x18","2048"
"0xfff93420e070","      ULEA UR57, UR9, UR47, 0x3","2048"
"0xfff93420e080","      BRA.U !UP0, 0xfff93420ee90","2048"
"0xfff93420e090","      UMOV UR11, URZ","1856"
"0xfff93420e0a0","      UMOV UR46, UR4","1856"
"0xfff93420e0b0","      S2UR UR18, SR_CgaCtaId","7680"
"0xfff93420e0c0","      ULOP3.LUT UR12, UR10, 0x1, URZ, 0xc0, !UPT","7680"
"0xfff93420e0d0","      UISETP.GE.AND UP0, UPT, UR46, 0x2, UPT","7680"
"0xfff93420e0e0","      UMOV UR19, 0x400","7680"
"0xfff93420e0f0","      IMAD.U32 R3, RZ, RZ, UR12","7680"
"0xfff93420e100","      UIADD3 UR48, UPT, UPT, UR19, 0x708, URZ","7680"
"0xfff93420e110","      SHF.L.U32 R3, R3, 0x1f, RZ","7680"
"0xfff93420e120","      ULEA UR48, UR18, UR48, 0x18","7680"
"0xfff93420e130","      BRA.U !UP0, 0xfff93420e220","7680"
"0xfff93420e140","      S2UR UR17, SR_CgaCtaId","5824"
"0xfff93420e150","      UMOV UR13, 0x400","5824"
"0xfff93420e160","      USHF.R.U32.HI UR12, URZ, UR9, UR5","5824"
"0xfff93420e170","      UIADD3 UR16, UPT, UPT, UR13, 0x778, URZ","5824"
"0xfff93420e180","      ULOP3.LUT UR13, UR12, 0x1, URZ, 0xc0, !UPT","5824"
"0xfff93420e190","      IMAD.U32 R2, RZ, RZ, UR13","5824"
"0xfff93420e1a0","      SHF.L.U32 R2, R2, 0x1f, RZ","5824"
"0xfff93420e1b0","      ULEA UR12, UR17, UR16, 0x18","5824"
"0xfff93420e1c0","      ULEA UR12, UR9, UR12, 0x3","5824"
"0xfff93420e1d0","      SYNCS.PHASECHK.TRANS64.TRYWAIT P0, [UR12], R2","5824"
"0xfff93420e1e0","@!P0  BRA 0xfff934217b20","5824"
"0xfff93420e1f0","      UMOV UR12, 0x1","5824"
"0xfff93420e200","      USHF.L.U32 UR12, UR12, UR9, URZ","5824"
"0xfff93420e210","      ULOP3.LUT UR5, UR5, UR12, URZ, 0x3c, !UPT","5824"
"0xfff93420e220","      SYNCS.PHASECHK.TRANS64.TRYWAIT P0, [UR48], R3","7680"
"0xfff93420e230","      S2R R8, SR_TID.X","7680"
"0xfff93420e240","      IMAD.U32 R4, RZ, RZ, UR8","7680"
"0xfff93420e250","      SHF.L.U32 R4, R4, 0x1f, RZ","7680"
"0xfff93420e260","@!P0  BRA 0xfff934217b50","7680"
"0xfff93420e270","      SYNCS.PHASECHK.TRANS64.TRYWAIT P0, [UR57], R4","7680"
"0xfff93420e280","      UIADD3 UR50, UPT, UPT, UR19, 0x790, URZ","7680"
"0xfff93420e290","      IMAD.SHL.U32 R2, R8, 0x4, RZ","7680"
"0xfff93420e2a0","      ULEA UR50, UR18, UR50, 0x18","7680"
"0xfff93420e2b0","      LOP3.LUT R2, R2, 0x7c, RZ, 0xc0, !PT","7680"
"0xfff93420e2c0","@!P0  BRA 0xfff934217b80","7680"
"0xfff93420e2d0","      LDS R4, [R2+UR50]","7680"
"0xfff93420e2e0","      IMAD.U32 R3, R8, 0x10000, RZ","7680"
"0xfff93420e2f0","      USHF.L.U32 UR16, UR9, 0x9, URZ","7680"
"0xfff93420e300","      LOP3.LUT P1, RZ, R8, 0x7f, RZ, 0xc0, !PT","7680"
"0xfff93420e310","      LDS R5, [R2+UR50+0x80]","7680"
"0xfff93420e320","      UISETP.NE.AND UP0, UPT, UR9, URZ, UPT","7680"
"0xfff93420e330","      LOP3.LUT R3, R3, 0x600000, RZ, 0xc0, !PT","7680"
"0xfff93420e340","      UIADD3 UR49, UPT, UPT, UR42, 0x1c0, URZ","7680"
"0xfff93420e350","      LDS R6, [R2+UR50+0x100]","7680"
"0xfff93420e360","      PLOP3.LUT P0, PT, PT, PT, PT, 0x80, 0x8","7680"
"0xfff93420e370","      VIADD R3, R3, UR42","7680"
"0xfff93420e380","      LDS R7, [R2+UR50+0x180]","7680"
"0xfff93420e390","      UMOV UR17, UR49","7680"
"0xfff93420e3a0","      R2UR UR12, R3","7680"
"0xfff93420e3b0","@UP0  UIADD3 UR17, UPT, UPT, UR42, 0x1e0, URZ","7680"
"0xfff93420e3c0","      STTM.x4 tmem[UR12+0x1a0], R4","7680"
"0xfff93420e3d0","      FENCE.VIEW.ASYNC.T","7680"
"0xfff93420e3e0","      UIADD3 UR12, UP1, UPT, UR16, UR31, URZ","7680"
"0xfff93420e3f0","      UIADD3.X UR13, UPT, UPT, URZ, UR35, URZ, UP1, !UPT","7680"
"0xfff93420e400","      USHF.R.U64 UR12, UR12, 0x4, UR13","7680"
"0xfff93420e410","      UMOV UR13, 0x4008","7680"
"0xfff93420e420","      ULOP3.LUT UR12, UR12, 0x3fff, URZ, 0xc0, !UPT","7680"
"0xfff93420e430","      ULOP3.LUT UR12, UR12, 0x80000, URZ, 0xfc, !UPT","7680"
"0xfff93420e440","@P0   ELECT P2, URZ, PT","245760"
"0xfff93420e450","      UTCCP.T.S.4x32dp128bit tmem[UR17], gdesc[UR12]","245760"
"0xfff93420e460","@P2   PLOP3.LUT P0, PT, P2, PT, PT, 0x8, 0x80","245760"
"0xfff93420e470","      PLOP3.LUT P2, PT, PT, PT, PT, 0x8, 0x80","245760"
"0xfff93420e480","@P0   BRA.U.ANY 0xfff93420e440","245760"
"0xfff93420e490","      VOTEU.ALL UP3, P1","7680"
"0xfff93420e4a0","      NOP","7680"
"0xfff93420e4b0","      USHF.R.U32.HI UR51, URZ, 0x1, UR10","7680"
"0xfff93420e4c0","      UISETP.GE.AND UP1, UPT, UR46, 0x1, UPT","7680"
"0xfff93420e4d0","@!UP3 UIADD3 UR17, UPT, UPT, UR19, 0x758, URZ","7680"
"0xfff93420e4e0","      ULOP3.LUT UR47, UR51, 0x1, URZ, 0xc0, !UPT","7680"
"0xfff93420e4f0","@!UP3 ULEA UR17, UR18, UR17, 0x18","7680"
"0xfff93420e500","      IMAD.U32 R5, RZ, RZ, UR47","7680"
"0xfff93420e510","@!P1  SYNCS.ARRIVE.TRANS64.A1T0 RZ, [UR17], RZ","7680"
"0xfff93420e520","      SHF.L.U32 R5, R5, 0x1f, RZ","7680"
"0xfff93420e530","      BRA.U !UP1, 0xfff93420e630","7680"
"0xfff93420e540","      ULOP3.LUT UR52, UR9, 0x1, URZ, 0x3c, !UPT","5824"
"0xfff93420e550","      USHF.L.U32 UR17, UR9, 0x3, URZ","5824"
"0xfff93420e560","      USHF.R.U32.HI UR47, URZ, UR52, UR5","5824"
"0xfff93420e570","      UIADD3 UR54, UPT, UPT, UR19, 0x778, URZ","5824"
"0xfff93420e580","      ULOP3.LUT UR47, UR47, 0x1, URZ, 0xc0, !UPT","5824"
"0xfff93420e590","      ULOP3.LUT UR17, UR17, 0x8, URZ, 0x3c, !UPT","5824"
"0xfff93420e5a0","      ULEA UR54, UR18, UR54, 0x18","5824"
"0xfff93420e5b0","      IMAD.U32 R4, RZ, RZ, UR47","5824"
"0xfff93420e5c0","      IMAD.U32 R7, RZ, RZ, UR17","5824"
"0xfff93420e5d0","      SHF.L.U32 R4, R4, 0x1f, RZ","5824"
"0xfff93420e5e0","      SYNCS.PHASECHK.TRANS64.TRYWAIT P0, [R7+UR54], R4","5824"
"0xfff93420e5f0","@!P0  BRA 0xfff934217bb0","5824"
"0xfff93420e600","      UMOV UR17, 0x1","5824"
"0xfff93420e610","      USHF.L.U32 UR17, UR17, UR52, URZ","5824"
"0xfff93420e620","      ULOP3.LUT UR5, UR5, UR17, URZ, 0x3c, !UPT","5824"
"0xfff93420e630","      SYNCS.PHASECHK.TRANS64.TRYWAIT P0, [UR48+0x8], R5","7680"
"0xfff93420e640","      UISETP.NE.AND UP2, UPT, UR9, 0x1, UPT","7680"
"0xfff93420e650","      USHF.L.U32 UR52, UR9, 0x3, URZ","7680"
"0xfff93420e660","      USEL UR17, URZ, 0x1, UP2","7680"
"0xfff93420e670","      UIADD3 UR47, UPT, UPT, UR19, 0x6b8, URZ","7680"
"0xfff93420e680","      ULOP3.LUT UR17, UR8, UR17, URZ, 0x3c, !UPT","7680"
"0xfff93420e690","      ULOP3.LUT UR52, UR52, 0x8, URZ, 0x3c, !UPT","7680"
"0xfff93420e6a0","      ULEA UR47, UR18, UR47, 0x18","7680"
"0xfff93420e6b0","      IMAD.U32 R4, RZ, RZ, UR17","7680"
"0xfff93420e6c0","      UIADD3 UR59, UPT, UPT, UR47, UR52, URZ","7680"
"0xfff93420e6d0","      SHF.L.U32 R4, R4, 0x1f, RZ","7680"
"0xfff93420e6e0","@!P0  BRA 0xfff934217be0","7680"
"0xfff93420e6f0","      SYNCS.PHASECHK.TRANS64.TRYWAIT P0, [UR59], R4","7680"
"0xfff93420e700","@!P0  BRA 0xfff934217c10","7680"
"0xfff93420e710","      LDS R4, [R2+UR50+0x200]","7680"
"0xfff93420e720","      R2UR UR17, R3","7680"
"0xfff93420e730","      ULOP3.LUT UR16, UR16, 0x200, URZ, 0x3c, !UPT","7680"
"0xfff93420e740","      PLOP3.LUT P0, PT, PT, PT, PT, 0x80, 0x8","7680"
"0xfff93420e750","      LDS R5, [R2+UR50+0x280]","7680"
"0xfff93420e760","      UMOV UR54, UR49","7680"
"0xfff93420e770","      UIADD3 UR16, UP1, UPT, UR16, UR31, URZ","7680"
"0xfff93420e780","      LDS R6, [R2+UR50+0x300]","7680"
"0xfff93420e790","@UP2  UIADD3 UR54, UPT, UPT, UR42, 0x1e0, URZ","7680"
"0xfff93420e7a0","      LDS R7, [R2+UR50+0x380]","7680"
"0xfff93420e7b0","      STTM.x4 tmem[UR17+0x1b0], R4","7680"
"0xfff93420e7c0","      FENCE.VIEW.ASYNC.T","7680"
"0xfff93420e7d0","      UIADD3.X UR17, UPT, UPT, URZ, UR35, URZ, UP1, !UPT","7680"
"0xfff93420e7e0","      USHF.R.U64 UR16, UR16, 0x4, UR17","7680"
"0xfff93420e7f0","      UMOV UR17, 0x4008","7680"
"0xfff93420e800","      ULOP3.LUT UR16, UR16, 0x3fff, URZ, 0xc0, !UPT","7680"
"0xfff93420e810","      ULOP3.LUT UR16, UR16, 0x80000, URZ, 0xfc, !UPT","7680"
"0xfff93420e820","@P0   ELECT P2, URZ, PT","245760"
"0xfff93420e830","      UTCCP.T.S.4x32dp128bit tmem[UR54], gdesc[UR16]","245760"
"0xfff93420e840","@P2   PLOP3.LUT P0, PT, P2, PT, PT, 0x8, 0x80","245760"
"0xfff93420e850","      PLOP3.LUT P2, PT, PT, PT, PT, 0x8, 0x80","245760"
"0xfff93420e860","@P0   BRA.U.ANY 0xfff93420e820","245760"
"0xfff93420e870","@!UP3 UIADD3 UR54, UPT, UPT, UR19, 0x758, URZ","7680"
"0xfff93420e880","      NOP","7680"
"0xfff93420e890","      ULOP3.LUT UR55, UR10, 0x1, URZ, 0xc, !UPT","7680"
"0xfff93420e8a0","@!UP3 ULEA UR54, UR18, UR54, 0x18","7680"
"0xfff93420e8b0","      UISETP.GE.AND UP1, UPT, UR46, URZ, UPT","7680"
"0xfff93420e8c0","      IMAD.U32 R5, RZ, RZ, UR55","7680"
"0xfff93420e8d0","@!P1  SYNCS.ARRIVE.TRANS64.A1T0 RZ, [UR54+0x8], RZ","7680"
"0xfff93420e8e0","      SHF.L.U32 R5, R5, 0x1f, RZ","7680"
"0xfff93420e8f0","      BRA.U !UP1, 0xfff93420e9c0","7680"
"0xfff93420e900","      USHF.R.U32.HI UR55, URZ, UR9, UR5","7680"
"0xfff93420e910","      UIADD3 UR54, UPT, UPT, UR19, 0x778, URZ","7680"
"0xfff93420e920","      ULOP3.LUT UR55, UR55, 0x1, URZ, 0xc0, !UPT","7680"
"0xfff93420e930","      ULEA UR54, UR18, UR54, 0x18","7680"
"0xfff93420e940","      ULEA UR54, UR9, UR54, 0x3","7680"
"0xfff93420e950","      IMAD.U32 R4, RZ, RZ, UR55","7680"
"0xfff93420e960","      SHF.L.U32 R4, R4, 0x1f, RZ","7680"
"0xfff93420e970","      SYNCS.PHASECHK.TRANS64.TRYWAIT P0, [UR54], R4","7680"
"0xfff93420e980","@!P0  BRA 0xfff934217c40","7680"
"0xfff93420e990","      UMOV UR54, 0x1","7680"
"0xfff93420e9a0","      USHF.L.U32 UR54, UR54, UR9, URZ","7680"
"0xfff93420e9b0","      ULOP3.LUT UR5, UR5, UR54, URZ, 0x3c, !UPT","7680"
"0xfff93420e9c0","      SYNCS.PHASECHK.TRANS64.TRYWAIT P0, [UR48], R5","7680"
"0xfff93420e9d0","      USEL UR54, URZ, 0x1, UP0","7680"
"0xfff93420e9e0","      USEL UR55, URZ, 0x1, UP2","7680"
"0xfff93420e9f0","      ULOP3.LUT UR54, UR54, UR8, UR55, 0x96, !UPT","7680"
"0xfff93420ea00","      IMAD.U32 R4, RZ, RZ, UR54","7680"
"0xfff93420ea10","      SHF.L.U32 R4, R4, 0x1f, RZ","7680"
"0xfff93420ea20","@!P0  BRA 0xfff934217c70","7680"
"0xfff93420ea30","      SYNCS.PHASECHK.TRANS64.TRYWAIT P0, [UR57], R4","7680"
"0xfff93420ea40","@!P0  BRA 0xfff934217ca0","7680"
"0xfff93420ea50","      LDS R4, [R2+UR50]","7680"
"0xfff93420ea60","      R2UR UR54, R3","7680"
"0xfff93420ea70","      PLOP3.LUT P0, PT, PT, PT, PT, 0x80, 0x8","7680"
"0xfff93420ea80","      LDS R5, [R2+UR50+0x80]","7680"
"0xfff93420ea90","      LDS R6, [R2+UR50+0x100]","7680"
"0xfff93420eaa0","      LDS R7, [R2+UR50+0x180]","7680"
"0xfff93420eab0","      STTM.x4 tmem[UR54+0x1a0], R4","7680"
"0xfff93420eac0","      FENCE.VIEW.ASYNC.T","7680"
"0xfff93420ead0","      UMOV UR54, UR49","7680"
"0xfff93420eae0","@UP0  UIADD3 UR54, UPT, UPT, UR42, 0x1e0, URZ","7680"
"0xfff93420eaf0","@P0   ELECT P2, URZ, PT","245760"
"0xfff93420eb00","      UTCCP.T.S.4x32dp128bit tmem[UR54], gdesc[UR12]","245760"
"0xfff93420eb10","@P2   PLOP3.LUT P0, PT, P2, PT, PT, 0x8, 0x80","245760"
"0xfff93420eb20","      PLOP3.LUT P2, PT, PT, PT, PT, 0x8, 0x80","245760"
"0xfff93420eb30","@P0   BRA.U.ANY 0xfff93420eaf0","245760"
"0xfff93420eb40","@!UP3 UIADD3 UR12, UPT, UPT, UR19, 0x758, URZ","7680"
"0xfff93420eb50","      NOP","7680"
"0xfff93420eb60","      ULOP3.LUT UR51, UR51, 0x1, URZ, 0xc, !UPT","7680"
"0xfff93420eb70","@!UP3 ULEA UR12, UR18, UR12, 0x18","7680"
"0xfff93420eb80","      UISETP.GE.AND UP1, UPT, UR46, -0x1, UPT","7680"
"0xfff93420eb90","      IMAD.U32 R5, RZ, RZ, UR51","7680"
"0xfff93420eba0","@!P1  SYNCS.ARRIVE.TRANS64.A1T0 RZ, [UR12], RZ","7680"
"0xfff93420ebb0","      SHF.L.U32 R5, R5, 0x1f, RZ","7680"
"0xfff93420ebc0","      BRA.U !UP1, 0xfff93420eca0","7680"
"0xfff93420ebd0","      ULOP3.LUT UR13, UR9, 0x1, URZ, 0x3c, !UPT","7680"
"0xfff93420ebe0","      IMAD.U32 R7, RZ, RZ, UR52","7680"
"0xfff93420ebf0","      UIADD3 UR51, UPT, UPT, UR19, 0x778, URZ","7680"
"0xfff93420ec00","      USHF.R.U32.HI UR12, URZ, UR13, UR5","7680"
"0xfff93420ec10","      ULEA UR51, UR18, UR51, 0x18","7680"
"0xfff93420ec20","      ULOP3.LUT UR12, UR12, 0x1, URZ, 0xc0, !UPT","7680"
"0xfff93420ec30","      IMAD.U32 R4, RZ, RZ, UR12","7680"
"0xfff93420ec40","      SHF.L.U32 R4, R4, 0x1f, RZ","7680"
"0xfff93420ec50","      SYNCS.PHASECHK.TRANS64.TRYWAIT P0, [R7+UR51], R4","7680"
"0xfff93420ec60","@!P0  BRA 0xfff934217cd0","7680"
"0xfff93420ec70","      UMOV UR12, 0x1","7680"
"0xfff93420ec80","      USHF.L.U32 UR12, UR12, UR13, URZ","7680"
"0xfff93420ec90","      ULOP3.LUT UR5, UR5, UR12, URZ, 0x3c, !UPT","7680"
"0xfff93420eca0","      SYNCS.PHASECHK.TRANS64.TRYWAIT P0, [UR48+0x8], R5","7680"
"0xfff93420ecb0","      USEL UR12, URZ, 0x1, UP0","7680"
"0xfff93420ecc0","      ULOP3.LUT UR12, UR8, UR12, URZ, 0x3c, !UPT","7680"
"0xfff93420ecd0","      IMAD.U32 R4, RZ, RZ, UR12","7680"
"0xfff93420ece0","      SHF.L.U32 R4, R4, 0x1f, RZ","7680"
"0xfff93420ecf0","@!P0  BRA 0xfff934217d00","7680"
"0xfff93420ed00","      SYNCS.PHASECHK.TRANS64.TRYWAIT P0, [UR59], R4","7680"
"0xfff93420ed10","@!P0  BRA 0xfff934217d30","7680"
"0xfff93420ed20","      LDS R4, [R2+UR50+0x200]","7680"
"0xfff93420ed30","      R2UR UR12, R3","7680"
"0xfff93420ed40","@UP2  UIADD3 UR49, UPT, UPT, UR42, 0x1e0, URZ","7680"
"0xfff93420ed50","      PLOP3.LUT P0, PT, PT, PT, PT, 0x80, 0x8","7680"
"0xfff93420ed60","      LDS R5, [R2+UR50+0x280]","7680"
"0xfff93420ed70","      LDS R6, [R2+UR50+0x300]","7680"
"0xfff93420ed80","      LDS R7, [R2+UR50+0x380]","7680"
"0xfff93420ed90","      STTM.x4 tmem[UR12+0x1b0], R4","7680"
"0xfff93420eda0","      FENCE.VIEW.ASYNC.T","7680"
"0xfff93420edb0","@P0   ELECT P2, URZ, PT","245760"
"0xfff93420edc0","      UTCCP.T.S.4x32dp128bit tmem[UR49], gdesc[UR16]","245760"
"0xfff93420edd0","@P2   PLOP3.LUT P0, PT, P2, PT, PT, 0x8, 0x80","245760"
"0xfff93420ede0","      PLOP3.LUT P2, PT, PT, PT, PT, 0x8, 0x80","245760"
"0xfff93420edf0","@P0   BRA.U.ANY 0xfff93420edb0","245760"
"0xfff93420ee00","@!UP3 UIADD3 UR12, UPT, UPT, UR19, 0x758, URZ","7680"
"0xfff93420ee10","      NOP","7680"
"0xfff93420ee20","      UIADD3 UR11, UPT, UPT, UR11, 0x4, URZ","7680"
"0xfff93420ee30","@!UP3 ULEA UR12, UR18, UR12, 0x18","7680"
"0xfff93420ee40","      UIADD3 UR46, UPT, UPT, UR46, 0x4, URZ","7680"
"0xfff93420ee50","@!P1  SYNCS.ARRIVE.TRANS64.A1T0 RZ, [UR12+0x8], RZ","7680"
"0xfff93420ee60","      ULOP3.LUT UR12, UR58, 0x7ffffffc, URZ, 0xc0, !UPT","7680"
"0xfff93420ee70","      UISETP.NE.AND UP0, UPT, UR11, UR12, UPT","7680"
"0xfff93420ee80","      BRA.U UP0, 0xfff93420e0b0","7680"
"0xfff93420ee90","      UISETP.NE.AND UP0, UPT, UR56, URZ, UPT","2048"
"0xfff93420eea0","      UIADD3 UR4, UPT, UPT, UR4, UR58, URZ","2048"
"0xfff93420eeb0","      BRA.U !UP0, 0xfff93420f970","2048"
"0xfff93420eec0","      ULOP3.LUT UR8, UR20, 0x1, URZ, 0xc0, !UPT","1536"
"0xfff93420eed0","      UISETP.GE.AND UP0, UPT, UR46, 0x2, UPT","1536"
"0xfff93420eee0","      UIADD3 UR11, UPT, UPT, UR19, 0x708, URZ","1536"
"0xfff93420eef0","      IMAD.U32 R3, RZ, RZ, UR8","1536"
"0xfff93420ef00","      ULEA UR11, UR18, UR11, 0x18","1536"
"0xfff93420ef10","      SHF.L.U32 R3, R3, 0x1f, RZ","1536"
"0xfff93420ef20","      BRA.U !UP0, 0xfff93420eff0","1536"
"0xfff93420ef30","      USHF.R.U32.HI UR8, URZ, UR21, UR5","1344"
"0xfff93420ef40","      UIADD3 UR9, UPT, UPT, UR19, 0x778, URZ","1344"
"0xfff93420ef50","      ULOP3.LUT UR8, UR8, 0x1, URZ, 0xc0, !UPT","1344"
"0xfff93420ef60","      ULEA UR9, UR18, UR9, 0x18","1344"
"0xfff93420ef70","      ULEA UR9, UR21, UR9, 0x3","1344"
"0xfff93420ef80","      IMAD.U32 R2, RZ, RZ, UR8","1344"
"0xfff93420ef90","      SHF.L.U32 R2, R2, 0x1f, RZ","1344"
"0xfff93420efa0","      SYNCS.PHASECHK.TRANS64.TRYWAIT P0, [UR9], R2","1344"
"0xfff93420efb0","@!P0  BRA 0xfff934217d60","1344"
"0xfff93420efc0","      UMOV UR8, 0x1","1344"
"0xfff93420efd0","      USHF.L.U32 UR8, UR8, UR21, URZ","1344"
"0xfff93420efe0","      ULOP3.LUT UR5, UR5, UR8, URZ, 0x3c, !UPT","1344"
"0xfff93420eff0","      SYNCS.PHASECHK.TRANS64.TRYWAIT P0, [UR11], R3","1536"
"0xfff93420f000","      S2R R8, SR_TID.X","1536"
"0xfff93420f010","      IMAD.U32 R2, RZ, RZ, UR45","1536"
"0xfff93420f020","      SHF.L.U32 R2, R2, 0x1f, RZ","1536"
"0xfff93420f030","@!P0  BRA 0xfff934217d90","1536"
"0xfff93420f040","      SYNCS.PHASECHK.TRANS64.TRYWAIT P0, [UR57], R2","1536"
"0xfff93420f050","      UIADD3 UR16, UPT, UPT, UR19, 0x790, URZ","1536"
"0xfff93420f060","      IMAD.SHL.U32 R3, R8, 0x4, RZ","1536"
"0xfff93420f070","      ULEA UR16, UR18, UR16, 0x18","1536"
"0xfff93420f080","      LOP3.LUT R3, R3, 0x7c, RZ, 0xc0, !PT","1536"
"0xfff93420f090","@!P0  BRA 0xfff934217dc0","1536"
"0xfff93420f0a0","      LDS R4, [R3+UR16]","1536"
"0xfff93420f0b0","      IMAD.U32 R2, R8, 0x10000, RZ","1536"
"0xfff93420f0c0","      UISETP.NE.AND UP0, UPT, UR21, URZ, UPT","1536"
"0xfff93420f0d0","      LOP3.LUT P1, RZ, R8, 0x7f, RZ, 0xc0, !PT","1536"
"0xfff93420f0e0","      LDS R5, [R3+UR16+0x80]","1536"
"0xfff93420f0f0","      UIADD3 UR17, UPT, UPT, UR42, 0x1c0, URZ","1536"
"0xfff93420f100","      LOP3.LUT R2, R2, 0x600000, RZ, 0xc0, !PT","1536"
"0xfff93420f110","      UMOV UR13, 0x4008","1536"
"0xfff93420f120","      LDS R6, [R3+UR16+0x100]","1536"
"0xfff93420f130","      PLOP3.LUT P0, PT, PT, PT, PT, 0x80, 0x8","1536"
"0xfff93420f140","      VIADD R2, R2, UR42","1536"
"0xfff93420f150","      LDS R7, [R3+UR16+0x180]","1536"
"0xfff93420f160","      R2UR UR8, R2","1536"
"0xfff93420f170","      STTM.x4 tmem[UR8+0x1a0], R4","1536"
"0xfff93420f180","      FENCE.VIEW.ASYNC.T","1536"
"0xfff93420f190","      ULEA UR8, UP1, UR21, UR31, 0x9","1536"
"0xfff93420f1a0","      UIADD3.X UR9, UPT, UPT, URZ, UR35, URZ, UP1, !UPT","1536"
"0xfff93420f1b0","      USHF.R.U64 UR9, UR8, 0x4, UR9","1536"
"0xfff93420f1c0","      UMOV UR8, UR17","1536"
"0xfff93420f1d0","      ULOP3.LUT UR9, UR9, 0x3fff, URZ, 0xc0, !UPT","1536"
"0xfff93420f1e0","@UP0  UIADD3 UR8, UPT, UPT, UR42, 0x1e0, URZ","1536"
"0xfff93420f1f0","      ULOP3.LUT UR12, UR9, 0x80000, URZ, 0xfc, !UPT","1536"
"0xfff93420f200","@P0   ELECT P2, URZ, PT","49152"
"0xfff93420f210","      UTCCP.T.S.4x32dp128bit tmem[UR8], gdesc[UR12]","49152"
"0xfff93420f220","@P2   PLOP3.LUT P0, PT, P2, PT, PT, 0x8, 0x80","49152"
"0xfff93420f230","      PLOP3.LUT P2, PT, PT, PT, PT, 0x8, 0x80","49152"
"0xfff93420f240","@P0   BRA.U.ANY 0xfff93420f200","49152"
"0xfff93420f250","      VOTEU.ALL UP1, P1","1536"
"0xfff93420f260","      UISETP.NE.AND UP2, UPT, UR56, 0x1, UPT","1536"
"0xfff93420f270","      NOP","1536"
"0xfff93420f280","      UISETP.NE.AND UP3, UPT, UR21, 0x1, UPT","1536"
"0xfff93420f290","@!UP1 UIADD3 UR8, UPT, UPT, UR19, 0x758, URZ","1536"
"0xfff93420f2a0","      ULOP3.LUT UR48, UR21, 0x1, URZ, 0x3c, !UPT","1536"
"0xfff93420f2b0","@!UP1 ULEA UR8, UR18, UR8, 0x18","1536"
"0xfff93420f2c0","      ULOP3.LUT UR10, UR20, 0x1, URZ, 0x3c, !UPT","1536"
"0xfff93420f2d0","      UMOV UR9, UR48","1536"
"0xfff93420f2e0","@!P1  SYNCS.ARRIVE.TRANS64.A1T0 RZ, [UR8], RZ","1536"
"0xfff93420f2f0","      USEL UR8, URZ, 0x1, UP3","1536"
"0xfff93420f300","      ULOP3.LUT UR8, UR45, UR8, URZ, 0x3c, !UPT","1536"
"0xfff93420f310","      BRA.U !UP2, 0xfff93420f970","1536"
"0xfff93420f320","      USHF.R.U32.HI UR9, URZ, 0x1, UR20","1024"
"0xfff93420f330","      UISETP.GE.AND UP2, UPT, UR46, 0x1, UPT","1024"
"0xfff93420f340","      ULOP3.LUT UR9, UR9, 0x1, URZ, 0xc0, !UPT","1024"
"0xfff93420f350","      IMAD.U32 R5, RZ, RZ, UR9","1024"
"0xfff93420f360","      SHF.L.U32 R5, R5, 0x1f, RZ","1024"
"0xfff93420f370","      BRA.U !UP2, 0xfff93420f440","1024"
"0xfff93420f380","      USHF.R.U32.HI UR9, URZ, UR48, UR5","896"
"0xfff93420f390","      UIADD3 UR10, UPT, UPT, UR19, 0x778, URZ","896"
"0xfff93420f3a0","      ULOP3.LUT UR9, UR9, 0x1, URZ, 0xc0, !UPT","896"
"0xfff93420f3b0","      ULEA UR10, UR18, UR10, 0x18","896"
"0xfff93420f3c0","      ULEA UR10, UR48, UR10, 0x3","896"
"0xfff93420f3d0","      IMAD.U32 R4, RZ, RZ, UR9","896"
"0xfff93420f3e0","      SHF.L.U32 R4, R4, 0x1f, RZ","896"
"0xfff93420f3f0","      SYNCS.PHASECHK.TRANS64.TRYWAIT P0, [UR10], R4","896"
"0xfff93420f400","@!P0  BRA 0xfff934217df0","896"
"0xfff93420f410","      UMOV UR9, 0x1","896"
"0xfff93420f420","      USHF.L.U32 UR9, UR9, UR48, URZ","896"
"0xfff93420f430","      ULOP3.LUT UR5, UR5, UR9, URZ, 0x3c, !UPT","896"
"0xfff93420f440","      SYNCS.PHASECHK.TRANS64.TRYWAIT P0, [UR11+0x8], R5","1024"
"0xfff93420f450","      IMAD.U32 R4, RZ, RZ, UR8","1024"
"0xfff93420f460","      ULEA UR47, UR48, UR47, 0x3","1024"
"0xfff93420f470","      SHF.L.U32 R4, R4, 0x1f, RZ","1024"
"0xfff93420f480","@!P0  BRA 0xfff934217e20","1024"
"0xfff93420f490","      SYNCS.PHASECHK.TRANS64.TRYWAIT P0, [UR47], R4","1024"
"0xfff93420f4a0","@!P0  BRA 0xfff934217e50","1024"
"0xfff93420f4b0","      LDS R4, [R3+UR16+0x200]","1024"
"0xfff93420f4c0","      R2UR UR9, R2","1024"
"0xfff93420f4d0","      ULEA UR8, UP2, UR48, UR31, 0x9","1024"
"0xfff93420f4e0","      PLOP3.LUT P0, PT, PT, PT, PT, 0x80, 0x8","1024"
"0xfff93420f4f0","      LDS R5, [R3+UR16+0x280]","1024"
"0xfff93420f500","      UMOV UR10, UR17","1024"
"0xfff93420f510","@UP3  UIADD3 UR10, UPT, UPT, UR42, 0x1e0, URZ","1024"
"0xfff93420f520","      LDS R6, [R3+UR16+0x300]","1024"
"0xfff93420f530","      LDS R7, [R3+UR16+0x380]","1024"
"0xfff93420f540","      STTM.x4 tmem[UR9+0x1b0], R4","1024"
"0xfff93420f550","      FENCE.VIEW.ASYNC.T","1024"
"0xfff93420f560","      UIADD3.X UR9, UPT, UPT, URZ, UR35, URZ, UP2, !UPT","1024"
"0xfff93420f570","      USHF.R.U64 UR8, UR8, 0x4, UR9","1024"
"0xfff93420f580","      UMOV UR9, 0x4008","1024"
"0xfff93420f590","      ULOP3.LUT UR8, UR8, 0x3fff, URZ, 0xc0, !UPT","1024"
"0xfff93420f5a0","      ULOP3.LUT UR8, UR8, 0x80000, URZ, 0xfc, !UPT","1024"
"0xfff93420f5b0","@P0   ELECT P2, URZ, PT","32768"
"0xfff93420f5c0","      UTCCP.T.S.4x32dp128bit tmem[UR10], gdesc[UR8]","32768"
"0xfff93420f5d0","@P2   PLOP3.LUT P0, PT, P2, PT, PT, 0x8, 0x80","32768"
"0xfff93420f5e0","      PLOP3.LUT P2, PT, PT, PT, PT, 0x8, 0x80","32768"
"0xfff93420f5f0","@P0   BRA.U.ANY 0xfff93420f5b0","32768"
"0xfff93420f600","@!UP1 UIADD3 UR8, UPT, UPT, UR19, 0x758, URZ","1024"
"0xfff93420f610","      NOP","1024"
"0xfff93420f620","      UISETP.NE.AND UP2, UPT, UR56, 0x2, UPT","1024"
"0xfff93420f630","@!UP1 ULEA UR8, UR18, UR8, 0x18","1024"
"0xfff93420f640","      USEL UR47, URZ, 0x1, UP0","1024"
"0xfff93420f650","      ULOP3.LUT UR10, UR20, 0x3, URZ, 0x3c, !UPT","1024"
"0xfff93420f660","      UMOV UR9, UR21","1024"
"0xfff93420f670","@!P1  SYNCS.ARRIVE.TRANS64.A1T0 RZ, [UR8+0x8], RZ","1024"
"0xfff93420f680","      USEL UR8, URZ, 0x1, UP3","1024"
"0xfff93420f690","      ULOP3.LUT UR8, UR47, UR45, UR8, 0x96, !UPT","1024"
"0xfff93420f6a0","      BRA.U !UP2, 0xfff93420f970","1024"
"0xfff93420f6b0","      ULOP3.LUT UR9, UR20, 0x1, URZ, 0xc, !UPT","512"
"0xfff93420f6c0","      UISETP.GE.AND UP2, UPT, UR46, URZ, UPT","512"
"0xfff93420f6d0","      IMAD.U32 R5, RZ, RZ, UR9","512"
"0xfff93420f6e0","      SHF.L.U32 R5, R5, 0x1f, RZ","512"
"0xfff93420f6f0","      BRA.U !UP2, 0xfff93420f7c0","512"
"0xfff93420f700","      USHF.R.U32.HI UR9, URZ, UR21, UR5","512"
"0xfff93420f710","      UIADD3 UR10, UPT, UPT, UR19, 0x778, URZ","512"
"0xfff93420f720","      ULOP3.LUT UR9, UR9, 0x1, URZ, 0xc0, !UPT","512"
"0xfff93420f730","      ULEA UR10, UR18, UR10, 0x18","512"
"0xfff93420f740","      ULEA UR10, UR21, UR10, 0x3","512"
"0xfff93420f750","      IMAD.U32 R4, RZ, RZ, UR9","512"
"0xfff93420f760","      SHF.L.U32 R4, R4, 0x1f, RZ","512"
"0xfff93420f770","      SYNCS.PHASECHK.TRANS64.TRYWAIT P0, [UR10], R4","512"
"0xfff93420f780","@!P0  BRA 0xfff934217e80","512"
"0xfff93420f790","      UMOV UR9, 0x1","512"
"0xfff93420f7a0","      USHF.L.U32 UR9, UR9, UR21, URZ","512"
"0xfff93420f7b0","      ULOP3.LUT UR5, UR5, UR9, URZ, 0x3c, !UPT","512"
"0xfff93420f7c0","      SYNCS.PHASECHK.TRANS64.TRYWAIT P0, [UR11], R5","512"
"0xfff93420f7d0","      IMAD.U32 R4, RZ, RZ, UR8","512"
"0xfff93420f7e0","      SHF.L.U32 R4, R4, 0x1f, RZ","512"
"0xfff93420f7f0","@!P0  BRA 0xfff934217eb0","512"
"0xfff93420f800","      SYNCS.PHASECHK.TRANS64.TRYWAIT P0, [UR57], R4","512"
"0xfff93420f810","@!P0  BRA 0xfff934217ee0","512"
"0xfff93420f820","      LDS R4, [R3+UR16]","512"
"0xfff93420f830","      R2UR UR8, R2","512"
"0xfff93420f840","@UP0  UIADD3 UR17, UPT, UPT, UR42, 0x1e0, URZ","512"
"0xfff93420f850","      PLOP3.LUT P0, PT, PT, PT, PT, 0x80, 0x8","512"
"0xfff93420f860","      LDS R5, [R3+UR16+0x80]","512"
"0xfff93420f870","      LDS R6, [R3+UR16+0x100]","512"
"0xfff93420f880","      LDS R7, [R3+UR16+0x180]","512"
"0xfff93420f890","      STTM.x4 tmem[UR8+0x1a0], R4","512"
"0xfff93420f8a0","      FENCE.VIEW.ASYNC.T","512"
"0xfff93420f8b0","@P0   ELECT P2, URZ, PT","16384"
"0xfff93420f8c0","      UTCCP.T.S.4x32dp128bit tmem[UR17], gdesc[UR12]","16384"
"0xfff93420f8d0","@P2   PLOP3.LUT P0, PT, P2, PT, PT, 0x8, 0x80","16384"
"0xfff93420f8e0","      PLOP3.LUT P2, PT, PT, PT, PT, 0x8, 0x80","16384"
"0xfff93420f8f0","@P0   BRA.U.ANY 0xfff93420f8b0","16384"
"0xfff93420f900","@!UP1 UIADD3 UR19, UPT, UPT, UR19, 0x758, URZ","512"
"0xfff93420f910","      NOP","512"
"0xfff93420f920","      ULOP3.LUT UR8, UR45, UR47, URZ, 0x3c, !UPT","512"
"0xfff93420f930","@!UP1 ULEA UR19, UR18, UR19, 0x18","512"
"0xfff93420f940","      ULOP3.LUT UR10, UR20, 0x2, URZ, 0x3c, !UPT","512"
"0xfff93420f950","      UMOV UR9, UR48","512"
"0xfff93420f960","@!P1  SYNCS.ARRIVE.TRANS64.A1T0 RZ, [UR19], RZ","512"
"0xfff93420f970","      LDCU UR12, c[0x0][0x390]","2048"
"0xfff93420f980","      LDCU UR13, c[0x0][0x388]","2048"
"0xfff93420f990","      LDCU UR11, c[0x0][0x370]","2048"
"0xfff93420f9a0","      UIMAD UR12, UR12, UR13, URZ","2048"
"0xfff93420f9b0","      UIADD3 UR14, UPT, UPT, UR11, UR14, URZ","2048"
"0xfff93420f9c0","      UIMAD UR12, UR12, UR40, URZ","2048"
"0xfff93420f9d0","      UISETP.GE.AND UP0, UPT, UR14, UR12, UPT","2048"
"0xfff93420f9e0","      BRA.U !UP0, 0xfff93420db90","2048"
"0xfff93420f9f0","      BRA 0xfff934217580","2048"
"0xfff93420fa00","      ISETP.NE.AND P0, PT, R2, 0x2, PT","4096"
"0xfff93420fa10","@!P0  BRA 0xfff934215420","4096"
"0xfff93420fa20","      ISETP.NE.AND P0, PT, R2, 0x3, PT","2048"
"0xfff93420fa30","@P0   BRA 0xfff934217580","2048"
"0xfff93420fa40","      WARPSYNC.ALL","2048"
"0xfff93420fa50","      USETMAXREG.DEALLOC.CTAPOOL 0x70","2048"
"0xfff93420fa60","      SHF.R.U32.HI R30, RZ, 0x5, R0","2048"
"0xfff93420fa70","      LOP3.LUT R30, R30, 0x3, RZ, 0xc0, !PT","2048"
"0xfff93420fa80","      VIADD R4, R30, 0xfffffffe","2048"
"0xfff93420fa90","      ISETP.GT.U32.AND P0, PT, R4, 0x1, PT","2048"
"0xfff93420faa0","@P0   BRA 0xfff9342118f0","2048"
"0xfff93420fab0","      UMOV UR4, 0xffffffff","1024"
"0xfff93420fac0","      BRA.DIV UR4, 0xfff934217f10","1024"
"0xfff93420fad0","      ELECT P0, URZ, PT","1024"
"0xfff93420fae0","      S2R R2, SR_CTAID.X","1024"
"0xfff93420faf0","      LOP3.LUT R9, R0, 0x1f, RZ, 0xc0, !PT","1024"
"0xfff93420fb00","      IMAD R0, R4, 0x20, R9","1024"
"0xfff93420fb10","      ISETP.GE.AND P1, PT, R2, UR44, PT","1024"
"0xfff93420fb20","@P1   BRA 0xfff934217580","1024"
"0xfff93420fb30","      LDC R11, c[0x0][0x718]","1024"
"0xfff93420fb40","      IMAD.U32 R18, RZ, RZ, UR36","1024"
"0xfff93420fb50","      UIADD3 UR4, UPT, UPT, -UR40, 0x1, URZ","1024"
"0xfff93420fb60","      IMAD.U32 R19, RZ, RZ, UR37","1024"
"0xfff93420fb70","      SHF.R.U32.HI R27, RZ, 0x2, R0","1024"
"0xfff93420fb80","      IMAD.U32 R4, RZ, RZ, UR24","1024"
"0xfff93420fb90","      BSSY B1, 0xfff9342118e0","1024"
"0xfff93420fba0","      IMAD.U32 R5, RZ, RZ, UR27","1024"
"0xfff93420fbb0","      MOV R18, R18","1024"
"0xfff93420fbc0","      IMAD.U32 R20, RZ, RZ, UR25","1024"
"0xfff93420fbd0","      LDC R26, c[0x0][0x370]","1024"
"0xfff93420fbe0","      IMAD.U32 R21, RZ, RZ, UR28","1024"
"0xfff93420fbf0","      MOV R19, R4","1024"
"0xfff93420fc00","      IMAD.U32 R6, RZ, RZ, UR26","1024"
"0xfff93420fc10","      ISETP.EQ.AND P1, PT, R30, 0x3, P0","1024"
"0xfff93420fc20","      IMAD.U32 R7, RZ, RZ, UR29","1024"
"0xfff93420fc30","      MOV R20, R20","1024"
"0xfff93420fc40","      IMAD.U32 R22, RZ, RZ, UR30","1024"
"0xfff93420fc50","      CS2R R68, SRZ","1024"
"0xfff93420fc60","      IMAD.U32 R23, RZ, RZ, UR33","1024"
"0xfff93420fc70","      MOV R21, R6","1024"
"0xfff93420fc80","      IMAD.U32 R4, RZ, RZ, UR31","1024"
"0xfff93420fc90","      IMAD.U32 R5, RZ, RZ, UR35","1024"
"0xfff93420fca0","      SHF.R.S32.HI R6, RZ, 0x1f, R11","1024"
"0xfff93420fcb0","      VIADD R7, R0, 0xc0","1024"
"0xfff93420fcc0","      MOV R22, R22","1024"
"0xfff93420fcd0","      IMAD.SHL.U32 R24, R9, 0x10, RZ","1024"
"0xfff93420fce0","      MOV R23, R4","1024"
"0xfff93420fcf0","      VIADD R8, R0, 0x100","1024"
"0xfff93420fd00","      LEA.HI R6, R6, R11, RZ, 0x7","1024"
"0xfff93420fd10","      VIADD R9, R0, 0x140","1024"
"0xfff93420fd20","      SHF.R.U32.HI R75, RZ, 0x2, R7","1024"
"0xfff93420fd30","      VIADD R10, R0, 0x180","1024"
"0xfff93420fd40","      SHF.R.U32.HI R76, RZ, 0x2, R8","1024"
"0xfff93420fd50","      VIADD R5, R0, 0x80","1024"
"0xfff93420fd60","      SHF.R.U32.HI R77, RZ, 0x2, R9","1024"
"0xfff93420fd70","      VIADD R11, R0, 0x1c0","1024"
"0xfff93420fd80","      SHF.R.U32.HI R78, RZ, 0x2, R10","1024"
"0xfff93420fd90","      VIADD R4, R0, 0x40","1024"
"0xfff93420fda0","      SHF.R.U32.HI R74, RZ, 0x2, R5","1024"
"0xfff93420fdb0","      IMAD.SHL.U32 R7, R7, 0x10, RZ","1024"
"0xfff93420fdc0","      SHF.R.U32.HI R79, RZ, 0x2, R11","1024"
"0xfff93420fdd0","      IMAD.SHL.U32 R8, R8, 0x10, RZ","1024"
"0xfff93420fde0","      SHF.R.U32.HI R73, RZ, 0x2, R4","1024"
"0xfff93420fdf0","      IMAD.SHL.U32 R9, R9, 0x10, RZ","1024"
"0xfff93420fe00","      LEA.HI.SX32 R93, R6, 0xffffffff, 0x19","1024"
"0xfff93420fe10","      IMAD.SHL.U32 R10, R10, 0x10, RZ","1024"
"0xfff93420fe20","      IMAD.SHL.U32 R82, R0, 0x10, RZ","1024"
"0xfff93420fe30","      IMAD.SHL.U32 R84, R4, 0x10, RZ","1024"
"0xfff93420fe40","      LOP3.LUT R4, R7, 0x30, RZ, 0xc0, !PT","1024"
"0xfff93420fe50","      IMAD.SHL.U32 R5, R5, 0x10, RZ","1024"
"0xfff93420fe60","      LOP3.LUT R7, R8, 0x30, RZ, 0xc0, !PT","1024"
"0xfff93420fe70","      IMAD.SHL.U32 R11, R11, 0x10, RZ","1024"
"0xfff93420fe80","      LOP3.LUT R8, R9, 0x30, RZ, 0xc0, !PT","1024"
"0xfff93420fe90","      IMAD.U32 R80, RZ, RZ, UR22","1024"
"0xfff93420fea0","      LOP3.LUT R9, R10, 0x30, RZ, 0xc0, !PT","1024"
"0xfff93420feb0","      IMAD.U32 R81, RZ, RZ, UR40","1024"
"0xfff93420fec0","      LOP3.LUT R82, R82, 0x30, RZ, 0xc0, !PT","1024"
"0xfff93420fed0","      IMAD.U32 R86, RZ, RZ, UR4","1024"
"0xfff93420fee0","      LOP3.LUT R84, R84, 0x30, RZ, 0xc0, !PT","1024"
"0xfff93420fef0","      VIADD R25, R3, UR40","1024"
"0xfff93420ff00","      LOP3.LUT R5, R5, 0x30, RZ, 0xc0, !PT","1024"
"0xfff93420ff10","      IMAD.MOV.U32 R28, RZ, RZ, RZ","1024"
"0xfff93420ff20","      LOP3.LUT R10, R11, 0x30, RZ, 0xc0, !PT","1024"
"0xfff93420ff30","      IMAD.MOV.U32 R29, RZ, RZ, 0x1","1024"
"0xfff93420ff40","      VIMNMX R80, PT, PT, R80, 0x1, !PT","1024"
"0xfff93420ff50","      IMAD.MOV.U32 R31, RZ, RZ, R2","1024"
"0xfff93420ff60","      IMAD.MOV.U32 R30, RZ, RZ, 0x1","1024"
"0xfff93420ff70","      IMAD.MOV.U32 R70, RZ, RZ, 0x1","1024"
"0xfff93420ff80","      IMAD.MOV.U32 R71, RZ, RZ, RZ","1024"
"0xfff93420ff90","      IMAD.MOV.U32 R72, RZ, RZ, RZ","1024"
"0xfff93420ffa0","      VIADD R81, R81, 0xffffffff","1024"
"0xfff93420ffb0","      IMAD R86, R86, UR6, RZ","1024"
"0xfff93420ffc0","      IMAD R83, R27, 0x40, R82","1024"
"0xfff93420ffd0","      IMAD R85, R74, 0x40, R5","1024"
"0xfff93420ffe0","      IMAD R87, R75, 0x40, R4","1024"
"0xfff93420fff0","      IMAD R88, R76, 0x40, R7","1024"
"0xfff934210000","      IMAD R89, R77, 0x40, R8","1024"
"0xfff934210010","      IMAD R90, R78, 0x40, R9","1024"
"0xfff934210020","      IMAD R91, R79, 0x40, R10","1024"
"0xfff934210030","      IMAD R92, R73, 0x40, R84","1024"
"0xfff934210040","      IABS R6, UR15","1024"
"0xfff934210050","      YIELD","1024"
"0xfff934210060","      I2F.RP R8, R6","1024"
"0xfff934210070","      IABS R7, R31","1024"
"0xfff934210080","      BSSY B2, 0xfff9342108a0","1024"
"0xfff934210090","      IABS R11, UR15","1024"
"0xfff9342100a0","      MUFU.RCP R8, R8","1024"
"0xfff9342100b0","      VIADD R4, R8, 0xffffffe","1024"
"0xfff9342100c0","      F2I.FTZ.U32.TRUNC.NTZ R5, R4","1024"
"0xfff9342100d0","      IMAD.MOV.U32 R4, RZ, RZ, RZ","1024"
"0xfff9342100e0","      IMAD.MOV R9, RZ, RZ, -R5","1024"
"0xfff9342100f0","      IMAD R9, R9, R6, RZ","1024"
"0xfff934210100","      IMAD.HI.U32 R10, R5, R9, R4","1024"
"0xfff934210110","      IMAD.MOV R5, RZ, RZ, -R11","1024"
"0xfff934210120","      IMAD.HI.U32 R4, R10, R7, RZ","1024"
"0xfff934210130","      LDC R10, c[0x0][0x390]","1024"
"0xfff934210140","      IMAD R5, R4, R5, R7","1024"
"0xfff934210150","      ISETP.GT.U32.AND P3, PT, R6, R5, PT","1024"
"0xfff934210160","@!P3  IMAD.IADD R5, R5, 0x1, -R6","1024"
"0xfff934210170","@!P3  VIADD R4, R4, 0x1","1024"
"0xfff934210180","      ISETP.NE.AND P3, PT, RZ, UR15, PT","1024"
"0xfff934210190","      ISETP.GE.U32.AND P2, PT, R5, R6, PT","1024"
"0xfff9342101a0","      LOP3.LUT R5, R31, UR15, RZ, 0x3c, !PT","1024"
"0xfff9342101b0","      ISETP.GE.AND P4, PT, R5, RZ, PT","1024"
"0xfff9342101c0","@P2   VIADD R4, R4, 0x1","1024"
"0xfff9342101d0","      IMAD.MOV.U32 R11, RZ, RZ, R4","1024"
"0xfff9342101e0","@!P4  IMAD.MOV R11, RZ, RZ, -R11","1024"
"0xfff9342101f0","@!P3  LOP3.LUT R11, RZ, UR15, RZ, 0x33, !PT","1024"
"0xfff934210200","      ISETP.GE.AND P2, PT, R11, UR7, PT","1024"
"0xfff934210210","      IMAD.MOV R8, RZ, RZ, -R11","1024"
"0xfff934210220","      SEL R13, R80, UR6, P2","1024"
"0xfff934210230","      IMAD R8, R8, UR15, R31","1024"
"0xfff934210240","      IABS R7, R13","1024"
"0xfff934210250","      IABS R14, R13","1024"
"0xfff934210260","      I2F.RP R6, R7","1024"
"0xfff934210270","      MUFU.RCP R6, R6","1024"
"0xfff934210280","      VIADD R4, R6, 0xffffffe","1024"
"0xfff934210290","      IMAD.MOV R6, RZ, RZ, -R14","1024"
"0xfff9342102a0","      F2I.FTZ.U32.TRUNC.NTZ R5, R4","1024"
"0xfff9342102b0","      IMAD.MOV.U32 R4, RZ, RZ, RZ","1024"
"0xfff9342102c0","      IMAD.MOV R12, RZ, RZ, -R5","1024"
"0xfff9342102d0","      IMAD R9, R12, R7, RZ","1024"
"0xfff9342102e0","      IABS R12, R8","1024"
"0xfff9342102f0","      IMAD.HI.U32 R5, R5, R9, R4","1024"
"0xfff934210300","      IABS R9, R10","1024"
"0xfff934210310","      IMAD.MOV.U32 R4, RZ, RZ, R12","1024"
"0xfff934210320","      I2F.RP R12, R9","1024"
"0xfff934210330","      IMAD.HI.U32 R5, R5, R4, RZ","1024"
"0xfff934210340","      IMAD R4, R5, R6, R4","1024"
"0xfff934210350","      ISETP.GT.U32.AND P3, PT, R7, R4, PT","1024"
"0xfff934210360","      MUFU.RCP R12, R12","1024"
"0xfff934210370","@!P3  IMAD.IADD R4, R4, 0x1, -R7","1024"
"0xfff934210380","@!P3  VIADD R5, R5, 0x1","1024"
"0xfff934210390","      ISETP.NE.AND P3, PT, R13, RZ, PT","1024"
"0xfff9342103a0","      ISETP.GE.U32.AND P2, PT, R4, R7, PT","1024"
"0xfff9342103b0","      LOP3.LUT R4, R8, R13, RZ, 0x3c, !PT","1024"
"0xfff9342103c0","      VIADD R14, R12, 0xffffffe","1024"
"0xfff9342103d0","      ISETP.GE.AND P4, PT, R4, RZ, PT","1024"
"0xfff9342103e0","@P2   VIADD R5, R5, 0x1","1024"
"0xfff9342103f0","      IMAD.MOV.U32 R6, RZ, RZ, R5","1024"
"0xfff934210400","      F2I.FTZ.U32.TRUNC.NTZ R5, R14","1024"
"0xfff934210410","@!P4  IMAD.MOV R6, RZ, RZ, -R6","1024"
"0xfff934210420","@!P3  LOP3.LUT R6, RZ, R13, RZ, 0x33, !PT","1024"
"0xfff934210430","      IMAD R13, R13, R6, RZ","1024"
"0xfff934210440","      IMAD.MOV R95, RZ, RZ, -R6","1024"
"0xfff934210450","      IMAD.IADD R4, R8, 0x1, -R13","1024"
"0xfff934210460","      IMAD.MOV R7, RZ, RZ, -R5","1024"
"0xfff934210470","      IMAD.MOV.U32 R8, RZ, RZ, R7","1024"
"0xfff934210480","      IMAD R7, R11, UR6, R4","1024"
"0xfff934210490","      IMAD R15, R8, R9, RZ","1024"
"0xfff9342104a0","      IMAD.MOV.U32 R4, RZ, RZ, RZ","1024"
"0xfff9342104b0","      IABS R8, R7","1024"
"0xfff9342104c0","      IMAD.HI.U32 R15, R5, R15, R4","1024"
"0xfff9342104d0","      IMAD.MOV.U32 R4, RZ, RZ, R8","1024"
"0xfff9342104e0","      IMAD.U32 R8, RZ, RZ, UR40","1024"
"0xfff9342104f0","      IMAD.HI.U32 R94, R15, R4, RZ","1024"
"0xfff934210500","      VIADDMNMX R95, R95, R8, UR40, PT","1024"
"0xfff934210510","      IMAD.MOV R5, RZ, RZ, -R94","1024"
"0xfff934210520","      IMAD R4, R9, R5, R4","1024"
"0xfff934210530","      IMAD.MOV.U32 R5, RZ, RZ, 0x1","1024"
"0xfff934210540","      ISETP.GT.U32.AND P3, PT, R9, R4, PT","1024"
"0xfff934210550","@!P3  IMAD.IADD R4, R4, 0x1, -R9","1024"
"0xfff934210560","@!P3  VIADD R94, R94, 0x1","1024"
"0xfff934210570","      ISETP.NE.AND P3, PT, R10, RZ, PT","1024"
"0xfff934210580","      ISETP.GE.U32.AND P2, PT, R4, R9, PT","1024"
"0xfff934210590","      LOP3.LUT R4, R7, R10, RZ, 0x3c, !PT","1024"
"0xfff9342105a0","      ISETP.GE.AND P4, PT, R4, RZ, PT","1024"
"0xfff9342105b0","      VIADDMNMX R4, R6, R5, 0x1, PT","1024"
"0xfff9342105c0","@P2   VIADD R94, R94, 0x1","1024"
"0xfff9342105d0","      ISETP.GE.OR P2, PT, R3, R4, !P1","1024"
"0xfff9342105e0","@!P4  IMAD.MOV R94, RZ, RZ, -R94","1024"
"0xfff9342105f0","@!P3  LOP3.LUT R94, RZ, R10, RZ, 0x33, !PT","1024"
"0xfff934210600","      ISETP.GE.AND P3, PT, R95, 0x1, PT","1024"
"0xfff934210610","      IMAD.MOV R96, RZ, RZ, -R94","1024"
"0xfff934210620","      IMAD R96, R10, R96, R7","1024"
"0xfff934210630","@P2   BRA 0xfff934210890","1024"
"0xfff934210640","      S2UR UR4, SR_CgaCtaId","512"
"0xfff934210650","      MOV R7, 0x400","512"
"0xfff934210660","      SHF.L.U32 R5, R29, 0x1f, RZ","512"
"0xfff934210670","      VIADD R4, R7, 0x610","512"
"0xfff934210680","      IMAD.U32 R3, RZ, RZ, UR4","512"
"0xfff934210690","      LEA R8, R3, R4, 0x18","512"
"0xfff9342106a0","      LOP3.LUT R4, RZ, R6, RZ, 0x33, !PT","512"
"0xfff9342106b0","      SYNCS.PHASECHK.TRANS64.TRYWAIT P2, [R8+URZ], R5","512"
"0xfff9342106c0","      IMAD.IADD R4, R25, 0x1, R4","512"
"0xfff9342106d0","      VIMNMX R4, PT, PT, R81, R4, PT","512"
"0xfff9342106e0","@!P2  BRA 0xfff934217f70","512"
"0xfff9342106f0","      LDCU.64 UR20, c[0x0][0x348]","512"
"0xfff934210700","      R2UR UR17, R7","512"
"0xfff934210710","      R2UR UR11, R4","512"
"0xfff934210720","      UMOV UR10, URZ","512"
"0xfff934210730","      R2UR UR12, R3","512"
"0xfff934210740","      UMOV UR18, URZ","512"
"0xfff934210750","      R2UR UR13, R96","512"
"0xfff934210760","      R2UR UR14, R94","512"
"0xfff934210770","      R2UR UR8, R19","512"
"0xfff934210780","      R2UR UR16, R20","512"
"0xfff934210790","      UIADD3 UR9, UPT, UPT, UR17, 0x600, URZ","512"
"0xfff9342107a0","      UIADD3 UR17, UPT, UPT, UR17, 0x608, URZ","512"
"0xfff9342107b0","      UIADD3 UR4, UP0, UPT, UR20, 0x80, URZ","512"
"0xfff9342107c0","      UIADD3 UR46, UP1, UPT, UR20, 0x200, URZ","512"
"0xfff9342107d0","      R2UR UR20, R4","512"
"0xfff9342107e0","      USHF.L.U32 UR11, UR11, 0x7, URZ","512"
"0xfff9342107f0","      ULEA UR9, UR12, UR9, 0x18","512"
"0xfff934210800","      UIADD3.X UR5, UPT, UPT, URZ, UR21, URZ, UP0, !UPT","512"
"0xfff934210810","      UIMAD UR19, UR13, 0x3, URZ","512"
"0xfff934210820","      ULEA UR17, UR12, UR17, 0x18","512"
"0xfff934210830","      UIADD3.X UR47, UPT, UPT, URZ, UR21, URZ, UP1, !UPT","512"
"0xfff934210840","      UMOV UR12, URZ","512"
"0xfff934210850","      UMOV UR21, UR14","512"
"0xfff934210860","      UTMALDG.5D [UR8], [UR4]","512"
"0xfff934210870","      UTMALDG.4D [UR16], [UR46]","512"
"0xfff934210880","      NOP","512"
"0xfff934210890","      BSYNC B2","1536"
"0xfff9342108a0","      BSSY B2, 0xfff934211890","1024"
"0xfff9342108b0","@!P3  BRA 0xfff934211880","1024"
"0xfff9342108c0","      LDCU UR4, c[0x0][0x718]","1024"
"0xfff9342108d0","      IMAD R4, R86, R11, R31","1024"
"0xfff9342108e0","      IMAD.IADD R6, R10, 0x1, -R10","1024"
"0xfff9342108f0","      IMAD.IADD R5, R4, 0x1, -R13","1024"
"0xfff934210900","      IMAD.MOV R95, RZ, RZ, -R95","1024"
"0xfff934210910","      IMAD R5, R94, R6, R5","1024"
"0xfff934210920","      IMAD.IADD R97, R96, 0x1, R3","1024"
"0xfff934210930","      IMAD.MOV.U32 R98, RZ, RZ, R3","1024"
"0xfff934210940","      IMAD R99, R96, 0x3, RZ","1024"
"0xfff934210950","      IMAD.MOV.U32 R100, RZ, RZ, RZ","1024"
"0xfff934210960","      USHF.R.S32.HI UR5, URZ, 0x1f, UR4","1024"
"0xfff934210970","      IMAD.MOV.U32 R101, RZ, RZ, R24","1024"
"0xfff934210980","      IMAD.MOV.U32 R102, RZ, RZ, R82","1024"
"0xfff934210990","      ULEA.HI UR4, UR5, UR4, URZ, 0x7","1024"
"0xfff9342109a0","      IMAD.MOV.U32 R103, RZ, RZ, R84","1024"
"0xfff9342109b0","      USHF.R.U32.HI UR4, URZ, 0x7, UR4","1024"
"0xfff9342109c0","      IMAD R104, R5, UR4, RZ","1024"
"0xfff9342109d0","      YIELD","23856"
"0xfff9342109e0","      BSSY B3, 0xfff934210d40","16896"
"0xfff9342109f0","@!P1  BRA 0xfff934210d30","16896"
"0xfff934210a00","      S2R R6, SR_CgaCtaId","8448"
"0xfff934210a10","      MOV R5, 0x400","8448"
"0xfff934210a20","      VIADD R3, R5, 0x638","8448"
"0xfff934210a30","      LEA R4, R6, R3, 0x18","8448"
"0xfff934210a40","      SHF.L.U32 R3, R70, 0x1f, RZ","8448"
"0xfff934210a50","      IMAD R4, R71, 0x8, R4","8448"
"0xfff934210a60","      SYNCS.PHASECHK.TRANS64.TRYWAIT P2, [R4+URZ], R3","8448"
"0xfff934210a70","@!P2  BRA 0xfff934217fb0","8448"
"0xfff934210a80","      LDCU.64 UR16, c[0x0][0x348]","8448"
"0xfff934210a90","      VIADD R3, R5, 0x618","8448"
"0xfff934210aa0","      VIMNMX R8, PT, PT, R93, R98, PT","8448"
"0xfff934210ab0","      VIADD R7, R5, 0x648","8448"
"0xfff934210ac0","      R2UR UR5, R6","8448"
"0xfff934210ad0","      UMOV UR10, URZ","8448"
"0xfff934210ae0","      R2UR UR9, R3","8448"
"0xfff934210af0","      UMOV UR12, URZ","8448"
"0xfff934210b00","      R2UR UR11, R8","8448"
"0xfff934210b10","      VIADD R5, R5, 0x628","8448"
"0xfff934210b20","      R2UR UR4, R71","8448"
"0xfff934210b30","      R2UR UR8, R21","8448"
"0xfff934210b40","      R2UR UR13, R96","8448"
"0xfff934210b50","      R2UR UR14, R94","8448"
"0xfff934210b60","      UIADD3 UR16, UP0, UPT, UR16, 0x400, URZ","8448"
"0xfff934210b70","      LEA R4, R6, R7, 0x18","8448"
"0xfff934210b80","      ULEA UR9, UR5, UR9, 0x18","8448"
"0xfff934210b90","      LOP3.LUT R3, R68, 0x1, RZ, 0x3c, !PT","8448"
"0xfff934210ba0","      USHF.L.U32 UR11, UR11, 0x6, URZ","8448"
"0xfff934210bb0","      ULEA UR9, UR4, UR9, 0x3","8448"
"0xfff934210bc0","      SHF.L.U32 R3, R3, 0x1f, RZ","8448"
"0xfff934210bd0","      UIMAD UR8, UR4, 0x1800, UR8","8448"
"0xfff934210be0","      IMAD R4, R69, 0x8, R4","8448"
"0xfff934210bf0","      UIADD3.X UR17, UPT, UPT, URZ, UR17, URZ, UP0, !UPT","8448"
"0xfff934210c00","      UTMALDG.5D [UR8], [UR16]","8448"
"0xfff934210c10","      SYNCS.PHASECHK.TRANS64.TRYWAIT P2, [R4+URZ], R3","8448"
"0xfff934210c20","@!P2  BRA 0xfff934217ff0","8448"
"0xfff934210c30","      LDCU.64 UR16, c[0x0][0x348]","8448"
"0xfff934210c40","      R2UR UR9, R5","8448"
"0xfff934210c50","      R2UR UR5, R6","8448"
"0xfff934210c60","      UMOV UR10, URZ","8448"
"0xfff934210c70","      R2UR UR4, R69","8448"
"0xfff934210c80","      R2UR UR8, R18","8448"
"0xfff934210c90","      R2UR UR12, R8","8448"
"0xfff934210ca0","      R2UR UR11, R99","8448"
"0xfff934210cb0","      R2UR UR13, R94","8448"
"0xfff934210cc0","      ULEA UR9, UR5, UR9, 0x18","8448"
"0xfff934210cd0","      UIADD3 UR16, UP0, UPT, UR16, 0x580, URZ","8448"
"0xfff934210ce0","      ULEA UR8, UR4, UR8, 0xb","8448"
"0xfff934210cf0","      ULEA UR9, UR4, UR9, 0x3","8448"
"0xfff934210d00","      UIADD3.X UR17, UPT, UPT, URZ, UR17, URZ, UP0, !UPT","8448"
"0xfff934210d10","      UTMALDG.4D [UR8], [UR16]","8448"
"0xfff934210d20","      NOP","8448"
"0xfff934210d30","      BSYNC B3","25344"
"0xfff934210d40","      VIADD R71, R71, 0x1","16896"
"0xfff934210d50","      BSSY B3, 0xfff934210f90","16896"
"0xfff934210d60","      VIADD R69, R69, 0x1","16896"
"0xfff934210d70","      BSSY B4, 0xfff934210f30","16896"
"0xfff934210d80","      ISETP.NE.AND P2, PT, R71, 0x2, PT","16896"
"0xfff934210d90","      ISETP.NE.AND P3, PT, R69, 0x2, PT","16896"
"0xfff934210da0","      SEL R3, RZ, 0x1, P2","16896"
"0xfff934210db0","      SEL R5, RZ, 0x1, P3","16896"
"0xfff934210dc0","      SEL R71, R71, RZ, P2","16896"
"0xfff934210dd0","      LOP3.LUT R70, R70, R3, RZ, 0x3c, !PT","16896"
"0xfff934210de0","      LOP3.LUT R68, R68, R5, RZ, 0x3c, !PT","16896"
"0xfff934210df0","      SEL R69, R69, RZ, P3","16896"
"0xfff934210e00","@!P1  BRA 0xfff934210f00","16896"
"0xfff934210e10","      ISETP.GE.U32.AND P2, PT, R100, 0x2, PT","8448"
"0xfff934210e20","      ISETP.EQ.AND P3, PT, R31, R2, PT","8448"
"0xfff934210e30","@!P2  BRA P3, 0xfff934210f20","8448"
"0xfff934210e40","      S2UR UR5, SR_CgaCtaId","7440"
"0xfff934210e50","      UMOV UR4, 0x400","7440"
"0xfff934210e60","      SHF.L.U32 R3, R30, 0x1f, RZ","7440"
"0xfff934210e70","      UIADD3 UR4, UPT, UPT, UR4, 0x6c8, URZ","7440"
"0xfff934210e80","      ULEA UR4, UR5, UR4, 0x18","7440"
"0xfff934210e90","      LEA R4, R28, UR4, 0x3","7440"
"0xfff934210ea0","      SYNCS.PHASECHK.TRANS64.TRYWAIT P2, [R4+URZ], R3","7440"
"0xfff934210eb0","@P2   BRA 0xfff934210f20","7440"
"0xfff934210ec0","      YIELD","210373"
"0xfff934210ed0","      SYNCS.PHASECHK.TRANS64.TRYWAIT P2, [R4+URZ], R3","210373"
"0xfff934210ee0","@!P2  BRA 0xfff934210ec0","210373"
"0xfff934210ef0","      BRA 0xfff934210f20","7440"
"0xfff934210f00","@!P0  BREAK B4","16896"
"0xfff934210f10","@!P0  BRA 0xfff934210f80","25344"
"0xfff934210f20","      BSYNC B4","16896"
"0xfff934210f30","      S2UR UR5, SR_CgaCtaId","16896"
"0xfff934210f40","      UMOV UR4, 0x400","16896"
"0xfff934210f50","      UIADD3 UR4, UPT, UPT, UR4, 0x788, URZ","16896"
"0xfff934210f60","      ULEA UR4, UR5, UR4, 0x18","16896"
"0xfff934210f70","      SYNCS.ARRIVE.TRANS64.A1T0 RZ, [UR4], RZ","16896"
"0xfff934210f80","      BSYNC B3","33792"
"0xfff934210f90","      S2UR UR4, SR_CgaCtaId","24336"
"0xfff934210fa0","      MOV R105, 0x400","24336"
"0xfff934210fb0","      BSSY B3, 0xfff934211040","24336"
"0xfff934210fc0","      SHF.L.U32 R106, R72, 0x1f, RZ","24336"
"0xfff934210fd0","      LOP3.LUT R72, R72, 0x1, RZ, 0x3c, !PT","24336"
"0xfff934210fe0","      VIADD R4, R105, 0x788","24336"
"0xfff934210ff0","      IMAD.U32 R3, RZ, RZ, UR4","24336"
"0xfff934211000","      LEA R107, R3, R4, 0x18","24336"
"0xfff934211010","      SYNCS.PHASECHK.TRANS64.TRYWAIT P2, [R107+URZ], R106","24336"
"0xfff934211020","@!P2  BRA 0xfff934218030","24336"
"0xfff934211030","      BSYNC B3","24336"
"0xfff934211040","      UMOV UR4, 0xffffffff","24336"
"0xfff934211050","      BRA.DIV UR4, 0xfff934218070","24336"
"0xfff934211060","      NOP","9456"
"0xfff934211070","      ISETP.GT.U32.AND P2, PT, R0, 0x1f, PT","24336"
"0xfff934211080","      LDCU UR4, c[0x0][0x718]","24336"
"0xfff934211090","      LDCU UR5, c[0x0][0x390]","24336"
"0xfff9342110a0","      LDCU.64 UR8, c[0x0][0xa30]","24336"
"0xfff9342110b0","@!P2  LDC.64 R4, c[0x0][0xa38]","24336"
"0xfff9342110c0","@!P2  IMAD R9, R104, 0x200, R101","24336"
"0xfff9342110d0","      ULEA.HI UR4, UR4, UR4, URZ, 0x1","24336"
"0xfff9342110e0","      IMAD R6, R94, UR5, R97","24336"
"0xfff9342110f0","      USHF.R.S32.HI UR4, URZ, 0x1, UR4","24336"
"0xfff934211100","      IMAD R7, R6, 0x80, R27","24336"
"0xfff934211110","      IMAD R8, R6, 0x80, R73","24336"
"0xfff934211120","      IMAD R7, R7, UR4, R102","24336"
"0xfff934211130","      IMAD R8, R8, UR4, R103","24336"
"0xfff934211140","      IADD3 R32, P3, PT, R7, UR8, RZ","24336"
"0xfff934211150","@!P2  IADD3 R4, P4, PT, R9, R4, RZ","24336"
"0xfff934211160","      LEA.HI.X.SX32 R33, R7, UR9, 0x1, P3","24336"
"0xfff934211170","      IMAD R7, R6, 0x80, R74","24336"
"0xfff934211180","@!P2  LEA.HI.X.SX32 R5, R9, R5, 0x1, P4","24336"
"0xfff934211190","      IMAD R9, R6, 0x80, R75","24336"
"0xfff9342111a0","      IADD3 R36, P3, PT, R8, UR8, RZ","24336"
"0xfff9342111b0","      IMAD R11, R6, 0x80, R76","24336"
"0xfff9342111c0","      LDG.E.128 R32, desc[UR38][R32.64]","24336"
"0xfff9342111d0","      IMAD R7, R7, UR4, R102","24336"
"0xfff9342111e0","      LEA.HI.X.SX32 R37, R8, UR9, 0x1, P3","24336"
"0xfff9342111f0","      IMAD R13, R6, 0x80, R77","24336"
"0xfff934211200","@!P2  LDG.E.128 R64, desc[UR38][R4.64]","24336"
"0xfff934211210","      IMAD R9, R9, UR4, R102","24336"
"0xfff934211220","      IMAD R15, R6, 0x80, R78","24336"
"0xfff934211230","      LDG.E.128 R36, desc[UR38][R36.64]","24336"
"0xfff934211240","      IMAD R11, R11, UR4, R102","24336"
"0xfff934211250","      IMAD R17, R6, 0x80, R79","24336"
"0xfff934211260","      IADD3 R6, P4, PT, R7, UR8, RZ","24336"
"0xfff934211270","      IMAD R13, R13, UR4, R102","24336"
"0xfff934211280","      IADD3 R8, P5, PT, R9, UR8, RZ","24336"
"0xfff934211290","      IMAD R15, R15, UR4, R102","24336"
"0xfff9342112a0","      IADD3 R10, P3, PT, R11, UR8, RZ","24336"
"0xfff9342112b0","      IMAD R17, R17, UR4, R102","24336"
"0xfff9342112c0","      LEA.HI.X.SX32 R7, R7, UR9, 0x1, P4","24336"
"0xfff9342112d0","      IADD3 R12, P4, PT, R13, UR8, RZ","24336"
"0xfff9342112e0","      LEA.HI.X.SX32 R9, R9, UR9, 0x1, P5","24336"
"0xfff9342112f0","      LDG.E.128 R40, desc[UR38][R6.64]","24336"
"0xfff934211300","      IADD3 R14, P5, PT, R15, UR8, RZ","24336"
"0xfff934211310","      LEA.HI.X.SX32 R11, R11, UR9, 0x1, P3","24336"
"0xfff934211320","      LDG.E.128 R44, desc[UR38][R8.64]","24336"
"0xfff934211330","      IADD3 R16, P3, PT, R17, UR8, RZ","24336"
"0xfff934211340","      LEA.HI.X.SX32 R13, R13, UR9, 0x1, P4","24336"
"0xfff934211350","      LDG.E.128 R48, desc[UR38][R10.64]","24336"
"0xfff934211360","      LEA.HI.X.SX32 R15, R15, UR9, 0x1, P5","24336"
"0xfff934211370","      LEA.HI.X.SX32 R17, R17, UR9, 0x1, P3","24336"
"0xfff934211380","      LDG.E.128 R52, desc[UR38][R12.64]","24336"
"0xfff934211390","      LDG.E.128 R56, desc[UR38][R14.64]","24336"
"0xfff9342113a0","      LDG.E.128 R60, desc[UR38][R16.64]","24336"
"0xfff9342113b0","      IMAD R108, R28, 0x2000, R22","24336"
"0xfff9342113c0","      IMAD.IADD R6, R92, 0x1, R108","24336"
"0xfff9342113d0","      SHF.R.U32.HI R7, RZ, 0x3, R6","24336"
"0xfff9342113e0","      IMAD.IADD R109, R83, 0x1, R108","24336"
"0xfff9342113f0","      LOP3.LUT R7, R6, 0x30, R7, 0x78, !PT","24336"
"0xfff934211400","      IMAD.IADD R6, R85, 0x1, R108","24336"
"0xfff934211410","      IMAD.IADD R8, R87, 0x1, R108","24336"
"0xfff934211420","      SHF.R.U32.HI R4, RZ, 0x3, R109","24336"
"0xfff934211430","      SHF.R.U32.HI R5, RZ, 0x3, R6","24336"
"0xfff934211440","      SHF.R.U32.HI R9, RZ, 0x3, R8","24336"
"0xfff934211450","      LOP3.LUT R109, R109, 0x30, R4, 0x78, !PT","24336"
"0xfff934211460","      IMAD.IADD R4, R88, 0x1, R108","24336"
"0xfff934211470","      LOP3.LUT R5, R6, 0x30, R5, 0x78, !PT","24336"
"0xfff934211480","      IMAD.IADD R6, R89, 0x1, R108","24336"
"0xfff934211490","      LOP3.LUT R9, R8, 0x30, R9, 0x78, !PT","24336"
"0xfff9342114a0","      IMAD.IADD R8, R90, 0x1, R108","24336"
"0xfff9342114b0","      IMAD.IADD R108, R91, 0x1, R108","24336"
"0xfff9342114c0","      SHF.R.U32.HI R11, RZ, 0x3, R4","24336"
"0xfff9342114d0","      SHF.R.U32.HI R13, RZ, 0x3, R8","24336"
"0xfff9342114e0","@!P2  IMAD R17, R28, 0x200, R23","24336"
"0xfff9342114f0","      SHF.R.U32.HI R15, RZ, 0x3, R108","24336"
"0xfff934211500","      LOP3.LUT R11, R4, 0x30, R11, 0x78, !PT","24336"
"0xfff934211510","      LOP3.LUT R13, R8, 0x30, R13, 0x78, !PT","24336"
"0xfff934211520","@!P2  IMAD.IADD R17, R24, 0x1, R17","24336"
"0xfff934211530","      LOP3.LUT R15, R108, 0x30, R15, 0x78, !PT","24336"
"0xfff934211540","      SHF.L.U32 R4, R72, 0x1f, RZ","24336"
"0xfff934211550","      BSSY B3, 0xfff934211650","24336"
"0xfff934211560","      STS.128 [R109], R32","24336"
"0xfff934211570","      STS.128 [R7], R36","24336"
"0xfff934211580","      SHF.R.U32.HI R7, RZ, 0x3, R6","24336"
"0xfff934211590","      STS.128 [R5], R40","24336"
"0xfff9342115a0","      LOP3.LUT R7, R6, 0x30, R7, 0x78, !PT","24336"
"0xfff9342115b0","      STS.128 [R9], R44","24336"
"0xfff9342115c0","      STS.128 [R11], R48","24336"
"0xfff9342115d0","      STS.128 [R7], R52","24336"
"0xfff9342115e0","      STS.128 [R13], R56","24336"
"0xfff9342115f0","      STS.128 [R15], R60","24336"
"0xfff934211600","@!P2  STS.128 [R17], R64","24336"
"0xfff934211610","@P0   SYNCS.ARRIVE.TRANS64.A1T0 RZ, [R107+URZ], RZ","24336"
"0xfff934211620","      SYNCS.PHASECHK.TRANS64.TRYWAIT P2, [R107+URZ], R4","24336"
"0xfff934211630","@!P2  BRA 0xfff9342180e0","24336"
"0xfff934211640","      BSYNC B3","24336"
"0xfff934211650","      UMOV UR4, 0xffffffff","24336"
"0xfff934211660","      BRA.DIV UR4, 0xfff934218120","24336"
"0xfff934211670","      NOP","9456"
"0xfff934211680","      MEMBAR.SC.CTA","24336"
"0xfff934211690","      MEMBAR.ALL.CTA","24336"
"0xfff9342116a0","      FENCE.VIEW.ASYNC.S","24336"
"0xfff9342116b0","      BSSY B3, 0xfff934211700","24336"
"0xfff9342116c0","@P0   SYNCS.ARRIVE.TRANS64.A1T0 RZ, [R107+URZ], RZ","24336"
"0xfff9342116d0","      SYNCS.PHASECHK.TRANS64.TRYWAIT P2, [R107+URZ], R106","24336"
"0xfff9342116e0","@!P2  BRA 0xfff934218190","24336"
"0xfff9342116f0","      BSYNC B3","24336"
"0xfff934211700","      UMOV UR4, 0xffffffff","24336"
"0xfff934211710","      BRA.DIV UR4, 0xfff9342181d0","24336"
"0xfff934211720","      NOP","9456"
"0xfff934211730","@P1   VIADD R4, R105, 0x6b8","24336"
"0xfff934211740","@P1   VIADD R6, R105, 0x6d8","24336"
"0xfff934211750","      VIADD R95, R95, 0x1","24336"
"0xfff934211760","@P1   LEA R5, R3, R4, 0x18","24336"
"0xfff934211770","      VIADD R100, R100, 0x1","24336"
"0xfff934211780","@P1   LEA R7, R3, R6, 0x18","24336"
"0xfff934211790","      VIADD R103, R103, 0x40","24336"
"0xfff9342117a0","      ISETP.NE.AND P3, PT, R95, RZ, PT","24336"
"0xfff9342117b0","@P1   IMAD R4, R28, 0x8, R5","24336"
"0xfff9342117c0","@P1   IMAD R5, R28, 0x8, R7","24336"
"0xfff9342117d0","      VIADD R28, R28, 0x1","24336"
"0xfff9342117e0","@P1   SYNCS.ARRIVE.TRANS64.A1T0 RZ, [R4+URZ], RZ","24336"
"0xfff9342117f0","      VIADD R102, R102, 0x40","24336"
"0xfff934211800","      VIADD R101, R101, 0x200","24336"
"0xfff934211810","      ISETP.NE.AND P2, PT, R28, 0x2, PT","24336"
"0xfff934211820","      VIADD R98, R98, 0x1","24336"
"0xfff934211830","@P1   SYNCS.ARRIVE.TRANS64.A1T0 RZ, [R5+URZ], RZ","24336"
"0xfff934211840","      SEL R28, R28, RZ, P2","24336"
"0xfff934211850","      SEL R5, RZ, 0x1, P2","24336"
"0xfff934211860","      LOP3.LUT R30, R30, R5, RZ, 0x3c, !PT","24336"
"0xfff934211870","@P3   BRA 0xfff9342109d0","24336"
"0xfff934211880","      BSYNC B2","1504"
"0xfff934211890","      IMAD.IADD R31, R26, 0x1, R31","1024"
"0xfff9342118a0","      LOP3.LUT R29, R29, 0x1, RZ, 0x3c, !PT","1024"
"0xfff9342118b0","      ISETP.GE.AND P2, PT, R31, UR44, PT","1024"
"0xfff9342118c0","@!P2  BRA 0xfff934210040","1024"
"0xfff9342118d0","      BSYNC B1","1024"
"0xfff9342118e0","      BRA 0xfff934217580","1024"
"0xfff9342118f0","      ISETP.NE.AND P0, PT, R30, RZ, PT","1024"
"0xfff934211900","      BSSY.RELIABLE B1, 0xfff9342119a0","1024"
"0xfff934211910","@!P0  BRA 0xfff934211960","1024"
"0xfff934211920","      ISETP.NE.AND P0, PT, R3, RZ, PT","512"
"0xfff934211930","@P0   BREAK.RELIABLE B1","512"
"0xfff934211940","@!P0  BRA 0xfff934211990","512"
"0xfff934211950","      BRA 0xfff934217580","0"
"0xfff934211960","      ISETP.NE.AND P0, PT, R3, RZ, PT","512"
"0xfff934211970","@P0   BREAK.RELIABLE B1","512"
"0xfff934211980","@P0   BRA 0xfff934217580","512"
"0xfff934211990","      BSYNC.RELIABLE B1","1024"
"0xfff9342119a0","      UMOV UR4, 0xffffffff","1024"
"0xfff9342119b0","      BRA.DIV UR4, 0xfff934218240","1024"
"0xfff9342119c0","      ELECT P0, URZ, PT","1024"
"0xfff9342119d0","@!P0  BRA 0xfff934217580","1024"
"0xfff9342119e0","      S2UR UR9, SR_CTAID.X","1024"
"0xfff9342119f0","      UISETP.GE.AND UP0, UPT, UR9, UR44, UPT","1024"
"0xfff934211a00","      BRA.U UP0, 0xfff934217580","1024"
"0xfff934211a10","      UIADD3 UR8, UPT, UPT, UR23, 0x658, URZ","1024"
"0xfff934211a20","      IMAD.U32 R0, RZ, RZ, UR9","1024"
"0xfff934211a30","      USHF.R.U64 UR14, UR24, 0x4, UR27","1024"
"0xfff934211a40","      LDC R31, c[0x0][0x370]","1024"
"0xfff934211a50","      UIADD3 UR11, UPT, UPT, UR23, 0x610, URZ","1024"
"0xfff934211a60","      IMAD.U32 R41, RZ, RZ, UR42","1024"
"0xfff934211a70","      USHF.R.U64 UR13, UR34, 0x4, UR43","1024"
"0xfff934211a80","      IMAD.U32 R2, RZ, RZ, UR8","1024"
"0xfff934211a90","      UIADD3 UR16, UPT, UPT, UR23, 0x680, URZ","1024"
"0xfff934211aa0","      IMAD.U32 R42, RZ, RZ, UR22","1024"
"0xfff934211ab0","      UIADD3 UR17, UPT, UPT, UR23, 0x670, URZ","1024"
"0xfff934211ac0","      IMAD.U32 R4, RZ, RZ, UR11","1024"
"0xfff934211ad0","      UIADD3 UR8, UP1, UPT, UR25, 0x400, URZ","1024"
"0xfff934211ae0","      LEA R2, R3, R2, 0x18","1024"
"0xfff934211af0","      UIADD3 UR10, UP0, UPT, UR25, 0x200, URZ","1024"
"0xfff934211b00","      IMAD.U32 R6, RZ, RZ, UR16","1024"
"0xfff934211b10","      ULOP3.LUT UR14, UR14, 0x3fff, URZ, 0xc0, !UPT","1024"
"0xfff934211b20","      IMAD.U32 R26, RZ, RZ, UR17","1024"
"0xfff934211b30","      ULOP3.LUT UR13, UR13, 0x3fff, URZ, 0xc0, !UPT","1024"
"0xfff934211b40","      LEA R4, R3, R4, 0x18","1024"
"0xfff934211b50","      UIADD3.X UR9, UPT, UPT, URZ, UR28, URZ, UP1, !UPT","1024"
"0xfff934211b60","      LEA R6, R3, R6, 0x18","1024"
"0xfff934211b70","      UIADD3.X UR11, UPT, UPT, URZ, UR28, URZ, UP0, !UPT","1024"
"0xfff934211b80","      LEA R26, R3, R26, 0x18","1024"
"0xfff934211b90","      ULOP3.LUT UR16, UR14, 0x10000, URZ, 0xfc, !UPT","1024"
"0xfff934211ba0","      VIADD R55, R41, 0x80","1024"
"0xfff934211bb0","      ULOP3.LUT UR17, UR13, 0x10000, URZ, 0xfc, !UPT","1024"
"0xfff934211bc0","      VIADD R37, R41, 0x1e0","1024"
"0xfff934211bd0","      UIADD3 UR14, UP0, UPT, UR14, 0x10100, URZ","1024"
"0xfff934211be0","      VIADD R56, R41, 0x180","1024"
"0xfff934211bf0","      UIADD3 UR13, UP1, UPT, UR13, 0x10002, URZ","1024"
"0xfff934211c00","      VIADD R38, R41, 0x1b0","1024"
"0xfff934211c10","      USHF.R.U64 UR8, UR8, 0x4, UR9","1024"
"0xfff934211c20","      VIADD R40, R41, 0x1c0","1024"
"0xfff934211c30","      USHF.R.U64 UR12, UR25, 0x4, UR28","1024"
"0xfff934211c40","      VIADD R39, R41, 0x1a0","1024"
"0xfff934211c50","      UMOV UR4, URZ","1024"
"0xfff934211c60","      USHF.R.U64 UR10, UR10, 0x4, UR11","1024"
"0xfff934211c70","      VIADD R57, R41, 0x190","1024"
"0xfff934211c80","      UMOV UR5, URZ","1024"
"0xfff934211c90","      UIADD3.X UR9, UPT, UPT, UR4, -0x3fffbff0, URZ, UP0, !UPT","1024"
"0xfff934211ca0","      CS2R R52, SRZ","1024"
"0xfff934211cb0","      UIADD3.X UR11, UPT, UPT, UR5, -0x7fffbfe0, URZ, UP1, !UPT","1024"
"0xfff934211cc0","      IMAD.MOV.U32 R54, RZ, RZ, RZ","1024"
"0xfff934211cd0","      ULOP3.LUT UR4, UR8, 0x3fff, URZ, 0xc0, !UPT","1024"
"0xfff934211ce0","      CS2R R32, SRZ","1024"
"0xfff934211cf0","      ULOP3.LUT UR12, UR12, 0x3fff, URZ, 0xc0, !UPT","1024"
"0xfff934211d00","      IMAD.MOV.U32 R44, RZ, RZ, RZ","1024"
"0xfff934211d10","      ULOP3.LUT UR5, UR10, 0x3fff, URZ, 0xc0, !UPT","1024"
"0xfff934211d20","      CS2R R34, SRZ","1024"
"0xfff934211d30","      UIADD3 UR8, UP0, UPT, UR14, 0x100, URZ","1024"
"0xfff934211d40","      IMAD.MOV.U32 R43, RZ, RZ, RZ","1024"
"0xfff934211d50","      ULOP3.LUT UR12, UR12, 0x80000, URZ, 0xfc, !UPT","1024"
"0xfff934211d60","      IMAD.MOV.U32 R36, RZ, RZ, RZ","1024"
"0xfff934211d70","      ULOP3.LUT UR5, UR5, 0x80000, URZ, 0xfc, !UPT","1024"
"0xfff934211d80","      VIADD R41, R41, 0x100","1024"
"0xfff934211d90","      ULOP3.LUT UR4, UR4, 0x80000, URZ, 0xfc, !UPT","1024"
"0xfff934211da0","      VIMNMX R42, PT, PT, R42, 0x1, !PT","1024"
"0xfff934211db0","      UIADD3.X UR10, UPT, UPT, UR9, URZ, URZ, UP0, !UPT","1024"
"0xfff934211dc0","      IMAD.U32 R8, RZ, RZ, UR13","1024"
"0xfff934211dd0","      IMAD.U32 R24, RZ, RZ, UR14","1024"
"0xfff934211de0","      IMAD.U32 R22, RZ, RZ, UR16","1024"
"0xfff934211df0","      VIADD R28, R2, 0x8","1024"
"0xfff934211e00","      IMAD.MOV.U32 R3, RZ, RZ, RZ","1024"
"0xfff934211e10","      IMAD.MOV.U32 R5, RZ, RZ, RZ","1024"
"0xfff934211e20","      IMAD.U32 R10, RZ, RZ, UR17","1024"
"0xfff934211e30","      IMAD.MOV.U32 R7, RZ, RZ, RZ","1024"
"0xfff934211e40","      IMAD.MOV.U32 R27, RZ, RZ, RZ","1024"
"0xfff934211e50","      IMAD.U32 R12, RZ, RZ, UR12","1024"
"0xfff934211e60","      IMAD.U32 R9, RZ, RZ, UR11","1024"
"0xfff934211e70","      IMAD.U32 R25, RZ, RZ, UR9","1024"
"0xfff934211e80","      IMAD.U32 R14, RZ, RZ, UR8","1024"
"0xfff934211e90","      IMAD.MOV.U32 R23, RZ, RZ, -0x3fffbff0","1024"
"0xfff934211ea0","      IMAD.MOV.U32 R11, RZ, RZ, -0x7fffbfe0","1024"
"0xfff934211eb0","      IMAD.U32 R15, RZ, RZ, UR10","1024"
"0xfff934211ec0","      IMAD.U32 R16, RZ, RZ, UR5","1024"
"0xfff934211ed0","      IMAD.U32 R18, RZ, RZ, UR4","1024"
"0xfff934211ee0","      IMAD.MOV.U32 R29, RZ, RZ, RZ","1024"
"0xfff934211ef0","      IMAD.MOV.U32 R13, RZ, RZ, 0x4008","1024"
"0xfff934211f00","      IMAD.MOV.U32 R17, RZ, RZ, 0x4008","1024"
"0xfff934211f10","      IMAD.MOV.U32 R19, RZ, RZ, 0x4008","1024"
"0xfff934211f20","      IABS R46, UR15","1024"
"0xfff934211f30","      YIELD","1024"
"0xfff934211f40","      I2F.RP R47, R46","1024"
"0xfff934211f50","      IABS R45, R0","1024"
"0xfff934211f60","      IABS R50, UR15","1024"
"0xfff934211f70","      MUFU.RCP R47, R47","1024"
"0xfff934211f80","      VIADD R20, R47, 0xffffffe","1024"
"0xfff934211f90","      F2I.FTZ.U32.TRUNC.NTZ R21, R20","1024"
"0xfff934211fa0","      IMAD.MOV.U32 R20, RZ, RZ, RZ","1024"
"0xfff934211fb0","      IMAD.MOV R49, RZ, RZ, -R21","1024"
"0xfff934211fc0","      IMAD R49, R49, R46, RZ","1024"
"0xfff934211fd0","      IMAD.HI.U32 R48, R21, R49, R20","1024"
"0xfff934211fe0","      IMAD.MOV R21, RZ, RZ, -R50","1024"
"0xfff934211ff0","      IMAD.HI.U32 R20, R48, R45, RZ","1024"
"0xfff934212000","      IMAD R21, R20, R21, R45","1024"
"0xfff934212010","      ISETP.GT.U32.AND P1, PT, R46, R21, PT","1024"
"0xfff934212020","@!P1  IMAD.IADD R21, R21, 0x1, -R46","1024"
"0xfff934212030","@!P1  VIADD R20, R20, 0x1","1024"
"0xfff934212040","      ISETP.NE.AND P1, PT, RZ, UR15, PT","1024"
"0xfff934212050","      ISETP.GE.U32.AND P0, PT, R21, R46, PT","1024"
"0xfff934212060","      LOP3.LUT R21, R0, UR15, RZ, 0x3c, !PT","1024"
"0xfff934212070","      ISETP.GE.AND P2, PT, R21, RZ, PT","1024"
"0xfff934212080","@P0   VIADD R20, R20, 0x1","1024"
"0xfff934212090","@!P2  IMAD.MOV R20, RZ, RZ, -R20","1024"
"0xfff9342120a0","@!P1  LOP3.LUT R20, RZ, UR15, RZ, 0x33, !PT","1024"
"0xfff9342120b0","      ISETP.GE.AND P0, PT, R20, UR7, PT","1024"
"0xfff9342120c0","      IMAD.MOV R45, RZ, RZ, -R20","1024"
"0xfff9342120d0","      IMAD.MOV.U32 R20, RZ, RZ, RZ","1024"
"0xfff9342120e0","      SEL R50, R42, UR6, P0","1024"
"0xfff9342120f0","      IMAD R45, R45, UR15, R0","1024"
"0xfff934212100","      IABS R48, R50","1024"
"0xfff934212110","      IABS R49, R45","1024"
"0xfff934212120","      I2F.RP R46, R48","1024"
"0xfff934212130","      IABS R51, R50","1024"
"0xfff934212140","      LOP3.LUT R45, R45, R50, RZ, 0x3c, !PT","1024"
"0xfff934212150","      ISETP.GE.AND P2, PT, R45, RZ, PT","1024"
"0xfff934212160","      IMAD.U32 R45, RZ, RZ, UR40","1024"
"0xfff934212170","      MUFU.RCP R46, R46","1024"
"0xfff934212180","      VIADD R21, R46, 0xffffffe","1024"
"0xfff934212190","      F2I.FTZ.U32.TRUNC.NTZ R21, R21","1024"
"0xfff9342121a0","      IMAD.MOV R47, RZ, RZ, -R21","1024"
"0xfff9342121b0","      IMAD R47, R47, R48, RZ","1024"
"0xfff9342121c0","      IMAD.HI.U32 R20, R21, R47, R20","1024"
"0xfff9342121d0","      IMAD.MOV R21, RZ, RZ, -R51","1024"
"0xfff9342121e0","      IMAD.HI.U32 R20, R20, R49, RZ","1024"
"0xfff9342121f0","      IMAD R21, R20, R21, R49","1024"
"0xfff934212200","      ISETP.GT.U32.AND P1, PT, R48, R21, PT","1024"
"0xfff934212210","@!P1  IMAD.IADD R21, R21, 0x1, -R48","1024"
"0xfff934212220","@!P1  VIADD R20, R20, 0x1","1024"
"0xfff934212230","      ISETP.NE.AND P1, PT, R50, RZ, PT","1024"
"0xfff934212240","      ISETP.GE.U32.AND P0, PT, R21, R48, PT","1024"
"0xfff934212250","@P0   VIADD R20, R20, 0x1","1024"
"0xfff934212260","      ISETP.NE.AND P0, PT, R30, RZ, PT","1024"
"0xfff934212270","      IMAD.MOV.U32 R21, RZ, RZ, R20","1024"
"0xfff934212280","@!P2  IMAD.MOV R21, RZ, RZ, -R21","1024"
"0xfff934212290","@!P1  LOP3.LUT R21, RZ, R50, RZ, 0x33, !PT","1024"
"0xfff9342122a0","      IMAD.MOV R20, RZ, RZ, -R21","1024"
"0xfff9342122b0","      VIADDMNMX R20, R20, R45, UR40, PT","1024"
"0xfff9342122c0","@P0   BRA 0xfff934212b10","1024"
"0xfff9342122d0","      S2R R58, SR_CgaCtaId","512"
"0xfff9342122e0","      ISETP.NE.AND P1, PT, R52, RZ, PT","512"
"0xfff9342122f0","      VIADD R21, R21, 0x1","512"
"0xfff934212300","      MOV R51, 0x400","512"
"0xfff934212310","      LOP3.LUT R46, R52, 0x1, RZ, 0xc0, !PT","512"
"0xfff934212320","      VIMNMX R47, PT, PT, R21, 0x1, PT","512"
"0xfff934212330","      VIADD R21, R51, 0x600","512"
"0xfff934212340","      SHF.L.U32 R46, R46, 0x1f, RZ","512"
"0xfff934212350","      LEA R59, R58, R21, 0x18","512"
"0xfff934212360","      IMAD R21, R47, 0x3000, RZ","512"
"0xfff934212370","@!P1  BRA 0xfff934212400","512"
"0xfff934212380","      S2R R49, SR_CgaCtaId","0"
"0xfff934212390","      MOV R45, 0x400","0"
"0xfff9342123a0","      VIADD R48, R45, 0x690","0"
"0xfff9342123b0","      SHF.L.U32 R45, R53, 0x1f, RZ","0"
"0xfff9342123c0","      LEA R48, R49, R48, 0x18","0"
"0xfff9342123d0","      SYNCS.PHASECHK.TRANS64.TRYWAIT P1, [R48+URZ], R45","0"
"0xfff9342123e0","@!P1  BRA 0xfff9342182a0","0"
"0xfff9342123f0","      LOP3.LUT R53, R53, 0x1, RZ, 0x3c, !PT","0"
"0xfff934212400","      SYNCS.ARRIVE.TRANS64 RZ, [R59+URZ], R21","512"
"0xfff934212410","      VIADD R45, R51, 0x608","512"
"0xfff934212420","      IMAD R21, R47, 0x600, RZ","512"
"0xfff934212430","      LEA R47, R58, R45, 0x18","512"
"0xfff934212440","      SYNCS.PHASECHK.TRANS64.TRYWAIT P1, [R59+URZ], R46","512"
"0xfff934212450","@!P1  BRA 0xfff9342182e0","512"
"0xfff934212460","      SYNCS.ARRIVE.TRANS64 RZ, [R47+URZ], R21","512"
"0xfff934212470","      SHF.L.U32 R45, R35, 0x1f, RZ","512"
"0xfff934212480","      VIADD R21, R51, 0x618","512"
"0xfff934212490","      LEA R49, R58, R21, 0x18","512"
"0xfff9342124a0","      SYNCS.PHASECHK.TRANS64.TRYWAIT P1, [R47+URZ], R46","512"
"0xfff9342124b0","      IMAD.MOV.U32 R21, RZ, RZ, 0x1800","512"
"0xfff9342124c0","      IMAD R48, R44, 0x8, R49","512"
"0xfff9342124d0","@!P1  BRA 0xfff934218320","512"
"0xfff9342124e0","      SYNCS.ARRIVE.TRANS64 RZ, [R48+URZ], R21","512"
"0xfff9342124f0","      VIADD R47, R51, 0x628","512"
"0xfff934212500","      IMAD.MOV.U32 R46, RZ, RZ, 0x600","512"
"0xfff934212510","      LEA R50, R58, R47, 0x18","512"
"0xfff934212520","      SHF.R.U32.HI R21, RZ, R43, R34","512"
"0xfff934212530","      IMAD R50, R43, 0x8, R50","512"
"0xfff934212540","      LOP3.LUT R21, R21, 0x1, RZ, 0xc0, !PT","512"
"0xfff934212550","      SYNCS.PHASECHK.TRANS64.TRYWAIT P1, [R48+URZ], R45","512"
"0xfff934212560","      SHF.L.U32 R21, R21, 0x1f, RZ","512"
"0xfff934212570","@!P1  BRA 0xfff934218360","512"
"0xfff934212580","      SYNCS.ARRIVE.TRANS64 RZ, [R50+URZ], R46","512"
"0xfff934212590","      SYNCS.PHASECHK.TRANS64.TRYWAIT P1, [R50+URZ], R21","512"
"0xfff9342125a0","@!P1  BRA 0xfff9342183a0","512"
"0xfff9342125b0","      R2UR UR12, R44","512"
"0xfff9342125c0","      UMOV UR10, UR26","512"
"0xfff9342125d0","      R2UR UR9, R43","512"
"0xfff9342125e0","      UMOV UR11, UR29","512"
"0xfff9342125f0","      UMOV UR8, URZ","512"
"0xfff934212600","      R2UR UR16, R20","512"
"0xfff934212610","      VIADD R21, R51, 0x638","512"
"0xfff934212620","      R2UR UR64, R12","512"
"0xfff934212630","      UMOV UR14, URZ","512"
"0xfff934212640","      R2UR UR65, R13","512"
"0xfff934212650","      VIADD R51, R51, 0x648","512"
"0xfff934212660","      LEA R21, R58, R21, 0x18","512"
"0xfff934212670","      UMOV UR63, 0x4008","512"
"0xfff934212680","      UIMAD.WIDE.U32 UR12, UR12, 0x1800, UR10","512"
"0xfff934212690","      R2UR UR48, R56","512"
"0xfff9342126a0","      UIMAD.WIDE.U32 UR10, UR9, 0x800, UR36","512"
"0xfff9342126b0","      IMAD R21, R44, 0x8, R21","512"
"0xfff9342126c0","      UIADD3 UR8, UPT, UPT, UR13, UR8, URZ","512"
"0xfff9342126d0","      R2UR UR9, R23","512"
"0xfff9342126e0","      UIADD3 UR54, UP1, UPT, UR10, 0x200, URZ","512"
"0xfff9342126f0","      R2UR UR49, R57","512"
"0xfff934212700","      UIADD3 UR56, UP2, UPT, UR10, 0x400, URZ","512"
"0xfff934212710","      R2UR UR13, R25","512"
"0xfff934212720","      USHF.R.U64 UR50, UR12, 0x4, UR8","512"
"0xfff934212730","      R2UR UR8, R22","512"
"0xfff934212740","      UIADD3.X UR18, UPT, UPT, URZ, UR11, URZ, UP1, !UPT","512"
"0xfff934212750","      R2UR UR12, R24","512"
"0xfff934212760","      USHF.R.U64 UR62, UR10, 0x4, UR11","512"
"0xfff934212770","      R2UR UR10, R16","512"
"0xfff934212780","      UIADD3.X UR20, UPT, UPT, URZ, UR11, URZ, UP2, !UPT","512"
"0xfff934212790","      R2UR UR11, R17","512"
"0xfff9342127a0","      ULOP3.LUT UR50, UR50, 0x3fff, URZ, 0xc0, !UPT","512"
"0xfff9342127b0","      R2UR UR17, R19","512"
"0xfff9342127c0","      USHF.R.U64 UR54, UR54, 0x4, UR18","512"
"0xfff9342127d0","      R2UR UR58, R21","512"
"0xfff9342127e0","      ULOP3.LUT UR62, UR62, 0x3fff, URZ, 0xc0, !UPT","512"
"0xfff9342127f0","      R2UR UR18, R14","512"
"0xfff934212800","      USHF.R.U64 UR56, UR56, 0x4, UR20","512"
"0xfff934212810","      R2UR UR19, R15","512"
"0xfff934212820","      ULOP3.LUT UR46, UR50, 0x10000, URZ, 0xfc, !UPT","512"
"0xfff934212830","      R2UR UR20, R2","512"
"0xfff934212840","      ULOP3.LUT UR54, UR54, 0x3fff, URZ, 0xc0, !UPT","512"
"0xfff934212850","      R2UR UR21, R3","512"
"0xfff934212860","      UIADD3 UR50, UP1, UPT, UR50, 0x10080, URZ","512"
"0xfff934212870","      R2UR UR52, R4","512"
"0xfff934212880","      UISETP.NE.AND UP0, UPT, UR16, 0x1, UPT","512"
"0xfff934212890","      R2UR UR16, R18","512"
"0xfff9342128a0","      ULOP3.LUT UR62, UR62, 0x80000, URZ, 0xfc, !UPT","512"
"0xfff9342128b0","      R2UR UR53, R5","512"
"0xfff9342128c0","      ULOP3.LUT UR56, UR56, 0x3fff, URZ, 0xc0, !UPT","512"
"0xfff9342128d0","      UTCCP.T.S.4x32dp128bit tmem[UR42+0x180], gdesc[UR64]","512"
"0xfff9342128e0","      UIADD3.X UR51, UPT, UPT, UR14, -0x3fffbff0, URZ, UP1, !UPT","512"
"0xfff9342128f0","      LEA R58, R58, R51, 0x18","512"
"0xfff934212900","      ULOP3.LUT UR54, UR54, 0x80000, URZ, 0xfc, !UPT","512"
"0xfff934212910","      IMAD.MOV.U32 R46, RZ, RZ, 0x1","512"
"0xfff934212920","      ULOP3.LUT UR56, UR56, 0x80000, URZ, 0xfc, !UPT","512"
"0xfff934212930","      UTCCP.T.S.4x32dp128bit tmem[UR42+0x190], gdesc[UR62]","512"
"0xfff934212940","      UIADD3.64 UR60, UPT, UPT, UR50, 0x80, URZ","512"
"0xfff934212950","      IMAD R21, R43, 0x8, R58","512"
"0xfff934212960","      UMOV UR4, 0x0","512"
"0xfff934212970","      UMOV UR5, 0x8100480","512"
"0xfff934212980","      UMOV UR47, 0xc0004010","512"
"0xfff934212990","      UMOV UR55, 0x4008","512"
"0xfff9342129a0","      UTCOMMA.4X gdesc[UR8], gdesc[UR46], tmem[UR42], tmem[UR4], idesc[UR5], tmem, [UR48], !UPT","512"
"0xfff9342129b0","      UTCCP.T.S.4x32dp128bit tmem[UR42+0x180], gdesc[UR10]","512"
"0xfff9342129c0","      UTCCP.T.S.4x32dp128bit tmem[UR42+0x190], gdesc[UR54]","512"
"0xfff9342129d0","      UMOV UR57, 0x4008","512"
"0xfff9342129e0","      UTCOMMA.4X gdesc[UR12], gdesc[UR50], tmem[UR42], tmem[UR4], idesc[UR5], tmem, [UR48], UPT","512"
"0xfff9342129f0","      UMOV UR59, URZ","512"
"0xfff934212a00","      UTCCP.T.S.4x32dp128bit tmem[UR42+0x180], gdesc[UR16]","512"
"0xfff934212a10","      UTCCP.T.S.4x32dp128bit tmem[UR42+0x190], gdesc[UR56]","512"
"0xfff934212a20","      UMOV UR58, UR58","512"
"0xfff934212a30","      UTCOMMA.4X gdesc[UR18], gdesc[UR60], tmem[UR42], tmem[UR4], idesc[UR5], tmem, [UR48], UPT","512"
"0xfff934212a40","      UMOV UR20, UR20","512"
"0xfff934212a50","      UTCBAR [UR58], URZ","512"
"0xfff934212a60","@!UP0 UMOV UR52, UR52","512"
"0xfff934212a70","      UTCBAR [UR20], URZ","512"
"0xfff934212a80","      SYNCS.ARRIVE.TRANS64.A1T0 RZ, [R21+URZ], RZ","512"
"0xfff934212a90","@!UP0 UTCBAR [UR52], URZ","512"
"0xfff934212aa0","      ISETP.NE.AND P1, PT, R44, 0x1, PT","512"
"0xfff934212ab0","      LOP3.LUT R44, R44, 0x1, RZ, 0x3c, !PT","512"
"0xfff934212ac0","      SHF.L.U32 R21, R46, R43, RZ","512"
"0xfff934212ad0","      SEL R46, RZ, 0x1, P1","512"
"0xfff934212ae0","      LOP3.LUT R43, R43, 0x1, RZ, 0x3c, !PT","512"
"0xfff934212af0","      LOP3.LUT R34, R34, R21, RZ, 0x3c, !PT","512"
"0xfff934212b00","      LOP3.LUT R35, R35, R46, RZ, 0x3c, !PT","512"
"0xfff934212b10","      ISETP.NE.AND P1, PT, R30, 0x1, PT","1024"
"0xfff934212b20","      ISETP.NE.AND P2, PT, R20, 0x1, PT","1024"
"0xfff934212b30","@P1   BRA 0xfff934212d70","1024"
"0xfff934212b40","      WARPSYNC.ALL","512"
"0xfff934212b50","      STTM.x16 tmem[UR42+0x100], RZ","512"
"0xfff934212b60","      STTM.x16 tmem[UR42+0x110], RZ","512"
"0xfff934212b70","      STTM.x16 tmem[UR42+0x120], RZ","512"
"0xfff934212b80","      STTM.x16 tmem[UR42+0x130], RZ","512"
"0xfff934212b90","      STTM.x16 tmem[UR42+0x140], RZ","512"
"0xfff934212ba0","      STTM.x16 tmem[UR42+0x150], RZ","512"
"0xfff934212bb0","      STTM.x16 tmem[UR42+0x160], RZ","512"
"0xfff934212bc0","      STTM.x16 tmem[UR42+0x170], RZ","512"
"0xfff934212bd0","      STTM.x16 tmem[UR42+0x200100], RZ","512"
"0xfff934212be0","      STTM.x16 tmem[UR42+0x200110], RZ","512"
"0xfff934212bf0","      STTM.x16 tmem[UR42+0x200120], RZ","512"
"0xfff934212c00","      STTM.x16 tmem[UR42+0x200130], RZ","512"
"0xfff934212c10","      STTM.x16 tmem[UR42+0x200140], RZ","512"
"0xfff934212c20","      STTM.x16 tmem[UR42+0x200150], RZ","512"
"0xfff934212c30","      STTM.x16 tmem[UR42+0x200160], RZ","512"
"0xfff934212c40","      STTM.x16 tmem[UR42+0x200170], RZ","512"
"0xfff934212c50","      STTM.x16 tmem[UR42+0x400100], RZ","512"
"0xfff934212c60","      STTM.x16 tmem[UR42+0x400110], RZ","512"
"0xfff934212c70","      STTM.x16 tmem[UR42+0x400120], RZ","512"
"0xfff934212c80","      STTM.x16 tmem[UR42+0x400130], RZ","512"
"0xfff934212c90","      STTM.x16 tmem[UR42+0x400140], RZ","512"
"0xfff934212ca0","      STTM.x16 tmem[UR42+0x400150], RZ","512"
"0xfff934212cb0","      STTM.x16 tmem[UR42+0x400160], RZ","512"
"0xfff934212cc0","      STTM.x16 tmem[UR42+0x400170], RZ","512"
"0xfff934212cd0","      STTM.x16 tmem[UR42+0x600100], RZ","512"
"0xfff934212ce0","      STTM.x16 tmem[UR42+0x600110], RZ","512"
"0xfff934212cf0","      STTM.x16 tmem[UR42+0x600120], RZ","512"
"0xfff934212d00","      STTM.x16 tmem[UR42+0x600130], RZ","512"
"0xfff934212d10","      STTM.x16 tmem[UR42+0x600140], RZ","512"
"0xfff934212d20","      STTM.x16 tmem[UR42+0x600150], RZ","512"
"0xfff934212d30","      STTM.x16 tmem[UR42+0x600160], RZ","512"
"0xfff934212d40","      STTM.x16 tmem[UR42+0x600170], RZ","512"
"0xfff934212d50","      FENCE.VIEW.ASYNC.T","512"
"0xfff934212d60","      NOP","512"
"0xfff934212d70","@P2   BRA 0xfff934213120","1024"
"0xfff934212d80","      ISETP.NE.AND P1, PT, R30, RZ, PT","32"
"0xfff934212d90","@!P1  BRA 0xfff934214df0","32"
"0xfff934212da0","      S2R R47, SR_CgaCtaId","16"
"0xfff934212db0","      MOV R45, 0x400","16"
"0xfff934212dc0","      LOP3.LUT R21, R32, 0x1, RZ, 0xc0, !PT","16"
"0xfff934212dd0","      VIADD R46, R45, 0x758","16"
"0xfff934212de0","      SHF.L.U32 R21, R21, 0x1f, RZ","16"
"0xfff934212df0","      LEA R46, R47, R46, 0x18","16"
"0xfff934212e00","      SYNCS.PHASECHK.TRANS64.TRYWAIT P1, [R46+URZ], R21","16"
"0xfff934212e10","@!P1  BRA 0xfff9342183e0","16"
"0xfff934212e20","      WARPSYNC.ALL","16"
"0xfff934212e30","      R2UR UR8, R33","16"
"0xfff934212e40","      VIADD R46, R45, 0x6c8","16"
"0xfff934212e50","      R2UR UR10, R10","16"
"0xfff934212e60","      UMOV UR16, 0xfffefffe","16"
"0xfff934212e70","      R2UR UR11, R11","16"
"0xfff934212e80","      UMOV UR17, 0x7fffbfdf","16"
"0xfff934212e90","      LEA R46, R47, R46, 0x18","16"
"0xfff934212ea0","      UMOV UR9, URZ","16"
"0xfff934212eb0","      R2UR UR5, R41","16"
"0xfff934212ec0","      NOP","16"
"0xfff934212ed0","      R2UR UR50, R39","16"
"0xfff934212ee0","      IMAD R21, R33, 0x8, R46","16"
"0xfff934212ef0","      R2UR UR51, R40","16"
"0xfff934212f00","      ULEA UR8, UP0, UR8, UR30, 0xd","16"
"0xfff934212f10","      R2UR UR46, R8","16"
"0xfff934212f20","      UMOV UR18, 0x0","16"
"0xfff934212f30","      R2UR UR47, R9","16"
"0xfff934212f40","      UIADD3.X UR4, UPT, UPT, URZ, UR33, URZ, UP0, !UPT","16"
"0xfff934212f50","      R2UR UR48, R6","16"
"0xfff934212f60","      UMOV UR19, 0x8a00480","16"
"0xfff934212f70","      R2UR UR49, R7","16"
"0xfff934212f80","      USHF.R.U64 UR8, UR8, 0x4, UR4","16"
"0xfff934212f90","      R2UR UR12, R26","16"
"0xfff934212fa0","      VIADD R46, R45, 0x728","16"
"0xfff934212fb0","      R2UR UR4, R21","16"
"0xfff934212fc0","      ULOP3.LUT UR8, UR8, 0x3fff, URZ, 0xc0, !UPT","16"
"0xfff934212fd0","      R2UR UR13, R27","16"
"0xfff934212fe0","      UMOV UR20, 0x0","16"
"0xfff934212ff0","      UMOV UR21, 0x48a004a0","16"
"0xfff934213000","      UIADD3.64 UR16, UPT, UPT, UR8, -UR16, URZ","16"
"0xfff934213010","      NOP","16"
"0xfff934213020","      ULOP3.LUT UR8, UR8, 0x10000, URZ, 0xfc, !UPT","16"
"0xfff934213030","      LEA R46, R47, R46, 0x18","16"
"0xfff934213040","      UMOV UR9, 0x80004020","16"
"0xfff934213050","      UMOV UR48, UR48","16"
"0xfff934213060","      LOP3.LUT R32, R32, 0x1, RZ, 0x3c, !PT","16"
"0xfff934213070","      LOP3.LUT R33, R33, 0x1, RZ, 0x3c, !PT","16"
"0xfff934213080","      UMOV UR12, UR12","16"
"0xfff934213090","      UTCOMMA gdesc[UR10], gdesc[UR8], tmem[UR5], tmem[UR18], idesc[UR19], tmem, [UR50], !UPT","16"
"0xfff9342130a0","      UTCOMMA gdesc[UR46], gdesc[UR16], tmem[UR5], tmem[UR20], idesc[UR21], tmem, [UR50], UPT","16"
"0xfff9342130b0","      UMOV UR5, URZ","16"
"0xfff9342130c0","      UMOV UR4, UR4","16"
"0xfff9342130d0","      UTCBAR [UR4], URZ","16"
"0xfff9342130e0","      UTCBAR [UR48], URZ","16"
"0xfff9342130f0","      SYNCS.ARRIVE.TRANS64.A1T0 RZ, [R46+URZ], RZ","16"
"0xfff934213100","      UTCBAR [UR12], URZ","16"
"0xfff934213110","      BRA 0xfff934214df0","16"
"0xfff934213120","@P0   BRA 0xfff934213810","992"
"0xfff934213130","      S2UR UR5, SR_CgaCtaId","496"
"0xfff934213140","      UMOV UR4, 0x400","496"
"0xfff934213150","      SHF.L.U32 R48, R35, 0x1f, RZ","496"
"0xfff934213160","      IMAD.U32 R21, RZ, RZ, UR4","496"
"0xfff934213170","      SHF.R.U32.HI R49, RZ, R43, R34","496"
"0xfff934213180","      IMAD.MOV.U32 R58, RZ, RZ, 0x600","496"
"0xfff934213190","      VIADD R46, R21, 0x618","496"
"0xfff9342131a0","      LOP3.LUT R49, R49, 0x1, RZ, 0xc0, !PT","496"
"0xfff9342131b0","      IMAD.U32 R45, RZ, RZ, UR5","496"
"0xfff9342131c0","      LEA R47, R45, R46, 0x18","496"
"0xfff9342131d0","      IMAD.MOV.U32 R46, RZ, RZ, 0x1800","496"
"0xfff9342131e0","      IMAD R47, R44, 0x8, R47","496"
"0xfff9342131f0","      SYNCS.ARRIVE.TRANS64 RZ, [R47+URZ], R46","496"
"0xfff934213200","      VIADD R46, R21, 0x628","496"
"0xfff934213210","      LEA R50, R45, R46, 0x18","496"
"0xfff934213220","      SYNCS.PHASECHK.TRANS64.TRYWAIT P2, [R47+URZ], R48","496"
"0xfff934213230","      SHF.L.U32 R46, R49, 0x1f, RZ","496"
"0xfff934213240","      IMAD R49, R43, 0x8, R50","496"
"0xfff934213250","@!P2  BRA 0xfff934218420","496"
"0xfff934213260","      SYNCS.ARRIVE.TRANS64 RZ, [R49+URZ], R58","496"
"0xfff934213270","      SYNCS.PHASECHK.TRANS64.TRYWAIT P2, [R49+URZ], R46","496"
"0xfff934213280","@!P2  BRA 0xfff934218460","496"
"0xfff934213290","      R2UR UR12, R44","496"
"0xfff9342132a0","      UMOV UR10, UR26","496"
"0xfff9342132b0","      R2UR UR9, R43","496"
"0xfff9342132c0","      UMOV UR11, UR29","496"
"0xfff9342132d0","      UMOV UR8, URZ","496"
"0xfff9342132e0","      R2UR UR16, R20","496"
"0xfff9342132f0","      VIADD R46, R21, 0x638","496"
"0xfff934213300","      R2UR UR64, R12","496"
"0xfff934213310","      UMOV UR14, URZ","496"
"0xfff934213320","      R2UR UR65, R13","496"
"0xfff934213330","      UMOV UR63, 0x4008","496"
"0xfff934213340","      LEA R47, R45, R46, 0x18","496"
"0xfff934213350","      VIADD R46, R21, 0x648","496"
"0xfff934213360","      UIMAD.WIDE.U32 UR12, UR12, 0x1800, UR10","496"
"0xfff934213370","      R2UR UR45, R55","496"
"0xfff934213380","      UIMAD.WIDE.U32 UR10, UR9, 0x800, UR36","496"
"0xfff934213390","      IMAD R47, R44, 0x8, R47","496"
"0xfff9342133a0","      UIADD3 UR8, UPT, UPT, UR13, UR8, URZ","496"
"0xfff9342133b0","      R2UR UR48, R56","496"
"0xfff9342133c0","      UIADD3 UR18, UP0, UPT, UR10, 0x200, URZ","496"
"0xfff9342133d0","      R2UR UR49, R57","496"
"0xfff9342133e0","      USHF.R.U64 UR9, UR10, 0x4, UR11","496"
"0xfff9342133f0","      R2UR UR13, R25","496"
"0xfff934213400","      UIADD3 UR20, UP1, UPT, UR10, 0x400, URZ","496"
"0xfff934213410","      R2UR UR10, R16","496"
"0xfff934213420","      USHF.R.U64 UR50, UR12, 0x4, UR8","496"
"0xfff934213430","      R2UR UR8, R22","496"
"0xfff934213440","      UIADD3.X UR19, UPT, UPT, URZ, UR11, URZ, UP0, !UPT","496"
"0xfff934213450","      R2UR UR12, R24","496"
"0xfff934213460","      UIADD3.X UR21, UPT, UPT, URZ, UR11, URZ, UP1, !UPT","496"
"0xfff934213470","      R2UR UR11, R17","496"
"0xfff934213480","      ULOP3.LUT UR50, UR50, 0x3fff, URZ, 0xc0, !UPT","496"
"0xfff934213490","      R2UR UR17, R19","496"
"0xfff9342134a0","      USHF.R.U64 UR47, UR18, 0x4, UR19","496"
"0xfff9342134b0","      R2UR UR58, R47","496"
"0xfff9342134c0","      ULOP3.LUT UR62, UR9, 0x3fff, URZ, 0xc0, !UPT","496"
"0xfff9342134d0","      R2UR UR9, R23","496"
"0xfff9342134e0","      USHF.R.U64 UR51, UR20, 0x4, UR21","496"
"0xfff9342134f0","      R2UR UR18, R14","496"
"0xfff934213500","      ULOP3.LUT UR46, UR50, 0x10000, URZ, 0xfc, !UPT","496"
"0xfff934213510","      R2UR UR19, R15","496"
"0xfff934213520","      ULOP3.LUT UR47, UR47, 0x3fff, URZ, 0xc0, !UPT","496"
"0xfff934213530","      R2UR UR20, R28","496"
"0xfff934213540","      UIADD3 UR50, UP0, UPT, UR50, 0x10080, URZ","496"
"0xfff934213550","      R2UR UR21, R29","496"
"0xfff934213560","      UISETP.NE.AND UP2, UPT, UR16, 0x2, UPT","496"
"0xfff934213570","      R2UR UR16, R18","496"
"0xfff934213580","      ULOP3.LUT UR62, UR62, 0x80000, URZ, 0xfc, !UPT","496"
"0xfff934213590","      R2UR UR52, R4","496"
"0xfff9342135a0","      ULOP3.LUT UR56, UR51, 0x3fff, URZ, 0xc0, !UPT","496"
"0xfff9342135b0","      R2UR UR53, R5","496"
"0xfff9342135c0","      UIADD3.X UR51, UPT, UPT, UR14, -0x3fffbff0, URZ, UP0, !UPT","496"
"0xfff9342135d0","      UTCCP.T.S.4x32dp128bit tmem[UR42+0x180], gdesc[UR64]","496"
"0xfff9342135e0","      ULOP3.LUT UR54, UR47, 0x80000, URZ, 0xfc, !UPT","496"
"0xfff9342135f0","      LEA R46, R45, R46, 0x18","496"
"0xfff934213600","      ULOP3.LUT UR56, UR56, 0x80000, URZ, 0xfc, !UPT","496"
"0xfff934213610","      UTCCP.T.S.4x32dp128bit tmem[UR42+0x190], gdesc[UR62]","496"
"0xfff934213620","      UIADD3.64 UR60, UPT, UPT, UR50, 0x80, URZ","496"
"0xfff934213630","      ISETP.NE.AND P2, PT, R44, 0x1, PT","496"
"0xfff934213640","      UMOV UR4, 0x0","496"
"0xfff934213650","      UMOV UR5, 0x8100480","496"
"0xfff934213660","      UMOV UR47, 0xc0004010","496"
"0xfff934213670","      UMOV UR55, 0x4008","496"
"0xfff934213680","      UTCOMMA.4X gdesc[UR8], gdesc[UR46], tmem[UR45], tmem[UR4], idesc[UR5], tmem, [UR48], !UPT","496"
"0xfff934213690","      UTCCP.T.S.4x32dp128bit tmem[UR42+0x180], gdesc[UR10]","496"
"0xfff9342136a0","      UTCCP.T.S.4x32dp128bit tmem[UR42+0x190], gdesc[UR54]","496"
"0xfff9342136b0","      UMOV UR57, 0x4008","496"
"0xfff9342136c0","      UTCOMMA.4X gdesc[UR12], gdesc[UR50], tmem[UR45], tmem[UR4], idesc[UR5], tmem, [UR48], UPT","496"
"0xfff9342136d0","      UMOV UR59, URZ","496"
"0xfff9342136e0","      UTCCP.T.S.4x32dp128bit tmem[UR42+0x180], gdesc[UR16]","496"
"0xfff9342136f0","      UTCCP.T.S.4x32dp128bit tmem[UR42+0x190], gdesc[UR56]","496"
"0xfff934213700","      IMAD R46, R43, 0x8, R46","496"
"0xfff934213710","      UMOV UR58, UR58","496"
"0xfff934213720","      UTCOMMA.4X gdesc[UR18], gdesc[UR60], tmem[UR45], tmem[UR4], idesc[UR5], tmem, [UR48], UPT","496"
"0xfff934213730","      UMOV UR20, UR20","496"
"0xfff934213740","      UTCBAR [UR58], URZ","496"
"0xfff934213750","@!UP2 UMOV UR52, UR52","496"
"0xfff934213760","      UTCBAR [UR20], URZ","496"
"0xfff934213770","      SYNCS.ARRIVE.TRANS64.A1T0 RZ, [R46+URZ], RZ","496"
"0xfff934213780","@!UP2 UTCBAR [UR52], URZ","496"
"0xfff934213790","      LOP3.LUT R44, R44, 0x1, RZ, 0x3c, !PT","496"
"0xfff9342137a0","      IMAD.MOV.U32 R46, RZ, RZ, 0x1","496"
"0xfff9342137b0","      SHF.L.U32 R47, R46, R43, RZ","496"
"0xfff9342137c0","      SEL R46, RZ, 0x1, P2","496"
"0xfff9342137d0","      LOP3.LUT R34, R34, R47, RZ, 0x3c, !PT","496"
"0xfff9342137e0","      LOP3.LUT R35, R35, R46, RZ, 0x3c, !PT","496"
"0xfff9342137f0","      LOP3.LUT R43, R43, 0x1, RZ, 0x3c, !PT","496"
"0xfff934213800","      BRA 0xfff934213b60","496"
"0xfff934213810","      S2UR UR5, SR_CgaCtaId","496"
"0xfff934213820","      UMOV UR4, 0x400","496"
"0xfff934213830","      LOP3.LUT R46, R32, 0x1, RZ, 0xc0, !PT","496"
"0xfff934213840","      IMAD.U32 R21, RZ, RZ, UR4","496"
"0xfff934213850","      SHF.L.U32 R46, R46, 0x1f, RZ","496"
"0xfff934213860","      VIADD R48, R21, 0x758","496"
"0xfff934213870","      IMAD.U32 R45, RZ, RZ, UR5","496"
"0xfff934213880","      LEA R47, R45, R48, 0x18","496"
"0xfff934213890","      SYNCS.PHASECHK.TRANS64.TRYWAIT P2, [R47+URZ], R46","496"
"0xfff9342138a0","@!P2  BRA 0xfff9342184a0","496"
"0xfff9342138b0","      WARPSYNC.ALL","496"
"0xfff9342138c0","      R2UR UR5, R33","496"
"0xfff9342138d0","      VIADD R46, R21, 0x6c8","496"
"0xfff9342138e0","      R2UR UR8, R10","496"
"0xfff9342138f0","      NOP","496"
"0xfff934213900","      R2UR UR9, R11","496"
"0xfff934213910","      UMOV UR12, 0x0","496"
"0xfff934213920","      LEA R46, R45, R46, 0x18","496"
"0xfff934213930","      UMOV UR13, 0x8a00480","496"
"0xfff934213940","      R2UR UR14, R41","496"
"0xfff934213950","      UMOV UR11, 0x80004020","496"
"0xfff934213960","      R2UR UR48, R39","496"
"0xfff934213970","      IMAD R46, R33, 0x8, R46","496"
"0xfff934213980","      R2UR UR49, R40","496"
"0xfff934213990","      ULEA UR5, UP0, UR5, UR30, 0xd","496"
"0xfff9342139a0","      R2UR UR20, R8","496"
"0xfff9342139b0","      UMOV UR18, 0x0","496"
"0xfff9342139c0","      R2UR UR4, R46","496"
"0xfff9342139d0","      UIADD3.X UR10, UPT, UPT, URZ, UR33, URZ, UP0, !UPT","496"
"0xfff9342139e0","      R2UR UR21, R9","496"
"0xfff9342139f0","      VIADD R46, R21, 0x728","496"
"0xfff934213a00","      R2UR UR46, R6","496"
"0xfff934213a10","      USHF.R.U64 UR5, UR5, 0x4, UR10","496"
"0xfff934213a20","      R2UR UR47, R7","496"
"0xfff934213a30","      UMOV UR19, 0x48a004a0","496"
"0xfff934213a40","      NOP","496"
"0xfff934213a50","      ULOP3.LUT UR10, UR5, 0x3fff, URZ, 0xc0, !UPT","496"
"0xfff934213a60","      LEA R46, R45, R46, 0x18","496"
"0xfff934213a70","      UMOV UR5, URZ","496"
"0xfff934213a80","      UIADD3 UR16, UP0, UPT, UR10, 0x10002, URZ","496"
"0xfff934213a90","      LOP3.LUT R32, R32, 0x1, RZ, 0x3c, !PT","496"
"0xfff934213aa0","      ULOP3.LUT UR10, UR10, 0x10000, URZ, 0xfc, !UPT","496"
"0xfff934213ab0","      LOP3.LUT R33, R33, 0x1, RZ, 0x3c, !PT","496"
"0xfff934213ac0","      UIADD3.X UR17, UPT, UPT, UR5, -0x7fffbfe0, URZ, UP0, !UPT","496"
"0xfff934213ad0","      UMOV UR46, UR46","496"
"0xfff934213ae0","      UMOV UR5, URZ","496"
"0xfff934213af0","      UMOV UR4, UR4","496"
"0xfff934213b00","      UTCOMMA gdesc[UR8], gdesc[UR10], tmem[UR14], tmem[UR12], idesc[UR13], tmem, [UR48], !UPT","496"
"0xfff934213b10","      UTCOMMA gdesc[UR20], gdesc[UR16], tmem[UR14], tmem[UR18], idesc[UR19], tmem, [UR48], UPT","496"
"0xfff934213b20","      UTCBAR [UR4], URZ","496"
"0xfff934213b30","      UTCBAR [UR46], URZ","496"
"0xfff934213b40","      SYNCS.ARRIVE.TRANS64.A1T0 RZ, [R46+URZ], RZ","496"
"0xfff934213b50","      NOP","496"
"0xfff934213b60","      ISETP.GE.AND P2, PT, R20, 0x3, PT","992"
"0xfff934213b70","      VIADD R46, R20, 0xffffffff","992"
"0xfff934213b80","@!P2  BRA 0xfff9342148e0","992"
"0xfff934213b90","      VIADD R48, R20, 0xfffffffe","960"
"0xfff934213ba0","      IMAD.MOV.U32 R47, RZ, RZ, 0x1","960"
"0xfff934213bb0","      YIELD","14880"
"0xfff934213bc0","      LOP3.LUT R59, R47, 0x1, RZ, 0xc0, !PT","14880"
"0xfff934213bd0","@P1   BRA 0xfff934213c70","14880"
"0xfff934213be0","      S2R R50, SR_CgaCtaId","7440"
"0xfff934213bf0","      MOV R21, 0x400","7440"
"0xfff934213c00","      VIADD R45, R21, 0x678","7440"
"0xfff934213c10","      SHF.L.U32 R21, R54, 0x1f, RZ","7440"
"0xfff934213c20","      LEA R50, R50, R45, 0x18","7440"
"0xfff934213c30","      SYNCS.PHASECHK.TRANS64.TRYWAIT P2, [R50+URZ], R21","7440"
"0xfff934213c40","@!P2  BRA 0xfff9342184e0","7440"
"0xfff934213c50","      LOP3.LUT R54, R54, 0x1, RZ, 0x3c, !PT","7440"
"0xfff934213c60","      BRA 0xfff934214480","7440"
"0xfff934213c70","@P0   BRA 0xfff934214480","7440"
"0xfff934213c80","      S2UR UR5, SR_CgaCtaId","7440"
"0xfff934213c90","      UMOV UR4, 0x400","7440"
"0xfff934213ca0","      IMAD.MOV.U32 R51, RZ, RZ, 0x1800","7440"
"0xfff934213cb0","      SHF.L.U32 R61, R35, 0x1f, RZ","7440"
"0xfff934213cc0","      IMAD.U32 R21, RZ, RZ, UR4","7440"
"0xfff934213cd0","      IMAD.MOV.U32 R63, RZ, RZ, 0x600","7440"
"0xfff934213ce0","      VIADD R50, R21, 0x618","7440"
"0xfff934213cf0","      VIADD R58, R21, 0x628","7440"
"0xfff934213d00","      IMAD.U32 R45, RZ, RZ, UR5","7440"
"0xfff934213d10","      LEA R49, R45, R50, 0x18","7440"
"0xfff934213d20","      LEA R58, R45, R58, 0x18","7440"
"0xfff934213d30","      IMAD R50, R44, 0x8, R49","7440"
"0xfff934213d40","      SHF.R.U32.HI R49, RZ, R43, R34","7440"
"0xfff934213d50","      IMAD R58, R43, 0x8, R58","7440"
"0xfff934213d60","      SYNCS.ARRIVE.TRANS64 RZ, [R50+URZ], R51","7440"
"0xfff934213d70","      LOP3.LUT R49, R49, 0x1, RZ, 0xc0, !PT","7440"
"0xfff934213d80","      SHF.L.U32 R51, R49, 0x1f, RZ","7440"
"0xfff934213d90","      SYNCS.PHASECHK.TRANS64.TRYWAIT P2, [R50+URZ], R61","7440"
"0xfff934213da0","@!P2  BRA 0xfff934218520","7440"
"0xfff934213db0","      SYNCS.ARRIVE.TRANS64 RZ, [R58+URZ], R63","7440"
"0xfff934213dc0","      LOP3.LUT R61, R59, 0x1, RZ, 0x3c, !PT","7440"
"0xfff934213dd0","      IMAD.SHL.U32 R50, R59, 0x8, RZ","7440"
"0xfff934213de0","      VIADD R60, R21, 0x6e8","7440"
"0xfff934213df0","      SHF.R.U32.HI R49, RZ, R61, R36","7440"
"0xfff934213e00","      LOP3.LUT R50, R50, 0x8, RZ, 0x3c, !PT","7440"
"0xfff934213e10","      LOP3.LUT R49, R49, 0x1, RZ, 0xc0, !PT","7440"
"0xfff934213e20","      LEA R63, R45, R60, 0x18","7440"
"0xfff934213e30","      SHF.L.U32 R49, R49, 0x1f, RZ","7440"
"0xfff934213e40","      SYNCS.PHASECHK.TRANS64.TRYWAIT P2, [R58+URZ], R51","7440"
"0xfff934213e50","      IMAD.IADD R60, R63, 0x1, R50","7440"
"0xfff934213e60","@!P2  BRA 0xfff934218560","7440"
"0xfff934213e70","      SYNCS.PHASECHK.TRANS64.TRYWAIT P2, [R60+URZ], R49","7440"
"0xfff934213e80","      ISETP.NE.AND P3, PT, R47, R48, PT","7440"
"0xfff934213e90","      VIADD R58, R21, 0x658","7440"
"0xfff934213ea0","@!P2  BRA 0xfff9342185a0","7440"
"0xfff934213eb0","      R2UR UR12, R44","7440"
"0xfff934213ec0","      IMAD.SHL.U32 R49, R59, 0x80, RZ","7440"
"0xfff934213ed0","      R2UR UR14, R43","7440"
"0xfff934213ee0","      UMOV UR10, UR26","7440"
"0xfff934213ef0","      UMOV UR11, UR29","7440"
"0xfff934213f00","      LEA R51, R45, R58, 0x18","7440"
"0xfff934213f10","      UMOV UR4, URZ","7440"
"0xfff934213f20","      LOP3.LUT R49, R49, 0x80, RZ, 0x3c, !PT","7440"
"0xfff934213f30","      UMOV UR5, URZ","7440"
"0xfff934213f40","      R2UR UR64, R12","7440"
"0xfff934213f50","      IMAD.IADD R51, R51, 0x1, R50","7440"
"0xfff934213f60","      R2UR UR65, R13","7440"
"0xfff934213f70","      VIADD R49, R49, UR42","7440"
"0xfff934213f80","      UIMAD.WIDE.U32 UR12, UR12, 0x1800, UR10","7440"
"0xfff934213f90","      VIADD R50, R21, 0x638","7440"
"0xfff934213fa0","      UIMAD.WIDE.U32 UR10, UR14, 0x800, UR36","7440"
"0xfff934213fb0","      R2UR UR48, R56","7440"
"0xfff934213fc0","      UIADD3 UR50, UPT, UPT, UR13, UR4, URZ","7440"
"0xfff934213fd0","      R2UR UR14, R49","7440"
"0xfff934213fe0","      UIADD3 UR54, UP0, UPT, UR10, 0x200, URZ","7440"
"0xfff934213ff0","      LEA R49, R45, R50, 0x18","7440"
"0xfff934214000","      UIADD3 UR56, UP1, UPT, UR10, 0x400, URZ","7440"
"0xfff934214010","      R2UR UR49, R57","7440"
"0xfff934214020","      USHF.R.U64 UR50, UR12, 0x4, UR50","7440"
"0xfff934214030","      R2UR UR12, R16","7440"
"0xfff934214040","      UIADD3.X UR18, UPT, UPT, URZ, UR11, URZ, UP0, !UPT","7440"
"0xfff934214050","      IMAD R49, R44, 0x8, R49","7440"
"0xfff934214060","      USHF.R.U64 UR62, UR10, 0x4, UR11","7440"
"0xfff934214070","      R2UR UR10, R22","7440"
"0xfff934214080","      UIADD3.X UR20, UPT, UPT, URZ, UR11, URZ, UP1, !UPT","7440"
"0xfff934214090","      R2UR UR11, R23","7440"
"0xfff9342140a0","      ULOP3.LUT UR50, UR50, 0x3fff, URZ, 0xc0, !UPT","7440"
"0xfff9342140b0","      R2UR UR13, R17","7440"
"0xfff9342140c0","      USHF.R.U64 UR54, UR54, 0x4, UR18","7440"
"0xfff9342140d0","      R2UR UR16, R24","7440"
"0xfff9342140e0","      ULOP3.LUT UR62, UR62, 0x3fff, URZ, 0xc0, !UPT","7440"
"0xfff9342140f0","      R2UR UR17, R25","7440"
"0xfff934214100","      USHF.R.U64 UR56, UR56, 0x4, UR20","7440"
"0xfff934214110","      R2UR UR18, R18","7440"
"0xfff934214120","      ULOP3.LUT UR46, UR50, 0x10000, URZ, 0xfc, !UPT","7440"
"0xfff934214130","      R2UR UR19, R19","7440"
"0xfff934214140","      ULOP3.LUT UR54, UR54, 0x3fff, URZ, 0xc0, !UPT","7440"
"0xfff934214150","      R2UR UR58, R49","7440"
"0xfff934214160","      UIADD3 UR50, UP0, UPT, UR50, 0x10080, URZ","7440"
"0xfff934214170","      R2UR UR4, R51","7440"
"0xfff934214180","      ULOP3.LUT UR62, UR62, 0x80000, URZ, 0xfc, !UPT","7440"
"0xfff934214190","      R2UR UR20, R14","7440"
"0xfff9342141a0","      ULOP3.LUT UR56, UR56, 0x3fff, URZ, 0xc0, !UPT","7440"
"0xfff9342141b0","      R2UR UR21, R15","7440"
"0xfff9342141c0","      UIADD3.X UR51, UPT, UPT, UR5, -0x3fffbff0, URZ, UP0, !UPT","7440"
"0xfff9342141d0","      VIADD R50, R21, 0x648","7440"
"0xfff9342141e0","      ULOP3.LUT UR54, UR54, 0x80000, URZ, 0xfc, !UPT","7440"
"0xfff9342141f0","      R2UR UR52, R4","7440"
"0xfff934214200","      ULOP3.LUT UR56, UR56, 0x80000, URZ, 0xfc, !UPT","7440"
"0xfff934214210","      R2UR UR53, R5","7440"
"0xfff934214220","      UMOV UR63, 0x4008","7440"
"0xfff934214230","      UIADD3.64 UR60, UPT, UPT, UR50, 0x80, URZ","7440"
"0xfff934214240","      UTCCP.T.S.4x32dp128bit tmem[UR42+0x180], gdesc[UR64]","7440"
"0xfff934214250","      UMOV UR8, 0x0","7440"
"0xfff934214260","      UMOV UR9, 0x8100480","7440"
"0xfff934214270","      UMOV UR47, 0xc0004010","7440"
"0xfff934214280","      UTCCP.T.S.4x32dp128bit tmem[UR42+0x190], gdesc[UR62]","7440"
"0xfff934214290","      LEA R50, R45, R50, 0x18","7440"
"0xfff9342142a0","      UTCOMMA.4X gdesc[UR10], gdesc[UR46], tmem[UR14], tmem[UR8], idesc[UR9], tmem, [UR48], !UPT","7440"
"0xfff9342142b0","      UMOV UR55, 0x4008","7440"
"0xfff9342142c0","      UTCCP.T.S.4x32dp128bit tmem[UR42+0x180], gdesc[UR12]","7440"
"0xfff9342142d0","      UTCCP.T.S.4x32dp128bit tmem[UR42+0x190], gdesc[UR54]","7440"
"0xfff9342142e0","      VOTEU.ALL UP2, P3","7440"
"0xfff9342142f0","      UMOV UR57, 0x4008","7440"
"0xfff934214300","      UTCOMMA.4X gdesc[UR16], gdesc[UR50], tmem[UR14], tmem[UR8], idesc[UR9], tmem, [UR48], UPT","7440"
"0xfff934214310","      UMOV UR59, URZ","7440"
"0xfff934214320","      UTCCP.T.S.4x32dp128bit tmem[UR42+0x180], gdesc[UR18]","7440"
"0xfff934214330","      UTCCP.T.S.4x32dp128bit tmem[UR42+0x190], gdesc[UR56]","7440"
"0xfff934214340","      IMAD R49, R43, 0x8, R50","7440"
"0xfff934214350","      UMOV UR58, UR58","7440"
"0xfff934214360","      UTCOMMA.4X gdesc[UR20], gdesc[UR60], tmem[UR14], tmem[UR8], idesc[UR9], tmem, [UR48], UPT","7440"
"0xfff934214370","      UMOV UR4, UR4","7440"
"0xfff934214380","      UTCBAR [UR58], URZ","7440"
"0xfff934214390","@!UP2 UMOV UR52, UR52","7440"
"0xfff9342143a0","      UTCBAR [UR4], URZ","7440"
"0xfff9342143b0","      SYNCS.ARRIVE.TRANS64.A1T0 RZ, [R49+URZ], RZ","7440"
"0xfff9342143c0","@!UP2 UTCBAR [UR52], URZ","7440"
"0xfff9342143d0","      IMAD.MOV.U32 R50, RZ, RZ, 0x1","7440"
"0xfff9342143e0","      ISETP.NE.AND P2, PT, R44, 0x1, PT","7440"
"0xfff9342143f0","      LOP3.LUT R44, R44, 0x1, RZ, 0x3c, !PT","7440"
"0xfff934214400","      SHF.L.U32 R51, R50, R61, RZ","7440"
"0xfff934214410","      SHF.L.U32 R49, R50, R43, RZ","7440"
"0xfff934214420","      SEL R50, RZ, 0x1, P2","7440"
"0xfff934214430","      LOP3.LUT R34, R34, R49, RZ, 0x3c, !PT","7440"
"0xfff934214440","      LOP3.LUT R36, R51, R36, RZ, 0x3c, !PT","7440"
"0xfff934214450","      LOP3.LUT R35, R35, R50, RZ, 0x3c, !PT","7440"
"0xfff934214460","      LOP3.LUT R43, R43, 0x1, RZ, 0x3c, !PT","7440"
"0xfff934214470","      BRA 0xfff9342148b0","7440"
"0xfff934214480","      S2UR UR5, SR_CgaCtaId","7440"
"0xfff934214490","      UMOV UR4, 0x400","7440"
"0xfff9342144a0","      SHF.R.U32.HI R49, RZ, R59, R32","7440"
"0xfff9342144b0","      IMAD.U32 R21, RZ, RZ, UR4","7440"
"0xfff9342144c0","      LOP3.LUT R49, R49, 0x1, RZ, 0xc0, !PT","7440"
"0xfff9342144d0","      VIADD R50, R21, 0x758","7440"
"0xfff9342144e0","      SHF.L.U32 R49, R49, 0x1f, RZ","7440"
"0xfff9342144f0","      IMAD.U32 R45, RZ, RZ, UR5","7440"
"0xfff934214500","      LEA R50, R45, R50, 0x18","7440"
"0xfff934214510","      IMAD R50, R59, 0x8, R50","7440"
"0xfff934214520","      SYNCS.PHASECHK.TRANS64.TRYWAIT P2, [R50+URZ], R49","7440"
"0xfff934214530","@!P2  BRA 0xfff9342185e0","7440"
"0xfff934214540","      WARPSYNC.ALL","7440"
"0xfff934214550","      R2UR UR11, R33","7440"
"0xfff934214560","      VIADD R50, R21, 0x6c8","7440"
"0xfff934214570","      R2UR UR8, R59","7440"
"0xfff934214580","      UMOV UR12, 0xfffefffe","7440"
"0xfff934214590","      ISETP.NE.AND P2, PT, R59, RZ, PT","7440"
"0xfff9342145a0","      UMOV UR13, 0x7fffbfdf","7440"
"0xfff9342145b0","      LEA R50, R45, R50, 0x18","7440"
"0xfff9342145c0","      UMOV UR5, URZ","7440"
"0xfff9342145d0","      SEL R49, R39, R38, !P2","7440"
"0xfff9342145e0","      NOP","7440"
"0xfff9342145f0","      R2UR UR45, R41","7440"
"0xfff934214600","      IMAD R50, R33, 0x8, R50","7440"
"0xfff934214610","      R2UR UR10, R49","7440"
"0xfff934214620","      ULEA UR11, UP1, UR11, UR30, 0xd","7440"
"0xfff934214630","      SEL R49, R40, R37, !P2","7440"
"0xfff934214640","      ULEA UR8, UP0, UR8, UR34, 0xd","7440"
"0xfff934214650","      R2UR UR4, R50","7440"
"0xfff934214660","      UIADD3.X UR14, UPT, UPT, URZ, UR33, URZ, UP1, !UPT","7440"
"0xfff934214670","      R2UR UR48, R6","7440"
"0xfff934214680","      UIADD3.X UR9, UPT, UPT, URZ, UR43, URZ, UP0, !UPT","7440"
"0xfff934214690","      R2UR UR49, R7","7440"
"0xfff9342146a0","      USHF.R.U64 UR14, UR11, 0x4, UR14","7440"
"0xfff9342146b0","      R2UR UR11, R49","7440"
"0xfff9342146c0","      USHF.R.U64 UR8, UR8, 0x4, UR9","7440"
"0xfff9342146d0","      VIADD R50, R21, 0x728","7440"
"0xfff9342146e0","      ULOP3.LUT UR14, UR14, 0x3fff, URZ, 0xc0, !UPT","7440"
"0xfff9342146f0","      NOP","7440"
"0xfff934214700","      ULOP3.LUT UR8, UR8, 0x3fff, URZ, 0xc0, !UPT","7440"
"0xfff934214710","      LOP3.LUT R33, R33, 0x1, RZ, 0x3c, !PT","7440"
"0xfff934214720","      UIADD3 UR20, UP0, UPT, UR14, 0x10002, URZ","7440"
"0xfff934214730","      LEA R50, R45, R50, 0x18","7440"
"0xfff934214740","      UMOV UR9, URZ","7440"
"0xfff934214750","      ULOP3.LUT UR16, UR8, 0x10000, URZ, 0xfc, !UPT","7440"
"0xfff934214760","      ULOP3.LUT UR18, UR14, 0x10000, URZ, 0xfc, !UPT","7440"
"0xfff934214770","      IMAD R49, R59, 0x8, R50","7440"
"0xfff934214780","      UIADD3.64 UR12, UPT, UPT, UR8, -UR12, URZ","7440"
"0xfff934214790","      IMAD.MOV.U32 R50, RZ, RZ, 0x1","7440"
"0xfff9342147a0","      UIADD3.X UR21, UPT, UPT, UR5, -0x7fffbfe0, URZ, UP0, !UPT","7440"
"0xfff9342147b0","      UMOV UR8, 0x0","7440"
"0xfff9342147c0","      UMOV UR9, 0x8a00480","7440"
"0xfff9342147d0","      UMOV UR17, 0x80004020","7440"
"0xfff9342147e0","      UMOV UR19, 0x80004020","7440"
"0xfff9342147f0","      UMOV UR5, URZ","7440"
"0xfff934214800","      UMOV UR46, 0x0","7440"
"0xfff934214810","      UMOV UR47, 0x48a004a0","7440"
"0xfff934214820","      UTCOMMA gdesc[UR16], gdesc[UR18], tmem[UR45], tmem[UR8], idesc[UR9], tmem, [UR10], UPT","7440"
"0xfff934214830","      UMOV UR4, UR4","7440"
"0xfff934214840","      UTCOMMA gdesc[UR12], gdesc[UR20], tmem[UR45], tmem[UR46], idesc[UR47], tmem, [UR10], UPT","7440"
"0xfff934214850","      UMOV UR48, UR48","7440"
"0xfff934214860","      UTCBAR [UR4], URZ","7440"
"0xfff934214870","      UTCBAR [UR48], URZ","7440"
"0xfff934214880","      SYNCS.ARRIVE.TRANS64.A1T0 RZ, [R49+URZ], RZ","7440"
"0xfff934214890","      SHF.L.U32 R49, R50, R59, RZ","7440"
"0xfff9342148a0","      LOP3.LUT R32, R49, R32, RZ, 0x3c, !PT","7440"
"0xfff9342148b0","      VIADD R47, R47, 0x1","14880"
"0xfff9342148c0","      ISETP.NE.AND P2, PT, R47, R46, PT","14880"
"0xfff9342148d0","@P2   BRA 0xfff934213bb0","14880"
"0xfff9342148e0","@P1   BRA 0xfff934214960","992"
"0xfff9342148f0","      VIADD R48, R21, 0x678","496"
"0xfff934214900","      SHF.L.U32 R47, R54, 0x1f, RZ","496"
"0xfff934214910","      LEA R48, R45, R48, 0x18","496"
"0xfff934214920","      SYNCS.PHASECHK.TRANS64.TRYWAIT P1, [R48+URZ], R47","496"
"0xfff934214930","@!P1  BRA 0xfff934218620","496"
"0xfff934214940","      LOP3.LUT R54, R54, 0x1, RZ, 0x3c, !PT","496"
"0xfff934214950","      BRA 0xfff934214980","496"
"0xfff934214960","      ISETP.NE.AND P1, PT, R30, RZ, PT","496"
"0xfff934214970","@!P1  BRA 0xfff934214df0","496"
"0xfff934214980","      LEA.HI R47, R46, R46, RZ, 0x1","496"
"0xfff934214990","      VIADD R48, R21, 0x758","496"
"0xfff9342149a0","      LOP3.LUT R47, R47, 0xfffffffe, RZ, 0xc0, !PT","496"
"0xfff9342149b0","      LEA R48, R45, R48, 0x18","496"
"0xfff9342149c0","      IMAD.IADD R49, R46, 0x1, -R47","496"
"0xfff9342149d0","      IMAD R48, R49, 0x8, R48","496"
"0xfff9342149e0","      SHF.R.U32.HI R47, RZ, R49, R32","496"
"0xfff9342149f0","      LOP3.LUT R47, R47, 0x1, RZ, 0xc0, !PT","496"
"0xfff934214a00","      SHF.L.U32 R47, R47, 0x1f, RZ","496"
"0xfff934214a10","      SYNCS.PHASECHK.TRANS64.TRYWAIT P1, [R48+URZ], R47","496"
"0xfff934214a20","@!P1  BRA 0xfff934218660","496"
"0xfff934214a30","      WARPSYNC.ALL","496"
"0xfff934214a40","      R2UR UR8, R49","496"
"0xfff934214a50","      VIADD R48, R21, 0x6c8","496"
"0xfff934214a60","      R2UR UR10, R33","496"
"0xfff934214a70","      UMOV UR12, 0xfffefffe","496"
"0xfff934214a80","      LOP3.LUT R46, R46, 0x1, RZ, 0xc0, !PT","496"
"0xfff934214a90","      UMOV UR13, 0x7fffbfdf","496"
"0xfff934214aa0","      LEA R48, R45, R48, 0x18","496"
"0xfff934214ab0","      UMOV UR5, URZ","496"
"0xfff934214ac0","      ISETP.NE.U32.AND P1, PT, R46, 0x1, PT","496"
"0xfff934214ad0","      VIADD R46, R21, 0x728","496"
"0xfff934214ae0","      R2UR UR14, R41","496"
"0xfff934214af0","      IMAD R48, R33, 0x8, R48","496"
"0xfff934214b00","      SEL R21, R38, R39, !P1","496"
"0xfff934214b10","      ULEA UR8, UP0, UR8, UR34, 0xd","496"
"0xfff934214b20","      LEA R46, R45, R46, 0x18","496"
"0xfff934214b30","      ULEA UR10, UP1, UR10, UR30, 0xd","496"
"0xfff934214b40","      SEL R45, R37, R40, !P1","496"
"0xfff934214b50","      UIADD3.X UR9, UPT, UPT, URZ, UR43, URZ, UP0, !UPT","496"
"0xfff934214b60","      R2UR UR4, R48","496"
"0xfff934214b70","      UIADD3.X UR11, UPT, UPT, URZ, UR33, URZ, UP1, !UPT","496"
"0xfff934214b80","      R2UR UR20, R6","496"
"0xfff934214b90","      USHF.R.U64 UR8, UR8, 0x4, UR9","496"
"0xfff934214ba0","      R2UR UR21, R7","496"
"0xfff934214bb0","      USHF.R.U64 UR9, UR10, 0x4, UR11","496"
"0xfff934214bc0","      R2UR UR10, R21","496"
"0xfff934214bd0","      ULOP3.LUT UR8, UR8, 0x3fff, URZ, 0xc0, !UPT","496"
"0xfff934214be0","      R2UR UR11, R45","496"
"0xfff934214bf0","      ULOP3.LUT UR9, UR9, 0x3fff, URZ, 0xc0, !UPT","496"
"0xfff934214c00","      NOP","496"
"0xfff934214c10","      ULOP3.LUT UR16, UR8, 0x10000, URZ, 0xfc, !UPT","496"
"0xfff934214c20","      NOP","496"
"0xfff934214c30","      ULOP3.LUT UR18, UR9, 0x10000, URZ, 0xfc, !UPT","496"
"0xfff934214c40","      IMAD R21, R49, 0x8, R46","496"
"0xfff934214c50","      UIADD3 UR46, UP0, UPT, UR9, 0x10002, URZ","496"
"0xfff934214c60","      IMAD.MOV.U32 R46, RZ, RZ, 0x1","496"
"0xfff934214c70","      UMOV UR48, 0x0","496"
"0xfff934214c80","      UMOV UR9, URZ","496"
"0xfff934214c90","      UIADD3.X UR47, UPT, UPT, UR5, -0x7fffbfe0, URZ, UP0, !UPT","496"
"0xfff934214ca0","      LOP3.LUT R33, R33, 0x1, RZ, 0x3c, !PT","496"
"0xfff934214cb0","      UIADD3.64 UR12, UPT, UPT, UR8, -UR12, URZ","496"
"0xfff934214cc0","      R2UR UR8, R26","496"
"0xfff934214cd0","      UMOV UR49, 0x8a00480","496"
"0xfff934214ce0","      R2UR UR9, R27","496"
"0xfff934214cf0","      UMOV UR17, 0x80004020","496"
"0xfff934214d00","      UMOV UR19, 0x80004020","496"
"0xfff934214d10","      UMOV UR5, URZ","496"
"0xfff934214d20","      UMOV UR50, 0x0","496"
"0xfff934214d30","      UMOV UR51, 0x48a004a0","496"
"0xfff934214d40","      UTCOMMA gdesc[UR16], gdesc[UR18], tmem[UR14], tmem[UR48], idesc[UR49], tmem, [UR10], UPT","496"
"0xfff934214d50","      UMOV UR4, UR4","496"
"0xfff934214d60","      UTCOMMA gdesc[UR12], gdesc[UR46], tmem[UR14], tmem[UR50], idesc[UR51], tmem, [UR10], UPT","496"
"0xfff934214d70","      UMOV UR20, UR20","496"
"0xfff934214d80","      UTCBAR [UR4], URZ","496"
"0xfff934214d90","      UTCBAR [UR20], URZ","496"
"0xfff934214da0","      SYNCS.ARRIVE.TRANS64.A1T0 RZ, [R21+URZ], RZ","496"
"0xfff934214db0","      UMOV UR8, UR8","496"
"0xfff934214dc0","      UTCBAR [UR8], URZ","496"
"0xfff934214dd0","      SHF.L.U32 R21, R46, R49, RZ","496"
"0xfff934214de0","      LOP3.LUT R32, R32, R21, RZ, 0x3c, !PT","496"
"0xfff934214df0","      VIMNMX R49, PT, PT, R20, 0x2, !PT","1024"
"0xfff934214e00","      VIADD R21, R49, 0xfffffffe","1024"
"0xfff934214e10","      ISETP.GE.AND P1, PT, R21, R20, PT","1024"
"0xfff934214e20","@P1   BRA 0xfff934215390","1024"
"0xfff934214e30","      IADD3 R21, PT, PT, R20, 0x1, -R49","1024"
"0xfff934214e40","      ISETP.NE.AND P2, PT, R20, 0x1, PT","1024"
"0xfff934214e50","      ISETP.GE.U32.AND P1, PT, R21, 0x3, PT","1024"
"0xfff934214e60","      ISETP.NE.OR P3, PT, R30, RZ, !P2","1024"
"0xfff934214e70","      SEL R47, R49, 0x1, P2","1024"
"0xfff934214e80","@P0   BRA 0xfff934214f90","1024"
"0xfff934214e90","      S2R R59, SR_CgaCtaId","512"
"0xfff934214ea0","      MOV R21, 0x400","512"
"0xfff934214eb0","      IMAD.SHL.U32 R45, R49, 0x8, RZ","512"
"0xfff934214ec0","      LOP3.LUT R51, R49, 0x1, RZ, 0xc0, !PT","512"
"0xfff934214ed0","      VIADD R46, R21, 0x6e8","512"
"0xfff934214ee0","      SHF.R.U32.HI R21, RZ, R51, R36","512"
"0xfff934214ef0","      LOP3.LUT R45, R45, 0x8, RZ, 0xc0, !PT","512"
"0xfff934214f00","      LOP3.LUT R21, R21, 0x1, RZ, 0xc0, !PT","512"
"0xfff934214f10","      SHF.L.U32 R21, R21, 0x1f, RZ","512"
"0xfff934214f20","      LEA R46, R59, R46, 0x18","512"
"0xfff934214f30","      IMAD.IADD R46, R46, 0x1, R45","512"
"0xfff934214f40","      SYNCS.PHASECHK.TRANS64.TRYWAIT P2, [R46+URZ], R21","512"
"0xfff934214f50","@!P2  BRA 0xfff9342186a0","512"
"0xfff934214f60","      IMAD.MOV.U32 R46, RZ, RZ, 0x1","512"
"0xfff934214f70","      SHF.L.U32 R21, R46, R51, RZ","512"
"0xfff934214f80","      LOP3.LUT R36, R21, R36, RZ, 0x3c, !PT","512"
"0xfff934214f90","@P3   BRA 0xfff9342150b0","1024"
"0xfff934214fa0","      S2R R51, SR_CgaCtaId","496"
"0xfff934214fb0","      MOV R21, 0x400","496"
"0xfff934214fc0","      IMAD.SHL.U32 R45, R49, 0x8, RZ","496"
"0xfff934214fd0","      LOP3.LUT R47, R49, 0x1, RZ, 0xc, !PT","496"
"0xfff934214fe0","      VIADD R46, R21, 0x6e8","496"
"0xfff934214ff0","      SHF.R.U32.HI R21, RZ, R47, R36","496"
"0xfff934215000","      LOP3.LUT R45, R45, 0x8, RZ, 0xc, !PT","496"
"0xfff934215010","      LOP3.LUT R21, R21, 0x1, RZ, 0xc0, !PT","496"
"0xfff934215020","      SHF.L.U32 R21, R21, 0x1f, RZ","496"
"0xfff934215030","      LEA R46, R51, R46, 0x18","496"
"0xfff934215040","      IMAD.IADD R46, R46, 0x1, R45","496"
"0xfff934215050","      SYNCS.PHASECHK.TRANS64.TRYWAIT P2, [R46+URZ], R21","496"
"0xfff934215060","@!P2  BRA 0xfff9342186e0","496"
"0xfff934215070","      IMAD.MOV.U32 R46, RZ, RZ, 0x1","496"
"0xfff934215080","      SHF.L.U32 R21, R46, R47, RZ","496"
"0xfff934215090","      IMAD.MOV.U32 R47, RZ, RZ, R49","496"
"0xfff9342150a0","      LOP3.LUT R36, R21, R36, RZ, 0x3c, !PT","496"
"0xfff9342150b0","@!P1  BRA 0xfff934215390","1024"
"0xfff9342150c0","      S2R R46, SR_CgaCtaId","0"
"0xfff9342150d0","      MOV R45, 0x400","0"
"0xfff9342150e0","      IMAD.SHL.U32 R21, R47, 0x8, RZ","0"
"0xfff9342150f0","      LOP3.LUT R49, R47, 0x1, RZ, 0xc0, !PT","0"
"0xfff934215100","      IMAD.MOV.U32 R50, RZ, RZ, 0x1","0"
"0xfff934215110","      VIADD R45, R45, 0x6e8","0"
"0xfff934215120","      LOP3.LUT R21, R21, 0x8, RZ, 0xc0, !PT","0"
"0xfff934215130","      LOP3.LUT R51, R49, 0x1, RZ, 0x3c, !PT","0"
"0xfff934215140","      SHF.L.U32 R59, R50, R49, RZ","0"
"0xfff934215150","      SHF.L.U32 R61, R50, R51, RZ","0"
"0xfff934215160","      LEA R48, R46, R45, 0x18","0"
"0xfff934215170","      LOP3.LUT R45, R21, 0x8, RZ, 0x3c, !PT","0"
"0xfff934215180","      IMAD.IADD R46, R48, 0x1, R21","0"
"0xfff934215190","      IMAD.IADD R48, R48, 0x1, R45","0"
"0xfff9342151a0","      YIELD","0"
"0xfff9342151b0","@P0   BRA 0xfff934215280","0"
"0xfff9342151c0","      SHF.R.U32.HI R21, RZ, R49, R36","0"
"0xfff9342151d0","      LOP3.LUT R36, R59, R36, RZ, 0x3c, !PT","0"
"0xfff9342151e0","      LOP3.LUT R21, R21, 0x1, RZ, 0xc0, !PT","0"
"0xfff9342151f0","      SHF.L.U32 R45, R21, 0x1f, RZ","0"
"0xfff934215200","      SHF.R.U32.HI R21, RZ, R51, R36","0"
"0xfff934215210","      SYNCS.PHASECHK.TRANS64.TRYWAIT P1, [R46+URZ], R45","0"
"0xfff934215220","      LOP3.LUT R21, R21, 0x1, RZ, 0xc0, !PT","0"
"0xfff934215230","      SHF.L.U32 R21, R21, 0x1f, RZ","0"
"0xfff934215240","@!P1  BRA 0xfff934218720","0"
"0xfff934215250","      SYNCS.PHASECHK.TRANS64.TRYWAIT P1, [R48+URZ], R21","0"
"0xfff934215260","@!P1  BRA 0xfff934218760","0"
"0xfff934215270","      LOP3.LUT R36, R61, R36, RZ, 0x3c, !PT","0"
"0xfff934215280","@P0   BRA 0xfff934215360","0"
"0xfff934215290","      SHF.R.U32.HI R21, RZ, R49, R36","0"
"0xfff9342152a0","      LOP3.LUT R21, R21, 0x1, RZ, 0xc0, !PT","0"
"0xfff9342152b0","      SHF.L.U32 R21, R21, 0x1f, RZ","0"
"0xfff9342152c0","      SYNCS.PHASECHK.TRANS64.TRYWAIT P1, [R46+URZ], R21","0"
"0xfff9342152d0","@!P1  BRA 0xfff9342187a0","0"
"0xfff9342152e0","      LOP3.LUT R36, R59, R36, RZ, 0x3c, !PT","0"
"0xfff9342152f0","@P0   BRA 0xfff934215360","0"
"0xfff934215300","      SHF.R.U32.HI R21, RZ, R51, R36","0"
"0xfff934215310","      LOP3.LUT R21, R21, 0x1, RZ, 0xc0, !PT","0"
"0xfff934215320","      SHF.L.U32 R21, R21, 0x1f, RZ","0"
"0xfff934215330","      SYNCS.PHASECHK.TRANS64.TRYWAIT P1, [R48+URZ], R21","0"
"0xfff934215340","@!P1  BRA 0xfff9342187e0","0"
"0xfff934215350","      LOP3.LUT R36, R61, R36, RZ, 0x3c, !PT","0"
"0xfff934215360","      VIADD R47, R47, 0x4","0"
"0xfff934215370","      ISETP.NE.AND P1, PT, R47, R20, PT","0"
"0xfff934215380","@P1   BRA 0xfff9342151a0","0"
"0xfff934215390","      LDCU UR4, c[0x0][0x390]","1024"
"0xfff9342153a0","      IMAD.IADD R0, R31, 0x1, R0","1024"
"0xfff9342153b0","      VIADD R52, R52, 0x1","1024"
"0xfff9342153c0","      LDCU UR5, c[0x0][0x388]","1024"
"0xfff9342153d0","      UIMAD UR4, UR4, UR5, URZ","1024"
"0xfff9342153e0","      UIMAD UR4, UR4, UR40, URZ","1024"
"0xfff9342153f0","      ISETP.GE.AND P0, PT, R0, UR4, PT","1024"
"0xfff934215400","@!P0  BRA 0xfff934211f20","1024"
"0xfff934215410","      BRA 0xfff934217580","1024"
"0xfff934215420","      WARPSYNC.ALL","2048"
"0xfff934215430","      USETMAXREG.DEALLOC.CTAPOOL 0x38","2048"
"0xfff934215440","      S2UR UR45, SR_CTAID.X","2048"
"0xfff934215450","      UISETP.GE.AND UP0, UPT, UR45, UR44, UPT","2048"
"0xfff934215460","      BRA.U UP0, 0xfff934217560","2048"
"0xfff934215470","      R2UR UR14, R3","2048"
"0xfff934215480","      IMAD.SHL.U32 R4, R0, 0x40, RZ","2048"
"0xfff934215490","      LOP3.LUT R40, R3, 0x60, R0, 0xf8, !PT","2048"
"0xfff9342154a0","      IMAD.U32 R3, R0, 0x10000, RZ","2048"
"0xfff9342154b0","      UMOV UR4, UR32","2048"
"0xfff9342154c0","      UMOV UR5, UR41","2048"
"0xfff9342154d0","      LOP3.LUT R4, R4, 0x1fc0, RZ, 0xc0, !PT","2048"
"0xfff9342154e0","      UMOV UR8, UR4","2048"
"0xfff9342154f0","      LOP3.LUT R3, R3, 0x600000, RZ, 0xc0, !PT","2048"
"0xfff934215500","      UISETP.LT.AND UP0, UPT, UR22, 0x1, UPT","2048"
"0xfff934215510","      LOP3.LUT R2, R0, 0x7f, RZ, 0xc0, !PT","2048"
"0xfff934215520","      CS2R R38, SRZ","2048"
"0xfff934215530","      IMAD.MOV.U32 R37, RZ, RZ, RZ","2048"
"0xfff934215540","      LDCU.64 UR48, c[0x0][0x348]","2048"
"0xfff934215550","      VIADD R3, R3, UR42","2048"
"0xfff934215560","      VIADD R36, R4, UR8","2048"
"0xfff934215570","      USEL UR54, UR22, 0x1, !UP0","2048"
"0xfff934215580","      UIADD3 UR14, UPT, UPT, UR14, UR40, URZ","2048"
"0xfff934215590","      IABS R4, UR15","2048"
"0xfff9342155a0","      UMOV UR4, URZ","2048"
"0xfff9342155b0","      IABS R7, UR15","2048"
"0xfff9342155c0","      LDCU UR16, c[0x0][0x390]","2048"
"0xfff9342155d0","      R2UR UR11, R4","2048"
"0xfff9342155e0","      IABS R6, UR45","2048"
"0xfff9342155f0","      R2UR UR9, R6","2048"
"0xfff934215600","      I2F.RP R4, UR11","2048"
"0xfff934215610","      IABS R8, UR16","2048"
"0xfff934215620","      MUFU.RCP R4, R4","2048"
"0xfff934215630","      VIADD R5, R4, 0xffffffe","2048"
"0xfff934215640","      IMAD.MOV R4, RZ, RZ, -R7","2048"
"0xfff934215650","      F2I.FTZ.U32.TRUNC.NTZ R5, R5","2048"
"0xfff934215660","      R2UR UR5, R5","2048"
"0xfff934215670","      UIADD3 UR10, UPT, UPT, URZ, -UR5, URZ","2048"
"0xfff934215680","      UIMAD UR10, UR10, UR11, URZ","2048"
"0xfff934215690","      UIMAD.WIDE.U32 UR4, UR5, UR10, UR4","2048"
"0xfff9342156a0","      R2UR UR10, R4","2048"
"0xfff9342156b0","      UIMAD.WIDE.U32 UR4, UR5, UR9, URZ","2048"
"0xfff9342156c0","      UIMAD UR4, UR5, UR10, UR9","2048"
"0xfff9342156d0","      UISETP.GT.U32.AND UP1, UPT, UR11, UR4, UPT","2048"
"0xfff9342156e0","@!UP1 UIADD3 UR4, UPT, UPT, UR4, -UR11, URZ","2048"
"0xfff9342156f0","@!UP1 UIADD3 UR5, UPT, UPT, UR5, 0x1, URZ","2048"
"0xfff934215700","      UISETP.GE.U32.AND UP0, UPT, UR4, UR11, UPT","2048"
"0xfff934215710","      ULOP3.LUT UR4, UR45, UR15, URZ, 0x3c, !UPT","2048"
"0xfff934215720","      UISETP.GE.AND UP1, UPT, UR4, URZ, UPT","2048"
"0xfff934215730","@UP0  UIADD3 UR5, UPT, UPT, UR5, 0x1, URZ","2048"
"0xfff934215740","      UISETP.NE.AND UP0, UPT, UR15, URZ, UPT","2048"
"0xfff934215750","      UMOV UR12, UR5","2048"
"0xfff934215760","@!UP1 UIADD3 UR12, UPT, UPT, -UR12, URZ, URZ","2048"
"0xfff934215770","@!UP0 ULOP3.LUT UR12, URZ, UR15, URZ, 0x33, !UPT","2048"
"0xfff934215780","      UISETP.GE.AND UP0, UPT, UR12, UR7, UPT","2048"
"0xfff934215790","      UIADD3 UR4, UPT, UPT, -UR12, URZ, URZ","2048"
"0xfff9342157a0","      USEL UR18, UR6, UR54, !UP0","2048"
"0xfff9342157b0","      UIMAD UR13, UR15, UR4, UR45","2048"
"0xfff9342157c0","      UMOV UR4, URZ","2048"
"0xfff9342157d0","      IABS R4, UR18","2048"
"0xfff9342157e0","      IABS R7, UR18","2048"
"0xfff9342157f0","      R2UR UR17, R4","2048"
"0xfff934215800","      IABS R6, UR13","2048"
"0xfff934215810","      R2UR UR10, R6","2048"
"0xfff934215820","      I2F.RP R6, R8","2048"
"0xfff934215830","      I2F.RP R4, UR17","2048"
"0xfff934215840","      MUFU.RCP R6, R6","2048"
"0xfff934215850","      MUFU.RCP R4, R4","2048"
"0xfff934215860","      VIADD R5, R4, 0xffffffe","2048"
"0xfff934215870","      IMAD.MOV R4, RZ, RZ, -R7","2048"
"0xfff934215880","      F2I.FTZ.U32.TRUNC.NTZ R5, R5","2048"
"0xfff934215890","      R2UR UR11, R4","2048"
"0xfff9342158a0","      VIADD R4, R6, 0xffffffe","2048"
"0xfff9342158b0","      R2UR UR5, R5","2048"
"0xfff9342158c0","      F2I.FTZ.U32.TRUNC.NTZ R5, R4","2048"
"0xfff9342158d0","      IMAD.MOV.U32 R4, RZ, RZ, RZ","2048"
"0xfff9342158e0","      UIADD3 UR9, UPT, UPT, URZ, -UR5, URZ","2048"
"0xfff9342158f0","      UIMAD UR9, UR9, UR17, URZ","2048"
"0xfff934215900","      IMAD.MOV R7, RZ, RZ, -R5","2048"
"0xfff934215910","      UIMAD.WIDE.U32 UR4, UR5, UR9, UR4","2048"
"0xfff934215920","      IMAD R7, R7, R8, RZ","2048"
"0xfff934215930","      UIMAD.WIDE.U32 UR4, UR5, UR10, URZ","2048"
"0xfff934215940","      IMAD.HI.U32 R4, R5, R7, R4","2048"
"0xfff934215950","      UIMAD UR4, UR5, UR11, UR10","2048"
"0xfff934215960","      UISETP.GT.U32.AND UP1, UPT, UR17, UR4, UPT","2048"
"0xfff934215970","@!UP1 UIADD3 UR4, UPT, UPT, UR4, -UR17, URZ","2048"
"0xfff934215980","@!UP1 UIADD3 UR5, UPT, UPT, UR5, 0x1, URZ","2048"
"0xfff934215990","      UISETP.GE.U32.AND UP0, UPT, UR4, UR17, UPT","2048"
"0xfff9342159a0","      ULOP3.LUT UR4, UR13, UR18, URZ, 0x3c, !UPT","2048"
"0xfff9342159b0","      UISETP.GE.AND UP1, UPT, UR4, URZ, UPT","2048"
"0xfff9342159c0","      UIADD3 UR4, UPT, UPT, -UR18, URZ, URZ","2048"
"0xfff9342159d0","@UP0  UIADD3 UR5, UPT, UPT, UR5, 0x1, URZ","2048"
"0xfff9342159e0","      UISETP.NE.AND UP0, UPT, UR18, URZ, UPT","2048"
"0xfff9342159f0","      UMOV UR9, UR5","2048"
"0xfff934215a00","@!UP1 UIADD3 UR9, UPT, UPT, -UR9, URZ, URZ","2048"
"0xfff934215a10","      UISETP.NE.AND UP1, UPT, UR16, URZ, UPT","2048"
"0xfff934215a20","@!UP0 ULOP3.LUT UR9, URZ, UR18, URZ, 0x33, !UPT","2048"
"0xfff934215a30","      UIMAD UR4, UR9, UR4, UR13","2048"
"0xfff934215a40","      ULOP3.LUT UR50, URZ, UR9, URZ, 0x33, !UPT","2048"
"0xfff934215a50","      UIMAD UR4, UR12, UR6, UR4","2048"
"0xfff934215a60","      UIADD3 UR50, UPT, UPT, UR14, UR50, URZ","2048"
"0xfff934215a70","      ULOP3.LUT UR5, UR4, UR16, URZ, 0x3c, !UPT","2048"
"0xfff934215a80","      IABS R6, UR4","2048"
"0xfff934215a90","      UISETP.GE.AND UP0, UPT, UR5, URZ, UPT","2048"
"0xfff934215aa0","      IMAD.MOV.U32 R5, RZ, RZ, R6","2048"
"0xfff934215ab0","      IMAD.HI.U32 R4, R4, R5, RZ","2048"
"0xfff934215ac0","      IMAD.MOV R6, RZ, RZ, -R4","2048"
"0xfff934215ad0","      IMAD R5, R8, R6, R5","2048"
"0xfff934215ae0","      ISETP.GT.U32.AND P1, PT, R8, R5, PT","2048"
"0xfff934215af0","@!P1  IMAD.IADD R5, R5, 0x1, -R8","2048"
"0xfff934215b00","@!P1  VIADD R4, R4, 0x1","2048"
"0xfff934215b10","      ISETP.GE.U32.AND P0, PT, R5, R8, PT","2048"
"0xfff934215b20","@P0   VIADD R4, R4, 0x1","2048"
"0xfff934215b30","      R2UR UR13, R4","2048"
"0xfff934215b40","@!UP0 UIADD3 UR13, UPT, UPT, -UR13, URZ, URZ","2048"
"0xfff934215b50","      UISETP.GE.AND UP0, UPT, UR50, UR40, UPT","2048"
"0xfff934215b60","@!UP1 ULOP3.LUT UR13, URZ, UR16, URZ, 0x33, !UPT","2048"
"0xfff934215b70","      UIADD3 UR12, UPT, UPT, -UR13, URZ, URZ","2048"
"0xfff934215b80","      UIMAD UR12, UR16, UR12, UR4","2048"
"0xfff934215b90","      BRA.U UP0, 0xfff934217520","2048"
"0xfff934215ba0","      LOP3.LUT P0, RZ, R0, 0x1f, RZ, 0xc0, !PT","2048"
"0xfff934215bb0","      BSSY.RECONVERGENT B1, 0xfff934215f30","2048"
"0xfff934215bc0","      IMAD.MOV.U32 R6, RZ, RZ, RZ","2048"
"0xfff934215bd0","      IMAD.MOV.U32 R4, RZ, RZ, RZ","2048"
"0xfff934215be0","@P0   BRA 0xfff934215f20","2048"
"0xfff934215bf0","      LDCU UR56, c[0x0][0x690]","2048"
"0xfff934215c00","      LDCU UR59, c[0x0][0xa10]","2048"
"0xfff934215c10","      LDCU UR57, c[0x0][0x698]","2048"
"0xfff934215c20","      LDCU UR60, c[0x0][0xa18]","2048"
"0xfff934215c30","      USHF.R.S32.HI UR18, URZ, 0x1f, UR13","2048"
"0xfff934215c40","      USHF.R.S32.HI UR19, URZ, 0x1f, UR56","2048"
"0xfff934215c50","      USHF.R.S32.HI UR17, URZ, 0x1f, UR12","2048"
"0xfff934215c60","      USHF.R.S32.HI UR55, URZ, 0x1f, UR59","2048"
"0xfff934215c70","      UIMAD UR19, UR19, UR13, URZ","2048"
"0xfff934215c80","      UIMAD UR55, UR55, UR13, URZ","2048"
"0xfff934215c90","      UMOV UR16, UR12","2048"
"0xfff934215ca0","      UIMAD UR19, UR18, UR56, UR19","2048"
"0xfff934215cb0","      UIMAD.WIDE.U32 UR20, UR13, UR56, UR16","2048"
"0xfff934215cc0","      UIMAD.WIDE.U32 UR46, UR13, UR59, UR16","2048"
"0xfff934215cd0","      UIMAD UR18, UR18, UR59, UR55","2048"
"0xfff934215ce0","      LDCU UR53, c[0x0][0x6a0]","2048"
"0xfff934215cf0","      LDCU UR52, c[0x0][0xa20]","2048"
"0xfff934215d00","      UIADD3 UR19, UPT, UPT, UR21, UR19, URZ","2048"
"0xfff934215d10","      UIADD3 UR18, UPT, UPT, UR47, UR18, URZ","2048"
"0xfff934215d20","      LDCU.64 UR4, c[0x0][0x680]","2048"
"0xfff934215d30","      USHF.R.S32.HI UR58, URZ, 0x1f, UR57","2048"
"0xfff934215d40","      UIMAD UR21, UR19, UR57, URZ","2048"
"0xfff934215d50","      USHF.R.S32.HI UR61, URZ, 0x1f, UR60","2048"
"0xfff934215d60","      UIMAD UR47, UR18, UR60, URZ","2048"
"0xfff934215d70","      LDCU.64 UR10, c[0x0][0xa00]","2048"
"0xfff934215d80","      UIMAD.WIDE.U32 UR16, UR20, UR57, URZ","2048"
"0xfff934215d90","      UIMAD UR55, UR58, UR20, UR21","2048"
"0xfff934215da0","      UIMAD.WIDE.U32 UR18, UR46, UR60, URZ","2048"
"0xfff934215db0","      UIMAD UR47, UR61, UR46, UR47","2048"
"0xfff934215dc0","      UIADD3 UR55, UPT, UPT, UR17, UR55, URZ","2048"
"0xfff934215dd0","      UIADD3 UR17, UPT, UPT, UR19, UR47, URZ","2048"
"0xfff934215de0","      USHF.R.S32.HI UR56, URZ, 0x1f, UR52","2048"
"0xfff934215df0","      UIMAD.WIDE.U32 UR20, UR16, UR53, URZ","2048"
"0xfff934215e00","      UIMAD.WIDE.U32 UR46, UR18, UR52, URZ","2048"
"0xfff934215e10","      USHF.R.S32.HI UR51, URZ, 0x1f, UR53","2048"
"0xfff934215e20","      UIMAD UR55, UR55, UR53, URZ","2048"
"0xfff934215e30","      UIMAD UR52, UR17, UR52, URZ","2048"
"0xfff934215e40","      ULEA UR17, UP0, UR20, UR4, 0x2","2048"
"0xfff934215e50","      UIMAD UR16, UR51, UR16, UR55","2048"
"0xfff934215e60","      UIMAD UR4, UR56, UR18, UR52","2048"
"0xfff934215e70","      ULEA UR10, UP1, UR46, UR10, 0x2","2048"
"0xfff934215e80","      IMAD.U32 R6, RZ, RZ, UR17","2048"
"0xfff934215e90","      UIADD3 UR16, UPT, UPT, UR21, UR16, URZ","2048"
"0xfff934215ea0","      UIADD3 UR4, UPT, UPT, UR47, UR4, URZ","2048"
"0xfff934215eb0","      ULEA.HI.X UR5, UR20, UR5, UR16, 0x2, UP0","2048"
"0xfff934215ec0","      IMAD.U32 R4, RZ, RZ, UR10","2048"
"0xfff934215ed0","      ULEA.HI.X UR11, UR46, UR11, UR4, 0x2, UP1","2048"
"0xfff934215ee0","      IMAD.U32 R7, RZ, RZ, UR5","2048"
"0xfff934215ef0","      IMAD.U32 R5, RZ, RZ, UR11","2048"
"0xfff934215f00","      LDG.E R6, desc[UR38][R6.64]","2048"
"0xfff934215f10","      LDG.E R4, desc[UR38][R4.64]","2048"
"0xfff934215f20","      BSYNC.RECONVERGENT B1","4096"
"0xfff934215f30","      S2UR UR5, SR_CgaCtaId","2048"
"0xfff934215f40","      UMOV UR4, 0x400","2048"
"0xfff934215f50","      SHF.L.U32 R8, R37, 0x1f, RZ","2048"
"0xfff934215f60","      IMAD.U32 R45, RZ, RZ, UR4","2048"
"0xfff934215f70","      SHFL.IDX PT, R6, R6, RZ, 0x1f","2048"
"0xfff934215f80","      BSSY.RECONVERGENT B1, 0xfff934216040","2048"
"0xfff934215f90","      IMAD.U32 R9, RZ, RZ, UR9","2048"
"0xfff934215fa0","      SHF.L.U32 R5, R38, 0x1f, RZ","2048"
"0xfff934215fb0","      VIADD R43, R45, 0x668","2048"
"0xfff934215fc0","      SHFL.IDX PT, R4, R4, RZ, 0x1f","2048"
"0xfff934215fd0","      VIADD R7, R45, 0x680","2048"
"0xfff934215fe0","      IMAD.U32 R44, RZ, RZ, UR5","2048"
"0xfff934215ff0","      LEA R43, R44, R43, 0x18","2048"
"0xfff934216000","      LEA R42, R44, R7, 0x18","2048"
"0xfff934216010","      SYNCS.PHASECHK.TRANS64.TRYWAIT P0, [R43+URZ], R8","2048"
"0xfff934216020","@!P0  BRA 0xfff934218820","2048"
"0xfff934216030","      BSYNC.RECONVERGENT B1","2048"
"0xfff934216040","      SYNCS.PHASECHK.TRANS64.TRYWAIT P0, [R42+URZ], R5","2048"
"0xfff934216050","      IMAD.U32 R46, RZ, RZ, UR40","2048"
"0xfff934216060","      FMUL R47, R6, 0.10408341139554977417","2048"
"0xfff934216070","      BSSY.RECONVERGENT B1, 0xfff9342160e0","2048"
"0xfff934216080","      ISETP.NE.AND P1, PT, R40, RZ, PT","2048"
"0xfff934216090","      VIADDMNMX R46, R46, -R9, UR40, PT","2048"
"0xfff9342160a0","      FMUL R47, R4, R47","2048"
"0xfff9342160b0","      ISETP.GE.AND P2, PT, R46, 0x2, PT","2048"
"0xfff9342160c0","@!P0  BRA 0xfff934218850","2048"
"0xfff9342160d0","      BSYNC.RECONVERGENT B1","2048"
"0xfff9342160e0","@P1   BRA 0xfff934216140","2048"
"0xfff9342160f0","      WARPSYNC.ALL","512"
"0xfff934216100","      ELECT P0, URZ, PT","512"
"0xfff934216110","@P0   VIADD R5, R45, 0x778","512"
"0xfff934216120","@P0   LEA R5, R44, R5, 0x18","512"
"0xfff934216130","@P0   SYNCS.ARRIVE.TRANS64.A1T0 RZ, [R5+URZ], RZ","512"
"0xfff934216140","      LOP3.LUT R4, R37, 0x1, RZ, 0x3c, !PT","2048"
"0xfff934216150","      LOP3.LUT R38, R38, 0x1, RZ, 0x3c, !PT","2048"
"0xfff934216160","@!P2  BRA 0xfff9342169f0","2048"
"0xfff934216170","      IMAD.MOV.U32 R51, RZ, RZ, 0x1","1984"
"0xfff934216180","      SHF.L.U32 R6, R4, 0x1f, RZ","31744"
"0xfff934216190","      YIELD","31744"
"0xfff9342161a0","      SYNCS.PHASECHK.TRANS64.TRYWAIT P0, [R43+URZ], R6","31744"
"0xfff9342161b0","      BSSY B1, 0xfff9342161f0","31744"
"0xfff9342161c0","      IMAD.MOV.U32 R37, RZ, RZ, R4","31744"
"0xfff9342161d0","@!P0  BRA 0xfff934218880","31744"
"0xfff9342161e0","      BSYNC B1","31744"
"0xfff9342161f0","      S2UR UR5, SR_CgaCtaId","31744"
"0xfff934216200","      UMOV UR4, 0x400","31744"
"0xfff934216210","      ISETP.NE.AND P2, PT, R2, RZ, PT","31744"
"0xfff934216220","      IMAD.U32 R45, RZ, RZ, UR4","31744"
"0xfff934216230","      SHF.L.U32 R49, R38, 0x1f, RZ","31744"
"0xfff934216240","@!P2  VIADD R41, R45, 0x678","31744"
"0xfff934216250","      IMAD.U32 R44, RZ, RZ, UR5","31744"
"0xfff934216260","      WARPSYNC.ALL","31744"
"0xfff934216270","      LEA R5, R44, R45, 0x18","31744"
"0xfff934216280","@!P2  LEA R41, R44, R41, 0x18","31744"
"0xfff934216290","      IMAD R4, R2, 0x4, R5","31744"
"0xfff9342162a0","      LDS R4, [R4]","31744"
"0xfff9342162b0","      FSETP.GEU.AND P1, PT, R4, 0.99900001287460327148, PT","31744"
"0xfff9342162c0","      VOTE.ANY P0, !P1","31744"
"0xfff9342162d0","@!P0  BRA 0xfff9342168a0","31744"
"0xfff9342162e0","      R2UR UR4, R3","28066"
"0xfff9342162f0","      R2UR UR5, R3","28066"
"0xfff934216300","      FSEL R48, R4, 1, !P1","28066"
"0xfff934216310","      LDTM.x16 R20, tmem[UR4+0x100]","28066"
"0xfff934216320","      NOP","28066"
"0xfff934216330","      FMUL2 R20, R20.F32x2.HI_LO, R48.F32","28066"
"0xfff934216340","      FMUL2 R22, R22.F32x2.HI_LO, R48.F32","28066"
"0xfff934216350","      FMUL2 R24, R24.F32x2.HI_LO, R48.F32","28066"
"0xfff934216360","      FMUL2 R26, R26.F32x2.HI_LO, R48.F32","28066"
"0xfff934216370","      FMUL2 R28, R28.F32x2.HI_LO, R48.F32","28066"
"0xfff934216380","      FMUL2 R30, R30.F32x2.HI_LO, R48.F32","28066"
"0xfff934216390","      FMUL2 R32, R32.F32x2.HI_LO, R48.F32","28066"
"0xfff9342163a0","      FMUL2 R34, R34.F32x2.HI_LO, R48.F32","28066"
"0xfff9342163b0","      STTM.x16 tmem[UR4+0x100], R20","28066"
"0xfff9342163c0","      LDTM.x16 R4, tmem[UR5+0x110]","28066"
"0xfff9342163d0","      NOP","28066"
"0xfff9342163e0","      FMUL2 R4, R4.F32x2.HI_LO, R48.F32","28066"
"0xfff9342163f0","      FMUL2 R6, R6.F32x2.HI_LO, R48.F32","28066"
"0xfff934216400","      FMUL2 R8, R8.F32x2.HI_LO, R48.F32","28066"
"0xfff934216410","      FMUL2 R10, R10.F32x2.HI_LO, R48.F32","28066"
"0xfff934216420","      FMUL2 R12, R12.F32x2.HI_LO, R48.F32","28066"
"0xfff934216430","      FMUL2 R14, R14.F32x2.HI_LO, R48.F32","28066"
"0xfff934216440","      FMUL2 R16, R16.F32x2.HI_LO, R48.F32","28066"
"0xfff934216450","      FMUL2 R18, R18.F32x2.HI_LO, R48.F32","28066"
"0xfff934216460","      STTM.x16 tmem[UR4+0x110], R4","28066"
"0xfff934216470","      LDTM.x16 R20, tmem[UR5+0x120]","28066"
"0xfff934216480","      NOP","28066"
"0xfff934216490","      FMUL2 R20, R20.F32x2.HI_LO, R48.F32","28066"
"0xfff9342164a0","      FMUL2 R22, R22.F32x2.HI_LO, R48.F32","28066"
"0xfff9342164b0","      FMUL2 R24, R24.F32x2.HI_LO, R48.F32","28066"
"0xfff9342164c0","      FMUL2 R26, R26.F32x2.HI_LO, R48.F32","28066"
"0xfff9342164d0","      FMUL2 R28, R28.F32x2.HI_LO, R48.F32","28066"
"0xfff9342164e0","      FMUL2 R30, R30.F32x2.HI_LO, R48.F32","28066"
"0xfff9342164f0","      FMUL2 R32, R32.F32x2.HI_LO, R48.F32","28066"
"0xfff934216500","      FMUL2 R34, R34.F32x2.HI_LO, R48.F32","28066"
"0xfff934216510","      STTM.x16 tmem[UR4+0x120], R20","28066"
"0xfff934216520","      LDTM.x16 R4, tmem[UR5+0x130]","28066"
"0xfff934216530","      NOP","28066"
"0xfff934216540","      FMUL2 R4, R4.F32x2.HI_LO, R48.F32","28066"
"0xfff934216550","      FMUL2 R6, R6.F32x2.HI_LO, R48.F32","28066"
"0xfff934216560","      FMUL2 R8, R8.F32x2.HI_LO, R48.F32","28066"
"0xfff934216570","      FMUL2 R10, R10.F32x2.HI_LO, R48.F32","28066"
"0xfff934216580","      FMUL2 R12, R12.F32x2.HI_LO, R48.F32","28066"
"0xfff934216590","      FMUL2 R14, R14.F32x2.HI_LO, R48.F32","28066"
"0xfff9342165a0","      FMUL2 R16, R16.F32x2.HI_LO, R48.F32","28066"
"0xfff9342165b0","      FMUL2 R18, R18.F32x2.HI_LO, R48.F32","28066"
"0xfff9342165c0","      STTM.x16 tmem[UR4+0x130], R4","28066"
"0xfff9342165d0","      LDTM.x16 R20, tmem[UR5+0x140]","28066"
"0xfff9342165e0","      NOP","28066"
"0xfff9342165f0","      FMUL2 R20, R20.F32x2.HI_LO, R48.F32","28066"
"0xfff934216600","      FMUL2 R22, R22.F32x2.HI_LO, R48.F32","28066"
"0xfff934216610","      FMUL2 R24, R24.F32x2.HI_LO, R48.F32","28066"
"0xfff934216620","      FMUL2 R26, R26.F32x2.HI_LO, R48.F32","28066"
"0xfff934216630","      FMUL2 R28, R28.F32x2.HI_LO, R48.F32","28066"
"0xfff934216640","      FMUL2 R30, R30.F32x2.HI_LO, R48.F32","28066"
"0xfff934216650","      FMUL2 R32, R32.F32x2.HI_LO, R48.F32","28066"
"0xfff934216660","      FMUL2 R34, R34.F32x2.HI_LO, R48.F32","28066"
"0xfff934216670","      STTM.x16 tmem[UR4+0x140], R20","28066"
"0xfff934216680","      LDTM.x16 R4, tmem[UR5+0x150]","28066"
"0xfff934216690","      NOP","28066"
"0xfff9342166a0","      FMUL2 R4, R4.F32x2.HI_LO, R48.F32","28066"
"0xfff9342166b0","      FMUL2 R6, R6.F32x2.HI_LO, R48.F32","28066"
"0xfff9342166c0","      FMUL2 R8, R8.F32x2.HI_LO, R48.F32","28066"
"0xfff9342166d0","      FMUL2 R10, R10.F32x2.HI_LO, R48.F32","28066"
"0xfff9342166e0","      FMUL2 R12, R12.F32x2.HI_LO, R48.F32","28066"
"0xfff9342166f0","      FMUL2 R14, R14.F32x2.HI_LO, R48.F32","28066"
"0xfff934216700","      FMUL2 R16, R16.F32x2.HI_LO, R48.F32","28066"
"0xfff934216710","      FMUL2 R18, R18.F32x2.HI_LO, R48.F32","28066"
"0xfff934216720","      STTM.x16 tmem[UR4+0x150], R4","28066"
"0xfff934216730","      LDTM.x16 R20, tmem[UR5+0x160]","28066"
"0xfff934216740","      NOP","28066"
"0xfff934216750","      FMUL2 R20, R20.F32x2.HI_LO, R48.F32","28066"
"0xfff934216760","      FMUL2 R22, R22.F32x2.HI_LO, R48.F32","28066"
"0xfff934216770","      FMUL2 R24, R24.F32x2.HI_LO, R48.F32","28066"
"0xfff934216780","      FMUL2 R26, R26.F32x2.HI_LO, R48.F32","28066"
"0xfff934216790","      FMUL2 R28, R28.F32x2.HI_LO, R48.F32","28066"
"0xfff9342167a0","      FMUL2 R30, R30.F32x2.HI_LO, R48.F32","28066"
"0xfff9342167b0","      FMUL2 R32, R32.F32x2.HI_LO, R48.F32","28066"
"0xfff9342167c0","      FMUL2 R34, R34.F32x2.HI_LO, R48.F32","28066"
"0xfff9342167d0","      STTM.x16 tmem[UR4+0x160], R20","28066"
"0xfff9342167e0","      LDTM.x16 R4, tmem[UR5+0x170]","28066"
"0xfff9342167f0","      NOP","28066"
"0xfff934216800","      FMUL2 R4, R4.F32x2.HI_LO, R48.F32","28066"
"0xfff934216810","      FMUL2 R6, R6.F32x2.HI_LO, R48.F32","28066"
"0xfff934216820","      FMUL2 R8, R8.F32x2.HI_LO, R48.F32","28066"
"0xfff934216830","      FMUL2 R10, R10.F32x2.HI_LO, R48.F32","28066"
"0xfff934216840","      FMUL2 R12, R12.F32x2.HI_LO, R48.F32","28066"
"0xfff934216850","      FMUL2 R14, R14.F32x2.HI_LO, R48.F32","28066"
"0xfff934216860","      FMUL2 R16, R16.F32x2.HI_LO, R48.F32","28066"
"0xfff934216870","      FMUL2 R18, R18.F32x2.HI_LO, R48.F32","28066"
"0xfff934216880","      STTM.x16 tmem[UR4+0x170], R4","28066"
"0xfff934216890","      FENCE.VIEW.ASYNC.T","28066"
"0xfff9342168a0","      BAR.SYNC.DEFER_BLOCKING 0x3, 0x80","31744"
"0xfff9342168b0","      ISETP.NE.AND P1, PT, R40, RZ, PT","31744"
"0xfff9342168c0","      BSSY.RECONVERGENT B1, 0xfff934216910","31744"
"0xfff9342168d0","@!P2  SYNCS.ARRIVE.TRANS64.A1T0 RZ, [R41+URZ], RZ","31744"
"0xfff9342168e0","      SYNCS.PHASECHK.TRANS64.TRYWAIT P0, [R42+URZ], R49","31744"
"0xfff9342168f0","@!P0  BRA 0xfff9342188d0","31744"
"0xfff934216900","      BSYNC.RECONVERGENT B1","31744"
"0xfff934216910","@P1   BRA 0xfff9342169a0","31744"
"0xfff934216920","      WARPSYNC.ALL","7936"
"0xfff934216930","      ELECT P0, URZ, PT","7936"
"0xfff934216940","@P0   IMAD.SHL.U32 R4, R51, 0x8, RZ","7936"
"0xfff934216950","@P0   VIADD R5, R45, 0x778","7936"
"0xfff934216960","@P0   LOP3.LUT R4, R4, 0x8, RZ, 0xc0, !PT","7936"
"0xfff934216970","@P0   LEA R5, R44, R5, 0x18","7936"
"0xfff934216980","@P0   IMAD.IADD R4, R5, 0x1, R4","7936"
"0xfff934216990","@P0   SYNCS.ARRIVE.TRANS64.A1T0 RZ, [R4+URZ], RZ","7936"
"0xfff9342169a0","      VIADD R51, R51, 0x1","31744"
"0xfff9342169b0","      LOP3.LUT R38, R38, 0x1, RZ, 0x3c, !PT","31744"
"0xfff9342169c0","      LOP3.LUT R4, R37, 0x1, RZ, 0x3c, !PT","31744"
"0xfff9342169d0","      ISETP.NE.AND P0, PT, R51, R46, PT","31744"
"0xfff9342169e0","@P0   BRA 0xfff934216180","31744"
"0xfff9342169f0","      SHF.L.U32 R4, R4, 0x1f, RZ","2048"
"0xfff934216a00","      VIADD R5, R45, 0x200","2048"
"0xfff934216a10","      BSSY B1, 0xfff934216a70","2048"
"0xfff934216a20","      SYNCS.PHASECHK.TRANS64.TRYWAIT P0, [R43+URZ], R4","2048"
"0xfff934216a30","      LEA R5, R44, R5, 0x18","2048"
"0xfff934216a40","      IMAD R28, R2, 0x4, R5","2048"
"0xfff934216a50","@!P0  BRA 0xfff934218900","2048"
"0xfff934216a60","      BSYNC B1","2048"
"0xfff934216a70","      LDS R28, [R28]","2048"
"0xfff934216a80","      VIADD R5, R45, 0x400","2048"
"0xfff934216a90","      LDCU UR4, c[0x0][0xc38]","2048"
"0xfff934216aa0","      VIADD R45, R45, 0x670","2048"
"0xfff934216ab0","      SHF.L.U32 R7, R39, 0x1f, RZ","2048"
"0xfff934216ac0","      BSSY B1, 0xfff934216bc0","2048"
"0xfff934216ad0","      LEA R5, R44, R5, 0x18","2048"
"0xfff934216ae0","      LEA R44, R44, R45, 0x18","2048"
"0xfff934216af0","      IMAD R4, R2, 0x4, R5","2048"
"0xfff934216b00","      LDS R4, [R4]","2048"
"0xfff934216b10","      SYNCS.PHASECHK.TRANS64.TRYWAIT P3, [R44+URZ], R7","2048"
"0xfff934216b20","      ISETP.NE.AND P0, PT, RZ, UR4, PT","2048"
"0xfff934216b30","      FSEL R31, RZ, -INF , P0","2048"
"0xfff934216b40","      FSETP.NE.AND P2, PT, R28, RZ, PT","2048"
"0xfff934216b50","      ISETP.NE.OR P1, PT, RZ, UR4, !P2","2048"
"0xfff934216b60","      FSEL R5, R28, 1, P2","2048"
"0xfff934216b70","      MUFU.RCP R5, R5","2048"
"0xfff934216b80","@!P1  MUFU.LG2 R6, R28","2048"
"0xfff934216b90","@!P1  FFMA R6, R47, R4, R6","2048"
"0xfff934216ba0","@!P3  BRA 0xfff934218940","2048"
"0xfff934216bb0","      BSYNC B1","2048"
"0xfff934216bc0","      DEPBAR.LE SB0, 0x0","2048"
"0xfff934216bd0","      WARPSYNC.ALL","2048"
"0xfff934216be0","@!P1  FMUL R31, R6, 0.69314718246459960938","2048"
"0xfff934216bf0","      BAR.SYNC.DEFER_BLOCKING 0x3, 0x80","2048"
"0xfff934216c00","      FMUL R30, R5, 1.0333994396205525845e-05","2048"
"0xfff934216c10","      IMAD.MOV.U32 R29, RZ, RZ, RZ","2048"
"0xfff934216c20","      IMAD.IADD R21, R3, 0x1, R29","8192"
"0xfff934216c30","      BSSY.RECONVERGENT B1, 0xfff934216cf0","8192"
"0xfff934216c40","      IMAD R32, R29, 0x100, R36","8192"
"0xfff934216c50","      R2UR UR4, R21","8192"
"0xfff934216c60","      VIADD R33, R32, 0x10","8192"
"0xfff934216c70","      LDTM.x16 R4, tmem[UR4+0x100]","8192"
"0xfff934216c80","      NOP","8192"
"0xfff934216c90","@P2   BRA 0xfff934216ce0","8192"
"0xfff934216ca0","      CS2R R4, SRZ","0"
"0xfff934216cb0","      CS2R R6, SRZ","0"
"0xfff934216cc0","      CS2R R8, SRZ","0"
"0xfff934216cd0","      CS2R R10, SRZ","0"
"0xfff934216ce0","      BSYNC.RECONVERGENT B1","8192"
"0xfff934216cf0","      FSETP.NE.AND P2, PT, R28, RZ, PT","8192"
"0xfff934216d00","      FMUL2 R4, R4.F32x2.HI_LO, R30.F32","8192"
"0xfff934216d10","      SHF.R.U32.HI R20, RZ, 0x3, R33","8192"
"0xfff934216d20","      FMUL2 R6, R6.F32x2.HI_LO, R30.F32","8192"
"0xfff934216d30","      BSSY.RECONVERGENT B1, 0xfff934216e00","8192"
"0xfff934216d40","      FMUL2 R8, R8.F32x2.HI_LO, R30.F32","8192"
"0xfff934216d50","      LOP3.LUT R33, R33, 0x30, R20, 0x78, !PT","8192"
"0xfff934216d60","      FMUL2 R10, R10.F32x2.HI_LO, R30.F32","8192"
"0xfff934216d70","      F2FP.BF16.F32.PACK_AB R24, R5, R4","8192"
"0xfff934216d80","      F2FP.BF16.F32.PACK_AB R25, R7, R6","8192"
"0xfff934216d90","      F2FP.BF16.F32.PACK_AB R26, R9, R8","8192"
"0xfff934216da0","@P2   BRA 0xfff934216df0","8192"
"0xfff934216db0","      CS2R R12, SRZ","0"
"0xfff934216dc0","      CS2R R14, SRZ","0"
"0xfff934216dd0","      CS2R R16, SRZ","0"
"0xfff934216de0","      CS2R R18, SRZ","0"
"0xfff934216df0","      BSYNC.RECONVERGENT B1","8192"
"0xfff934216e00","      R2UR UR4, R21","8192"
"0xfff934216e10","      FMUL2 R12, R12.F32x2.HI_LO, R30.F32","8192"
"0xfff934216e20","      SHF.R.U32.HI R5, RZ, 0x3, R36","8192"
"0xfff934216e30","      FMUL2 R14, R14.F32x2.HI_LO, R30.F32","8192"
"0xfff934216e40","      F2FP.BF16.F32.PACK_AB R27, R11, R10","8192"
"0xfff934216e50","      FMUL2 R16, R16.F32x2.HI_LO, R30.F32","8192"
"0xfff934216e60","      LOP3.LUT R34, R32, 0x30, R5, 0x78, !PT","8192"
"0xfff934216e70","      FMUL2 R18, R18.F32x2.HI_LO, R30.F32","8192"
"0xfff934216e80","      F2FP.BF16.F32.PACK_AB R20, R13, R12","8192"
"0xfff934216e90","      BSSY.RECONVERGENT B1, 0xfff934216f80","8192"
"0xfff934216ea0","      F2FP.BF16.F32.PACK_AB R21, R15, R14","8192"
"0xfff934216eb0","      STS.128 [R34], R24","8192"
"0xfff934216ec0","      F2FP.BF16.F32.PACK_AB R22, R17, R16","8192"
"0xfff934216ed0","      VIADD R35, R32, 0x20","8192"
"0xfff934216ee0","      F2FP.BF16.F32.PACK_AB R23, R19, R18","8192"
"0xfff934216ef0","      LDTM.x16 R4, tmem[UR4+0x110]","8192"
"0xfff934216f00","      STS.128 [R33], R20","8192"
"0xfff934216f10","      NOP","8192"
"0xfff934216f20","@P2   BRA 0xfff934216f70","8192"
"0xfff934216f30","      CS2R R4, SRZ","0"
"0xfff934216f40","      CS2R R6, SRZ","0"
"0xfff934216f50","      CS2R R8, SRZ","0"
"0xfff934216f60","      CS2R R10, SRZ","0"
"0xfff934216f70","      BSYNC.RECONVERGENT B1","8192"
"0xfff934216f80","      FMUL2 R4, R4.F32x2.HI_LO, R30.F32","8192"
"0xfff934216f90","      SHF.R.U32.HI R20, RZ, 0x3, R35","8192"
"0xfff934216fa0","      FMUL2 R6, R6.F32x2.HI_LO, R30.F32","8192"
"0xfff934216fb0","      BSSY.RECONVERGENT B1, 0xfff9342170a0","8192"
"0xfff934216fc0","      FMUL2 R8, R8.F32x2.HI_LO, R30.F32","8192"
"0xfff934216fd0","      F2FP.BF16.F32.PACK_AB R4, R5, R4","8192"
"0xfff934216fe0","      FMUL2 R10, R10.F32x2.HI_LO, R30.F32","8192"
"0xfff934216ff0","      F2FP.BF16.F32.PACK_AB R5, R7, R6","8192"
"0xfff934217000","      LOP3.LUT R20, R35, 0x30, R20, 0x78, !PT","8192"
"0xfff934217010","      F2FP.BF16.F32.PACK_AB R6, R9, R8","8192"
"0xfff934217020","      F2FP.BF16.F32.PACK_AB R7, R11, R10","8192"
"0xfff934217030","      STS.128 [R20], R4","8192"
"0xfff934217040","@P2   BRA 0xfff934217090","8192"
"0xfff934217050","      CS2R R12, SRZ","0"
"0xfff934217060","      CS2R R14, SRZ","0"
"0xfff934217070","      CS2R R16, SRZ","0"
"0xfff934217080","      CS2R R18, SRZ","0"
"0xfff934217090","      BSYNC.RECONVERGENT B1","8192"
"0xfff9342170a0","      VIADD R32, R32, 0x30","8192"
"0xfff9342170b0","      FMUL2 R12, R12.F32x2.HI_LO, R30.F32","8192"
"0xfff9342170c0","      VIADD R29, R29, 0x20","8192"
"0xfff9342170d0","      FMUL2 R14, R14.F32x2.HI_LO, R30.F32","8192"
"0xfff9342170e0","      FMUL2 R16, R16.F32x2.HI_LO, R30.F32","8192"
"0xfff9342170f0","      SHF.R.U32.HI R9, RZ, 0x3, R32","8192"
"0xfff934217100","      FMUL2 R18, R18.F32x2.HI_LO, R30.F32","8192"
"0xfff934217110","      F2FP.BF16.F32.PACK_AB R4, R13, R12","8192"
"0xfff934217120","      F2FP.BF16.F32.PACK_AB R5, R15, R14","8192"
"0xfff934217130","      F2FP.BF16.F32.PACK_AB R6, R17, R16","8192"
"0xfff934217140","      F2FP.BF16.F32.PACK_AB R7, R19, R18","8192"
"0xfff934217150","      LOP3.LUT R9, R32, 0x30, R9, 0x78, !PT","8192"
"0xfff934217160","      ISETP.GE.U32.AND P0, PT, R29, 0x80, PT","8192"
"0xfff934217170","      STS.128 [R9], R4","8192"
"0xfff934217180","@!P0  BRA 0xfff934216c20","8192"
"0xfff934217190","      BAR.SYNC.DEFER_BLOCKING 0x3, 0x80","2048"
"0xfff9342171a0","      ISETP.NE.AND P0, PT, R2, RZ, PT","2048"
"0xfff9342171b0","      BSSY.RECONVERGENT B1, 0xfff934217320","2048"
"0xfff9342171c0","@P0   BRA 0xfff934217310","2048"
"0xfff9342171d0","      S2UR UR11, SR_CgaCtaId","512"
"0xfff9342171e0","      MEMBAR.ALL.CTA","512"
"0xfff9342171f0","      FENCE.VIEW.ASYNC.S","512"
"0xfff934217200","      UIADD3 UR16, UP0, UPT, UR48, 0x780, URZ","512"
"0xfff934217210","      UMOV UR4, 0x400","512"
"0xfff934217220","      UMOV UR5, 0xf0","512"
"0xfff934217230","      UIADD3 UR9, UPT, UPT, UR4, 0x690, URZ","512"
"0xfff934217240","      USHF.L.U32 UR10, UR50, 0x7, URZ","512"
"0xfff934217250","      USHF.R.U32 UR4, UR5, 0x4, URZ","512"
"0xfff934217260","      UMOV UR5, 0x120","512"
"0xfff934217270","      ULOP3.LUT UR5, UR5, 0xf, UR4, 0xf8, !UPT","512"
"0xfff934217280","      USHF.L.U32 UR5, UR5, 0x14, URZ","512"
"0xfff934217290","      UMOV UR4, URZ","512"
"0xfff9342172a0","      UIADD3.X UR17, UPT, UPT, URZ, UR49, URZ, UP0, !UPT","512"
"0xfff9342172b0","      ULEA UR18, UR11, UR9, 0x18","512"
"0xfff9342172c0","      UMOV UR9, URZ","512"
"0xfff9342172d0","      UMOV UR11, URZ","512"
"0xfff9342172e0","      UTMASTG.5D desc[UR4], [UR8], [UR16]","512"
"0xfff9342172f0","      UTMACMDFLUSH","512"
"0xfff934217300","      SYNCS.ARRIVE.TRANS64.A1T0 RZ, [UR18], RZ","512"
"0xfff934217310","      BSYNC.RECONVERGENT B1","2560"
"0xfff934217320","      LDCU UR4, c[0x0][0xc38]","2048"
"0xfff934217330","      UISETP.NE.AND UP0, UPT, UR4, URZ, UPT","2048"
"0xfff934217340","      BRA.U UP0, 0xfff934217510","2048"
"0xfff934217350","      LDCU UR10, c[0x0][0xc10]","2048"
"0xfff934217360","      LDC R9, c[0x0][0xc20]","2048"
"0xfff934217370","      IMAD.U32 R7, RZ, RZ, UR50","2048"
"0xfff934217380","      LDCU UR11, c[0x0][0xc18]","2048"
"0xfff934217390","      IMAD R6, R7, 0x80, R2","2048"
"0xfff9342173a0","      USHF.R.S32.HI UR5, URZ, 0x1f, UR12","2048"
"0xfff9342173b0","      USHF.R.S32.HI UR16, URZ, 0x1f, UR13","2048"
"0xfff9342173c0","      SHF.R.S32.HI R7, RZ, 0x1f, R6","2048"
"0xfff9342173d0","      USHF.R.S32.HI UR4, URZ, 0x1f, UR10","2048"
"0xfff9342173e0","      UIMAD UR9, UR4, UR13, URZ","2048"
"0xfff9342173f0","      UMOV UR4, UR12","2048"
"0xfff934217400","      UIMAD UR9, UR16, UR10, UR9","2048"
"0xfff934217410","      SHF.R.S32.HI R4, RZ, 0x1f, R9","2048"
"0xfff934217420","      UIMAD.WIDE.U32 UR4, UR13, UR10, UR4","2048"
"0xfff934217430","      LDCU.64 UR12, c[0x0][0xc00]","2048"
"0xfff934217440","      UIADD3 UR9, UPT, UPT, UR5, UR9, URZ","2048"
"0xfff934217450","      USHF.R.S32.HI UR5, URZ, 0x1f, UR11","2048"
"0xfff934217460","      UIMAD UR9, UR9, UR11, URZ","2048"
"0xfff934217470","      UIMAD.WIDE.U32 UR10, UR4, UR11, URZ","2048"
"0xfff934217480","      UIMAD UR4, UR5, UR4, UR9","2048"
"0xfff934217490","      UIADD3 UR4, UPT, UPT, UR11, UR4, URZ","2048"
"0xfff9342174a0","      IMAD.WIDE.U32 R6, R9, UR10, R6","2048"
"0xfff9342174b0","      IMAD R5, R9, UR4, RZ","2048"
"0xfff9342174c0","      IMAD R5, R4, UR10, R5","2048"
"0xfff9342174d0","      LEA R4, P0, R6, UR12, 0x2","2048"
"0xfff9342174e0","      IMAD.IADD R5, R7, 0x1, R5","2048"
"0xfff9342174f0","      LEA.HI.X R5, R6, UR13, R5, 0x2, P0","2048"
"0xfff934217500","      STG.E desc[UR38][R4.64], R31","2048"
"0xfff934217510","      LOP3.LUT R39, R39, 0x1, RZ, 0x3c, !PT","2048"
"0xfff934217520","      LDCU UR4, c[0x0][0x370]","2048"
"0xfff934217530","      UIADD3 UR45, UPT, UPT, UR4, UR45, URZ","2048"
"0xfff934217540","      UISETP.GE.AND UP0, UPT, UR45, UR44, UPT","2048"
"0xfff934217550","      BRA.U !UP0, 0xfff934215590","2048"
"0xfff934217560","      DEPBAR.LE SB0, 0x0","2048"
"0xfff934217570","      CCTL.IVALL","2048"
"0xfff934217580","      BSYNC B0","9216"
"0xfff934217590","      S2R R0, SR_TID.X","9216"
"0xfff9342175a0","      ISETP.GT.U32.AND P0, PT, R0, 0x1f, PT","9216"
"0xfff9342175b0","@P0   EXIT","9216"
"0xfff9342175c0","      S2R R3, SR_CgaCtaId","512"
"0xfff9342175d0","      MOV R0, 0x40","512"
"0xfff9342175e0","      WARPSYNC.ALL","512"
"0xfff9342175f0","      UMOV UR5, 0xffff","512"
"0xfff934217600","      UMOV UR10, 0x1","512"
"0xfff934217610","      LEA R4, R3, R0, 0x18","512"
"0xfff934217620","      IMAD.U32 R0, RZ, RZ, UR42","512"
"0xfff934217630","      LDS R2, [R4+0x14]","512"
"0xfff934217640","      LOP3.LUT R0, R0, 0xffff, RZ, 0xc0, !PT","512"
"0xfff934217650","      R2UR UR4, R0","512"
"0xfff934217660","      USHF.R.U32.HI UR4, URZ, 0x5, UR4","512"
"0xfff934217670","      USHF.L.U32 UR5, UR5, UR4, URZ","512"
"0xfff934217680","      USHF.L.U32 UR4, UR10, UR4, URZ","512"
"0xfff934217690","      LOP3.LUT R2, R2, UR5, RZ, 0xc0, !PT","512"
"0xfff9342176a0","      ISETP.NE.AND P0, PT, R2, UR5, PT","512"
"0xfff9342176b0","@P0   BRA 0xfff934217820","512"
"0xfff9342176c0","      LDS R0, [R4+0x18]","512"
"0xfff9342176d0","      LOP3.LUT R0, R0, UR4, RZ, 0xc0, !PT","512"
"0xfff9342176e0","      ISETP.NE.AND P0, PT, R0, UR4, PT","512"
"0xfff9342176f0","@P0   BRA 0xfff9342177f0","512"
"0xfff934217700","      S2R R2, SR_LANEID","512"
"0xfff934217710","      ULOP3.LUT UR5, URZ, UR5, URZ, 0x33, !UPT","512"
"0xfff934217720","      LOP3.LUT R0, RZ, UR4, RZ, 0x33, !PT","512"
"0xfff934217730","      VOTEU.ANY UR4, UPT, PT","512"
"0xfff934217740","      UFLO.U32 UR4, UR4","512"
"0xfff934217750","      REDUX UR7, R0","512"
"0xfff934217760","      IMAD.U32 R5, RZ, RZ, UR5","512"
"0xfff934217770","      UTCATOMSWS.AND URZ, UR5","512"
"0xfff934217780","      REDUX UR6, R5","512"
"0xfff934217790","      IMAD.U32 R3, RZ, RZ, UR7","512"
"0xfff9342177a0","      ISETP.EQ.U32.AND P0, PT, R2, UR4, PT","512"
"0xfff9342177b0","      IMAD.U32 R2, RZ, RZ, UR6","512"
"0xfff9342177c0","@P0   ATOMS.AND RZ, [R4+0x14], R2","512"
"0xfff9342177d0","@P0   ATOMS.AND RZ, [R4+0x18], R3","512"
"0xfff9342177e0","      BRA 0xfff934217840","512"
"0xfff9342177f0","      MOV R2, 0x12590","0"
"0xfff934217800","      CALL.REL.NOINC 0xfff934218980","0"
"0xfff934217810","      BRA 0xfff934217840","0"
"0xfff934217820","      MOV R2, 0x125c0","0"
"0xfff934217830","      CALL.REL.NOINC 0xfff9342189f0","0"
"0xfff934217840","      NOP","512"
"0xfff934217850","      EXIT","512"
"0xfff934217860","      BSSY B3, 0xfff9342178f0","0"
"0xfff934217870","      IMAD.MOV.U32 R2, RZ, RZ, R4","0"
"0xfff934217880","      IMAD.MOV.U32 R6, RZ, RZ, RZ","0"
"0xfff934217890","      IMAD.MOV.U32 R7, RZ, RZ, 0x1f","0"
"0xfff9342178a0","      IMAD.MOV.U32 R5, RZ, RZ, -0x1","0"
"0xfff9342178b0","      WARPSYNC.COLLECTIVE R5, 0xfff9342178e0","0"
"0xfff9342178c0","      SHFL.IDX P0, R147, R2, R6, R7","0"
"0xfff9342178d0","      ENDCOLLECTIVE","0"
"0xfff9342178e0","      BSYNC B3","0"
"0xfff9342178f0","      IMAD.MOV.U32 R2, RZ, RZ, R8","0"
"0xfff934217900","      IMAD.MOV.U32 R6, RZ, RZ, RZ","0"
"0xfff934217910","      IMAD.MOV.U32 R7, RZ, RZ, 0x1f","0"
"0xfff934217920","      IMAD.MOV.U32 R5, RZ, RZ, -0x1","0"
"0xfff934217930","      IMAD.MOV.U32 R4, RZ, RZ, R147","0"
"0xfff934217940","      WARPSYNC.COLLECTIVE R5, 0xfff934217970","0"
"0xfff934217950","      SHFL.IDX P0, R147, R2, R6, R7","0"
"0xfff934217960","      ENDCOLLECTIVE","0"
"0xfff934217970","      BRA 0xfff934207530","0"
"0xfff934217980","      YIELD","0"
"0xfff934217990","      SYNCS.PHASECHK.TRANS64.TRYWAIT P0, [R5+URZ], R2","0"
"0xfff9342179a0","@!P0  BRA 0xfff934217980","0"
"0xfff9342179b0","      BRA 0xfff934207600","0"
"0xfff9342179c0","      YIELD","21941"
"0xfff9342179d0","      SYNCS.PHASECHK.TRANS64.TRYWAIT P0, [R4+URZ], R5","21941"
"0xfff9342179e0","@!P0  BRA 0xfff9342179c0","21941"
"0xfff9342179f0","      BRA 0xfff9342077b0","2048"
"0xfff934217a00","      YIELD","17728"
"0xfff934217a10","      SYNCS.PHASECHK.TRANS64.TRYWAIT P0, [R161+URZ], R2","17728"
"0xfff934217a20","@!P0  BRA 0xfff934217a00","17728"
"0xfff934217a30","      BRA 0xfff9342079a0","3403"
"0xfff934217a40","      BSSY B3, 0xfff934217aa0","0"
"0xfff934217a50","      IMAD.MOV.U32 R5, RZ, RZ, -0x1","0"
"0xfff934217a60","      WARPSYNC.COLLECTIVE R5, 0xfff934217a90","0"
"0xfff934217a70","      NOP","0"
"0xfff934217a80","      ENDCOLLECTIVE","0"
"0xfff934217a90","      BSYNC B3","0"
"0xfff934217aa0","      BRA 0xfff93420d440","0"
"0xfff934217ab0","      BSSY B3, 0xfff934217b10","0"
"0xfff934217ac0","      IMAD.MOV.U32 R5, RZ, RZ, -0x1","0"
"0xfff934217ad0","      WARPSYNC.COLLECTIVE R5, 0xfff934217b00","0"
"0xfff934217ae0","      NOP","0"
"0xfff934217af0","      ENDCOLLECTIVE","0"
"0xfff934217b00","      BSYNC B3","0"
"0xfff934217b10","      BRA 0xfff93420d9f0","0"
"0xfff934217b20","      SYNCS.PHASECHK.TRANS64.TRYWAIT P0, [UR12], R2","40"
"0xfff934217b30","@!P0  BRA 0xfff934217b20","40"
"0xfff934217b40","      BRA 0xfff93420e1f0","26"
"0xfff934217b50","      SYNCS.PHASECHK.TRANS64.TRYWAIT P0, [UR48], R3","368756"
"0xfff934217b60","@!P0  BRA 0xfff934217b50","368756"
"0xfff934217b70","      BRA 0xfff93420e270","7680"
"0xfff934217b80","      SYNCS.PHASECHK.TRANS64.TRYWAIT P0, [UR57], R4","0"
"0xfff934217b90","@!P0  BRA 0xfff934217b80","0"
"0xfff934217ba0","      BRA 0xfff93420e2d0","0"
"0xfff934217bb0","      SYNCS.PHASECHK.TRANS64.TRYWAIT P0, [R7+UR54], R4","39"
"0xfff934217bc0","@!P0  BRA 0xfff934217bb0","39"
"0xfff934217bd0","      BRA 0xfff93420e600","19"
"0xfff934217be0","      SYNCS.PHASECHK.TRANS64.TRYWAIT P0, [UR48+0x8], R5","298210"
"0xfff934217bf0","@!P0  BRA 0xfff934217be0","298210"
"0xfff934217c00","      BRA 0xfff93420e6f0","7680"
"0xfff934217c10","      SYNCS.PHASECHK.TRANS64.TRYWAIT P0, [UR59], R4","0"
"0xfff934217c20","@!P0  BRA 0xfff934217c10","0"
"0xfff934217c30","      BRA 0xfff93420e710","0"
"0xfff934217c40","      SYNCS.PHASECHK.TRANS64.TRYWAIT P0, [UR54], R4","55"
"0xfff934217c50","@!P0  BRA 0xfff934217c40","55"
"0xfff934217c60","      BRA 0xfff93420e990","31"
"0xfff934217c70","      SYNCS.PHASECHK.TRANS64.TRYWAIT P0, [UR48], R5","304416"
"0xfff934217c80","@!P0  BRA 0xfff934217c70","304416"
"0xfff934217c90","      BRA 0xfff93420ea30","7680"
"0xfff934217ca0","      SYNCS.PHASECHK.TRANS64.TRYWAIT P0, [UR57], R4","0"
"0xfff934217cb0","@!P0  BRA 0xfff934217ca0","0"
"0xfff934217cc0","      BRA 0xfff93420ea50","0"
"0xfff934217cd0","      SYNCS.PHASECHK.TRANS64.TRYWAIT P0, [R7+UR51], R4","18"
"0xfff934217ce0","@!P0  BRA 0xfff934217cd0","18"
"0xfff934217cf0","      BRA 0xfff93420ec70","15"
"0xfff934217d00","      SYNCS.PHASECHK.TRANS64.TRYWAIT P0, [UR48+0x8], R5","318798"
"0xfff934217d10","@!P0  BRA 0xfff934217d00","318798"
"0xfff934217d20","      BRA 0xfff93420ed00","7680"
"0xfff934217d30","      SYNCS.PHASECHK.TRANS64.TRYWAIT P0, [UR59], R4","0"
"0xfff934217d40","@!P0  BRA 0xfff934217d30","0"
"0xfff934217d50","      BRA 0xfff93420ed20","0"
"0xfff934217d60","      SYNCS.PHASECHK.TRANS64.TRYWAIT P0, [UR9], R2","24"
"0xfff934217d70","@!P0  BRA 0xfff934217d60","24"
"0xfff934217d80","      BRA 0xfff93420efc0","13"
"0xfff934217d90","      SYNCS.PHASECHK.TRANS64.TRYWAIT P0, [UR11], R3","76262"
"0xfff934217da0","@!P0  BRA 0xfff934217d90","76262"
"0xfff934217db0","      BRA 0xfff93420f040","1536"
"0xfff934217dc0","      SYNCS.PHASECHK.TRANS64.TRYWAIT P0, [UR57], R2","0"
"0xfff934217dd0","@!P0  BRA 0xfff934217dc0","0"
"0xfff934217de0","      BRA 0xfff93420f0a0","0"
"0xfff934217df0","      SYNCS.PHASECHK.TRANS64.TRYWAIT P0, [UR10], R4","1"
"0xfff934217e00","@!P0  BRA 0xfff934217df0","1"
"0xfff934217e10","      BRA 0xfff93420f410","1"
"0xfff934217e20","      SYNCS.PHASECHK.TRANS64.TRYWAIT P0, [UR11+0x8], R5","48948"
"0xfff934217e30","@!P0  BRA 0xfff934217e20","48948"
"0xfff934217e40","      BRA 0xfff93420f490","1024"
"0xfff934217e50","      SYNCS.PHASECHK.TRANS64.TRYWAIT P0, [UR47], R4","0"
"0xfff934217e60","@!P0  BRA 0xfff934217e50","0"
"0xfff934217e70","      BRA 0xfff93420f4b0","0"
"0xfff934217e80","      SYNCS.PHASECHK.TRANS64.TRYWAIT P0, [UR10], R4","16"
"0xfff934217e90","@!P0  BRA 0xfff934217e80","16"
"0xfff934217ea0","      BRA 0xfff93420f790","8"
"0xfff934217eb0","      SYNCS.PHASECHK.TRANS64.TRYWAIT P0, [UR11], R5","29436"
"0xfff934217ec0","@!P0  BRA 0xfff934217eb0","29436"
"0xfff934217ed0","      BRA 0xfff93420f800","512"
"0xfff934217ee0","      SYNCS.PHASECHK.TRANS64.TRYWAIT P0, [UR57], R4","0"
"0xfff934217ef0","@!P0  BRA 0xfff934217ee0","0"
"0xfff934217f00","      BRA 0xfff93420f820","0"
"0xfff934217f10","      IMAD.MOV.U32 R5, RZ, RZ, -0x1","0"
"0xfff934217f20","      WARPSYNC.COLLECTIVE R5, 0xfff934217f60","0"
"0xfff934217f30","      ELECT P0, UR79, PT","0"
"0xfff934217f40","      MOV R5, UR79","0"
"0xfff934217f50","      ENDCOLLECTIVE","0"
"0xfff934217f60","      BRA 0xfff93420fae0","0"
"0xfff934217f70","      YIELD","0"
"0xfff934217f80","      SYNCS.PHASECHK.TRANS64.TRYWAIT P2, [R8+URZ], R5","0"
"0xfff934217f90","@!P2  BRA 0xfff934217f70","0"
"0xfff934217fa0","      BRA 0xfff9342106f0","0"
"0xfff934217fb0","      YIELD","0"
"0xfff934217fc0","      SYNCS.PHASECHK.TRANS64.TRYWAIT P2, [R4+URZ], R3","0"
"0xfff934217fd0","@!P2  BRA 0xfff934217fb0","0"
"0xfff934217fe0","      BRA 0xfff934210a80","0"
"0xfff934217ff0","      YIELD","0"
"0xfff934218000","      SYNCS.PHASECHK.TRANS64.TRYWAIT P2, [R4+URZ], R3","0"
"0xfff934218010","@!P2  BRA 0xfff934217ff0","0"
"0xfff934218020","      BRA 0xfff934210c30","0"
"0xfff934218030","      YIELD","399662"
"0xfff934218040","      SYNCS.PHASECHK.TRANS64.TRYWAIT P2, [R107+URZ], R106","399662"
"0xfff934218050","@!P2  BRA 0xfff934218030","399662"
"0xfff934218060","      BRA 0xfff934211030","15888"
"0xfff934218070","      BSSY B3, 0xfff9342180d0","14880"
"0xfff934218080","      IMAD.MOV.U32 R5, RZ, RZ, -0x1","14880"
"0xfff934218090","      WARPSYNC.COLLECTIVE R5, 0xfff9342180c0","14880"
"0xfff9342180a0","      NOP","7440"
"0xfff9342180b0","      ENDCOLLECTIVE","7440"
"0xfff9342180c0","      BSYNC B3","14880"
"0xfff9342180d0","      BRA 0xfff934211070","14880"
"0xfff9342180e0","      YIELD","82665"
"0xfff9342180f0","      SYNCS.PHASECHK.TRANS64.TRYWAIT P2, [R107+URZ], R4","82665"
"0xfff934218100","@!P2  BRA 0xfff9342180e0","82665"
"0xfff934218110","      BRA 0xfff934211640","14937"
"0xfff934218120","      BSSY B3, 0xfff934218180","14880"
"0xfff934218130","      IMAD.MOV.U32 R5, RZ, RZ, -0x1","14880"
"0xfff934218140","      WARPSYNC.COLLECTIVE R5, 0xfff934218170","14880"
"0xfff934218150","      NOP","7440"
"0xfff934218160","      ENDCOLLECTIVE","7440"
"0xfff934218170","      BSYNC B3","14880"
"0xfff934218180","      BRA 0xfff934211680","14880"
"0xfff934218190","      YIELD","24215"
"0xfff9342181a0","      SYNCS.PHASECHK.TRANS64.TRYWAIT P2, [R107+URZ], R106","24215"
"0xfff9342181b0","@!P2  BRA 0xfff934218190","24215"
"0xfff9342181c0","      BRA 0xfff9342116f0","14880"
"0xfff9342181d0","      BSSY B3, 0xfff934218230","14880"
"0xfff9342181e0","      IMAD.MOV.U32 R5, RZ, RZ, -0x1","14880"
"0xfff9342181f0","      WARPSYNC.COLLECTIVE R5, 0xfff934218220","14880"
"0xfff934218200","      NOP","7440"
"0xfff934218210","      ENDCOLLECTIVE","7440"
"0xfff934218220","      BSYNC B3","14880"
"0xfff934218230","      BRA 0xfff934211730","14880"
"0xfff934218240","      IMAD.MOV.U32 R5, RZ, RZ, -0x1","0"
"0xfff934218250","      WARPSYNC.COLLECTIVE R5, 0xfff934218290","0"
"0xfff934218260","      ELECT P0, UR79, PT","0"
"0xfff934218270","      MOV R5, UR79","0"
"0xfff934218280","      ENDCOLLECTIVE","0"
"0xfff934218290","      BRA 0xfff9342119d0","0"
"0xfff9342182a0","      YIELD","0"
"0xfff9342182b0","      SYNCS.PHASECHK.TRANS64.TRYWAIT P1, [R48+URZ], R45","0"
"0xfff9342182c0","@!P1  BRA 0xfff9342182a0","0"
"0xfff9342182d0","      BRA 0xfff9342123f0","0"
"0xfff9342182e0","      YIELD","8583"
"0xfff9342182f0","      SYNCS.PHASECHK.TRANS64.TRYWAIT P1, [R59+URZ], R46","8583"
"0xfff934218300","@!P1  BRA 0xfff9342182e0","8583"
"0xfff934218310","      BRA 0xfff934212460","512"
"0xfff934218320","      YIELD","0"
"0xfff934218330","      SYNCS.PHASECHK.TRANS64.TRYWAIT P1, [R47+URZ], R46","0"
"0xfff934218340","@!P1  BRA 0xfff934218320","0"
"0xfff934218350","      BRA 0xfff9342124e0","0"
"0xfff934218360","      YIELD","6485"
"0xfff934218370","      SYNCS.PHASECHK.TRANS64.TRYWAIT P1, [R48+URZ], R45","6485"
"0xfff934218380","@!P1  BRA 0xfff934218360","6485"
"0xfff934218390","      BRA 0xfff934212580","512"
"0xfff9342183a0","      YIELD","2022"
"0xfff9342183b0","      SYNCS.PHASECHK.TRANS64.TRYWAIT P1, [R50+URZ], R21","2022"
"0xfff9342183c0","@!P1  BRA 0xfff9342183a0","2022"
"0xfff9342183d0","      BRA 0xfff9342125b0","512"
"0xfff9342183e0","      YIELD","6881"
"0xfff9342183f0","      SYNCS.PHASECHK.TRANS64.TRYWAIT P1, [R46+URZ], R21","6881"
"0xfff934218400","@!P1  BRA 0xfff9342183e0","6881"
"0xfff934218410","      BRA 0xfff934212e20","16"
"0xfff934218420","      YIELD","15550"
"0xfff934218430","      SYNCS.PHASECHK.TRANS64.TRYWAIT P2, [R47+URZ], R48","15550"
"0xfff934218440","@!P2  BRA 0xfff934218420","15550"
"0xfff934218450","      BRA 0xfff934213260","496"
"0xfff934218460","      YIELD","2019"
"0xfff934218470","      SYNCS.PHASECHK.TRANS64.TRYWAIT P2, [R49+URZ], R46","2019"
"0xfff934218480","@!P2  BRA 0xfff934218460","2019"
"0xfff934218490","      BRA 0xfff934213290","496"
"0xfff9342184a0","      YIELD","169297"
"0xfff9342184b0","      SYNCS.PHASECHK.TRANS64.TRYWAIT P2, [R47+URZ], R46","169297"
"0xfff9342184c0","@!P2  BRA 0xfff9342184a0","169297"
"0xfff9342184d0","      BRA 0xfff9342138b0","496"
"0xfff9342184e0","      YIELD","1653000"
"0xfff9342184f0","      SYNCS.PHASECHK.TRANS64.TRYWAIT P2, [R50+URZ], R21","1653000"
"0xfff934218500","@!P2  BRA 0xfff9342184e0","1653000"
"0xfff934218510","      BRA 0xfff934213c50","7440"
"0xfff934218520","      YIELD","1586872"
"0xfff934218530","      SYNCS.PHASECHK.TRANS64.TRYWAIT P2, [R50+URZ], R61","1586872"
"0xfff934218540","@!P2  BRA 0xfff934218520","1586872"
"0xfff934218550","      BRA 0xfff934213db0","7440"
"0xfff934218560","      YIELD","9606"
"0xfff934218570","      SYNCS.PHASECHK.TRANS64.TRYWAIT P2, [R58+URZ], R51","9606"
"0xfff934218580","@!P2  BRA 0xfff934218560","9606"
"0xfff934218590","      BRA 0xfff934213e70","7288"
"0xfff9342185a0","      YIELD","0"
"0xfff9342185b0","      SYNCS.PHASECHK.TRANS64.TRYWAIT P2, [R60+URZ], R49","0"
"0xfff9342185c0","@!P2  BRA 0xfff9342185a0","0"
"0xfff9342185d0","      BRA 0xfff934213eb0","0"
"0xfff9342185e0","      YIELD","122625"
"0xfff9342185f0","      SYNCS.PHASECHK.TRANS64.TRYWAIT P2, [R50+URZ], R49","122625"
"0xfff934218600","@!P2  BRA 0xfff9342185e0","122625"
"0xfff934218610","      BRA 0xfff934214540","5052"
"0xfff934218620","      YIELD","100672"
"0xfff934218630","      SYNCS.PHASECHK.TRANS64.TRYWAIT P1, [R48+URZ], R47","100672"
"0xfff934218640","@!P1  BRA 0xfff934218620","100672"
"0xfff934218650","      BRA 0xfff934214940","496"
"0xfff934218660","      YIELD","28051"
"0xfff934218670","      SYNCS.PHASECHK.TRANS64.TRYWAIT P1, [R48+URZ], R47","28051"
"0xfff934218680","@!P1  BRA 0xfff934218660","28051"
"0xfff934218690","      BRA 0xfff934214a30","490"
"0xfff9342186a0","      YIELD","617"
"0xfff9342186b0","      SYNCS.PHASECHK.TRANS64.TRYWAIT P2, [R46+URZ], R21","617"
"0xfff9342186c0","@!P2  BRA 0xfff9342186a0","617"
"0xfff9342186d0","      BRA 0xfff934214f60","16"
"0xfff9342186e0","      YIELD","60035"
"0xfff9342186f0","      SYNCS.PHASECHK.TRANS64.TRYWAIT P2, [R46+URZ], R21","60035"
"0xfff934218700","@!P2  BRA 0xfff9342186e0","60035"
"0xfff934218710","      BRA 0xfff934215070","482"
"0xfff934218720","      YIELD","0"
"0xfff934218730","      SYNCS.PHASECHK.TRANS64.TRYWAIT P1, [R46+URZ], R45","0"
"0xfff934218740","@!P1  BRA 0xfff934218720","0"
"0xfff934218750","      BRA 0xfff934215250","0"
"0xfff934218760","      YIELD","0"
"0xfff934218770","      SYNCS.PHASECHK.TRANS64.TRYWAIT P1, [R48+URZ], R21","0"
"0xfff934218780","@!P1  BRA 0xfff934218760","0"
"0xfff934218790","      BRA 0xfff934215270","0"
"0xfff9342187a0","      YIELD","0"
"0xfff9342187b0","      SYNCS.PHASECHK.TRANS64.TRYWAIT P1, [R46+URZ], R21","0"
"0xfff9342187c0","@!P1  BRA 0xfff9342187a0","0"
"0xfff9342187d0","      BRA 0xfff9342152e0","0"
"0xfff9342187e0","      YIELD","0"
"0xfff9342187f0","      SYNCS.PHASECHK.TRANS64.TRYWAIT P1, [R48+URZ], R21","0"
"0xfff934218800","@!P1  BRA 0xfff9342187e0","0"
"0xfff934218810","      BRA 0xfff934215350","0"
"0xfff934218820","      SYNCS.PHASECHK.TRANS64.TRYWAIT P0, [R43+URZ], R8","121071"
"0xfff934218830","@!P0  BRA 0xfff934218820","121071"
"0xfff934218840","      BRA 0xfff934216030","2048"
"0xfff934218850","      SYNCS.PHASECHK.TRANS64.TRYWAIT P0, [R42+URZ], R5","41865"
"0xfff934218860","@!P0  BRA 0xfff934218850","41865"
"0xfff934218870","      BRA 0xfff9342160d0","2048"
"0xfff934218880","      SHF.L.U32 R4, R37, 0x1f, RZ","31744"
"0xfff934218890","      YIELD","1039290"
"0xfff9342188a0","      SYNCS.PHASECHK.TRANS64.TRYWAIT P0, [R43+URZ], R4","1039290"
"0xfff9342188b0","@!P0  BRA 0xfff934218890","1039290"
"0xfff9342188c0","      BRA 0xfff9342161e0","31744"
"0xfff9342188d0","      SYNCS.PHASECHK.TRANS64.TRYWAIT P0, [R42+URZ], R49","390667"
"0xfff9342188e0","@!P0  BRA 0xfff9342188d0","390667"
"0xfff9342188f0","      BRA 0xfff934216900","31744"
"0xfff934218900","      YIELD","10605"
"0xfff934218910","      SYNCS.PHASECHK.TRANS64.TRYWAIT P0, [R43+URZ], R4","10605"
"0xfff934218920","@!P0  BRA 0xfff934218900","10605"
"0xfff934218930","      BRA 0xfff934216a60","640"
"0xfff934218940","      YIELD","0"
"0xfff934218950","      SYNCS.PHASECHK.TRANS64.TRYWAIT P0, [R44+URZ], R7","0"
"0xfff934218960","@!P0  BRA 0xfff934218940","0"
"0xfff934218970","      BRA 0xfff934216bb0","0"
"0xfff934218980","      BPT.TRAP 0x1","0"
"0xfff934218990","      IMAD.MOV.U32 R3, RZ, RZ, 0x0","0"
"0xfff9342189a0","      RET.REL.NODEC R2, 0xfff934205280","0"
"0xfff9342189b0","      BPT.TRAP 0x1","0"
"0xfff9342189c0","      IMAD.MOV.U32 R2, RZ, RZ, R4","0"
"0xfff9342189d0","      IMAD.MOV.U32 R3, RZ, RZ, 0x0","0"
"0xfff9342189e0","      RET.REL.NODEC R2, 0xfff934205280","0"
"0xfff9342189f0","      BPT.TRAP 0x1","0"
"0xfff934218a00","      IMAD.MOV.U32 R3, RZ, RZ, 0x0","0"
"0xfff934218a10","      RET.REL.NODEC R2, 0xfff934205280","0"
"0xfff934218a20","      BRA 0xfff934218a20","0"
"0xfff934218a30","      NOP","0"
"0xfff934218a40","      NOP","0"
"0xfff934218a50","      NOP","0"
"0xfff934218a60","      NOP","0"
"0xfff934218a70","      NOP","0"
"0xfff934218a80","      NOP","0"
"0xfff934218a90","      NOP","0"
"0xfff934218aa0","      NOP","0"
"0xfff934218ab0","      NOP","0"
"0xfff934218ac0","      NOP","0"
"0xfff934218ad0","      NOP","0"
"0xfff934218ae0","      NOP","0"
"0xfff934218af0","      NOP","0"
